id_aviso,fuente,tipo_operacion,tipo_inmueble,titulo,precio_uf,precio_clp,comuna,provincia,superficie_m2,dormitorios,banos,url,fecha_primera_vista,fecha_ultima_vista
DEMO-00200,demo,venta,casa,Casa 3D 2B en Chiguayante,3310.0,130745000,Chiguayante,Concepción,,3,2,https://example.invalid/demo/00200,2026-08-28,2026-09-01
DEMO-01563,demo,venta,casa,Casa 6D 4B en Los Ángeles,7686.0,303597000,Los Ángeles,Biobío,228 m²,6,4,https://example.invalid/demo/01563,2026-05-30,2026-07-18
DEMO-02099,demo,venta,casa,Casa 4D 2B en San Pedro de la Paz,7031.0,277724500,San Pedro de la Paz,Concepción,129 m²,4,2,https://example.invalid/demo/02099,2026-05-20,2026-06-01
DEMO-02581,demo,venta,casa,Casa 6D 4B en Talcahuano,7301.0,288389500,Talcahuano,Concepción,210 m²,6,4,https://example.invalid/demo/02581,2026-07-12,2026-08-28
DEMO-00284,demo,venta,casa,Casa 4D 2B en Chiguayante,5255.0,207572500,Chiguayante,Concepción,155 m²,4,2,https://example.invalid/demo/00284,2026-06-05,2026-06-22
DEMO-01244,demo,venta,casa,Casa 3D 2B en Coronel,3677.0,145241500,Coronel,Concepción,120 m²,3,2,https://example.invalid/demo/01244,2026-08-26,2026-09-01
DEMO-02779,demo,venta,departamento,Depto 3D 2B en Talcahuano,4293.0,169573500,Talcahuano,Concepción,86 m²,3,2,https://example.invalid/demo/02779,2026-05-18,2026-06-01
DEMO-00773,demo,venta,casa,Casa 2D 1B en Concepción,3709.0,146505500,Concepción,Concepción,76 m²,2,1,https://example.invalid/demo/00773,2026-06-09,2026-06-30
DEMO-00012,demo,venta,casa,Casa 5D 3B en Arauco,3487.0,137736500,Arauco,Arauco,163 m²,5,3,https://example.invalid/demo/00012,2026-07-02,2026-08-22
DEMO-00833,demo,venta,casa,Casa 4D 2B en Concepción,10532.0,416014000,Concepción,Concepción,144 m²,4,2,https://example.invalid/demo/00833,2026-05-13,2026-05-26
DEMO-01807,demo,venta,departamento,Depto 4D 2B en Los Ángeles,5050.0,199475000,Los Ángeles,Biobío,114 m²,4,2,https://example.invalid/demo/01807,2026-06-10,2026-07-05
DEMO-02599,demo,venta,casa,Casa 3D 2B en Talcahuano,2552.0,100804000,Talcahuano,Concepción,104 m²,3,2,https://example.invalid/demo/02599,2026-06-05,2026-06-18
DEMO-01308,demo,venta,casa,Casa 5D 3B en Florida,2457.0,97051500,Florida,Concepción,185 m²,5,3,https://example.invalid/demo/01308,2026-07-10,2026-07-11
DEMO-00808,demo,venta,casa,Casa 4D 2B en Concepción,6204.0,245058000,Concepción,Concepción,,4,2,https://example.invalid/demo/00808,2026-08-21,2026-09-01
DEMO-01117,demo,venta,departamento,Depto 4D 2B en Concepción,12249.0,483835500,Concepción,Concepción,,4,2,https://example.invalid/demo/01117,2026-06-23,2026-07-21
DEMO-02073,demo,venta,casa,Casa 2D 1B en San Pedro de la Paz,3084.0,121818000,San Pedro de la Paz,Concepción,72 m²,2,1,https://example.invalid/demo/02073,2026-08-28,2026-09-01
DEMO-00344,demo,venta,casa,Casa 5D 3B en Chiguayante,6987.0,275986500,Chiguayante,Concepción,178 m²,5,3,https://example.invalid/demo/00344,2026-06-29,2026-07-29
DEMO-00667,demo,venta,departamento,Depto 4D 2B en Chiguayante,6960.0,274920000,Chiguayante,Concepción,124 m²,4,2,https://example.invalid/demo/00667,2026-09-01,2026-09-01
DEMO-00347,demo,venta,casa,Casa 6D 4B en Chiguayante,7917.0,312721500,Chiguayante,Concepción,240 m²,6,4,https://example.invalid/demo/00347,2026-07-22,2026-07-29
DEMO-02845,demo,venta,departamento,Depto 3D 2B en Talcahuano,2284.0,90218000,Talcahuano,Concepción,,3,2,https://example.invalid/demo/02845,2026-08-20,2026-08-26
DEMO-01884,demo,venta,casa,Casa 5D 3B en Penco,5836.0,230522000,Penco,Concepción,180 m²,5,3,https://example.invalid/demo/01884,2026-07-23,2026-08-29
DEMO-01023,demo,venta,departamento,Depto 2D 1B en Concepción,3794.0,149863000,Concepción,Concepción,62 m²,2,1,https://example.invalid/demo/01023,2026-08-02,2026-08-11
DEMO-00761,demo,venta,casa,Casa 6D 4B en Concepción,19784.0,781468000,Concepción,Concepción,234 m²,6,4,https://example.invalid/demo/00761,2026-07-25,2026-09-01
DEMO-01584,demo,venta,casa,Casa 2D 1B en Los Ángeles,1944.0,76788000,Los Ángeles,Biobío,71 m²,2,1,https://example.invalid/demo/01584,2026-07-08,2026-08-31
DEMO-02804,demo,venta,departamento,Depto 1D 1B en Talcahuano,1191.0,47044500,Talcahuano,Concepción,37 m²,1,1,https://example.invalid/demo/02804,2026-08-28,2026-09-01
DEMO-02520,demo,venta,departamento,Depto 3D 2B en San Pedro de la Paz,4639.0,183240500,San Pedro de la Paz,Concepción,88 m²,3,2,https://example.invalid/demo/02520,2026-07-31,2026-08-07
DEMO-00405,demo,venta,casa,Casa 4D 2B en Chiguayante,5363.0,211838500,Chiguayante,Concepción,145 m²,4,2,https://example.invalid/demo/00405,2026-05-21,2026-06-26
DEMO-00399,demo,venta,casa,Casa 6D 4B en Chiguayante,7007.0,276776500,Chiguayante,Concepción,,6,4,https://example.invalid/demo/00399,2026-06-19,2026-08-08
DEMO-00945,demo,venta,casa,Casa 6D 4B en Concepción,11943.0,471748500,Concepción,Concepción,251 m²,6,4,https://example.invalid/demo/00945,2026-05-15,2026-07-07
DEMO-00355,demo,venta,casa,Casa 3D 2B en Chiguayante,2722.0,107519000,Chiguayante,Concepción,,3,2,https://example.invalid/demo/00355,2026-05-21,2026-06-25
DEMO-02031,demo,venta,casa,Casa 5D 3B en San Pedro de la Paz,7437.0,293761500,San Pedro de la Paz,Concepción,,5,3,https://example.invalid/demo/02031,2026-05-26,2026-06-03
DEMO-00847,demo,venta,casa,Casa 5D 3B en Concepción,5853.0,231193500,Concepción,Concepción,,5,3,https://example.invalid/demo/00847,2026-06-25,2026-06-27
DEMO-02381,demo,venta,departamento,Depto 3D 2B en San Pedro de la Paz,5586.0,220647000,San Pedro de la Paz,Concepción,93 m²,3,2,https://example.invalid/demo/02381,2026-05-04,2026-06-21
DEMO-01896,demo,venta,casa,Casa 3D 2B en Penco,3168.0,125136000,Penco,Concepción,118 m²,3,2,https://example.invalid/demo/01896,2026-08-20,2026-09-01
DEMO-02280,demo,venta,departamento,Depto 4D 2B en San Pedro de la Paz,6561.0,259159500,San Pedro de la Paz,Concepción,,4,2,https://example.invalid/demo/02280,2026-06-15,2026-07-13
DEMO-00850,demo,venta,casa,Casa 5D 3B en Concepción,9020.0,356290000,Concepción,Concepción,,5,3,https://example.invalid/demo/00850,2026-06-11,2026-06-16
DEMO-03130,demo,venta,departamento,Depto 4D 2B en Tomé,3032.0,119764000,Tomé,Concepción,101 m²,4,2,https://example.invalid/demo/03130,2026-06-16,2026-07-16
DEMO-00794,demo,venta,casa,Casa 5D 3B en Concepción,5316.0,209982000,Concepción,Concepción,171 m²,5,3,https://example.invalid/demo/00794,2026-05-05,2026-05-11
DEMO-00816,demo,venta,casa,Casa 6D 4B en Concepción,11349.0,448285500,Concepción,Concepción,244 m²,6,4,https://example.invalid/demo/00816,2026-05-28,2026-05-29
DEMO-01553,demo,venta,casa,Casa 3D 2B en Los Ángeles,3442.0,135959000,Los Ángeles,Biobío,89 m²,3,2,https://example.invalid/demo/01553,2026-06-02,2026-07-03
DEMO-02231,demo,venta,casa,Casa 6D 4B en San Pedro de la Paz,8936.0,352972000,San Pedro de la Paz,Concepción,193 m²,6,4,https://example.invalid/demo/02231,2026-08-30,2026-09-01
DEMO-01792,demo,venta,departamento,Depto 2D 1B en Los Ángeles,2448.0,96696000,Los Ángeles,Biobío,53 m²,2,1,https://example.invalid/demo/01792,2026-06-29,2026-07-09
DEMO-02425,demo,venta,departamento,Depto 3D 2B en San Pedro de la Paz,4612.0,182174000,San Pedro de la Paz,Concepción,76 m²,3,2,https://example.invalid/demo/02425,2026-08-09,2026-08-17
DEMO-01469,demo,venta,departamento,Depto 3D 2B en Hualpén,2721.0,107479500,Hualpén,Concepción,,3,2,https://example.invalid/demo/01469,2026-06-30,2026-07-10
DEMO-01477,demo,venta,departamento,Depto 2D 1B en Hualpén,1696.0,66992000,Hualpén,Concepción,61 m²,2,1,https://example.invalid/demo/01477,2026-07-27,2026-09-01
DEMO-00324,demo,venta,casa,Casa 5D 3B en Chiguayante,4391.0,173444500,Chiguayante,Concepción,179 m²,5,3,https://example.invalid/demo/00324,2026-08-14,2026-09-01
DEMO-03035,demo,venta,casa,Casa 6D 4B en Tomé,6072.0,239844000,Tomé,Concepción,199 m²,6,4,https://example.invalid/demo/03035,2026-08-26,2026-08-30
DEMO-02580,demo,venta,casa,Casa 3D 2B en Talcahuano,3706.0,146387000,Talcahuano,Concepción,90 m²,3,2,https://example.invalid/demo/02580,2026-06-20,2026-07-27
DEMO-01909,demo,venta,casa,Casa 6D 4B en Penco,7600.0,300200000,Penco,Concepción,,6,4,https://example.invalid/demo/01909,2026-07-01,2026-08-24
DEMO-02909,demo,venta,casa,Casa 6D 4B en Tomé,7398.0,292221000,Tomé,Concepción,,6,4,https://example.invalid/demo/02909,2026-08-05,2026-08-16
DEMO-01485,demo,venta,departamento,Depto 2D 1B en Hualpén,2227.0,87966500,Hualpén,Concepción,65 m²,2,1,https://example.invalid/demo/01485,2026-06-10,2026-07-23
DEMO-00244,demo,venta,casa,Casa 6D 4B en Chiguayante,8749.0,345585500,Chiguayante,Concepción,237 m²,6,4,https://example.invalid/demo/00244,2026-05-15,2026-07-12
DEMO-01791,demo,venta,departamento,Depto 2D 1B en Los Ángeles,3174.0,125373000,Los Ángeles,Biobío,,2,1,https://example.invalid/demo/01791,2026-06-16,2026-07-31
DEMO-02155,demo,venta,casa,Casa 5D 3B en San Pedro de la Paz,6593.0,260423500,San Pedro de la Paz,Concepción,167 m²,5,3,https://example.invalid/demo/02155,2026-08-26,2026-09-01
DEMO-01596,demo,venta,casa,Casa 4D 2B en Los Ángeles,6402.0,252879000,Los Ángeles,Biobío,131 m²,4,2,https://example.invalid/demo/01596,2026-06-09,2026-07-30
DEMO-00320,demo,venta,casa,Casa 6D 4B en Chiguayante,9719.0,383900500,Chiguayante,Concepción,,6,4,https://example.invalid/demo/00320,2026-05-10,2026-07-09
DEMO-01854,demo,venta,departamento,Depto 3D 2B en Los Ángeles,2987.0,117986500,Los Ángeles,Biobío,97 m²,3,2,https://example.invalid/demo/01854,2026-05-16,2026-06-21
DEMO-01256,demo,venta,casa,Casa 3D 2B en Coronel,2796.0,110442000,Coronel,Concepción,93 m²,3,2,https://example.invalid/demo/01256,2026-07-01,2026-08-05
DEMO-02412,demo,venta,departamento,Depto 3D 2B en San Pedro de la Paz,4196.0,165742000,San Pedro de la Paz,Concepción,80 m²,3,2,https://example.invalid/demo/02412,2026-05-26,2026-06-25
DEMO-02222,demo,venta,casa,Casa 6D 4B en San Pedro de la Paz,9724.0,384098000,San Pedro de la Paz,Concepción,205 m²,6,4,https://example.invalid/demo/02222,2026-07-28,2026-08-31
DEMO-00974,demo,venta,departamento,Depto 2D 1B en Concepción,3435.0,135682500,Concepción,Concepción,56 m²,2,1,https://example.invalid/demo/00974,2026-08-06,2026-08-12
DEMO-00470,demo,venta,departamento,Depto 3D 2B en Chiguayante,3908.0,154366000,Chiguayante,Concepción,,3,2,https://example.invalid/demo/00470,2026-06-20,2026-06-27
DEMO-01356,demo,venta,casa,Casa 6D 4B en Hualpén,7281.0,287599500,Hualpén,Concepción,249 m²,6,4,https://example.invalid/demo/01356,2026-05-06,2026-05-19
DEMO-02588,demo,venta,casa,Casa 6D 4B en Talcahuano,8432.0,333064000,Talcahuano,Concepción,277 m²,6,4,https://example.invalid/demo/02588,2026-05-06,2026-05-21
DEMO-00162,demo,venta,casa,Casa 3D 2B en Chiguayante,3519.0,139000500,Chiguayante,Concepción,121 m²,3,2,https://example.invalid/demo/00162,2026-05-08,2026-05-14
DEMO-01474,demo,venta,departamento,Depto 3D 2B en Hualpén,3708.0,146466000,Hualpén,Concepción,78 m²,3,2,https://example.invalid/demo/01474,2026-06-01,2026-07-17
DEMO-01677,demo,venta,casa,Casa 6D 4B en Los Ángeles,46,1817000,Los Ángeles,Biobío,198 m²,6,4,https://example.invalid/demo/01677,2026-05-21,2026-06-30
DEMO-02761,demo,venta,departamento,Depto 4D 2B en Talcahuano,3006.0,118737000,Talcahuano,Concepción,101 m²,4,2,https://example.invalid/demo/02761,2026-06-16,2026-08-07
DEMO-02314,demo,venta,departamento,Depto 2D 1B en San Pedro de la Paz,3586.0,141647000,San Pedro de la Paz,Concepción,,2,1,https://example.invalid/demo/02314,2026-07-19,2026-09-01
DEMO-03055,demo,venta,casa,Casa 5D 3B en Tomé,5295.0,209152500,Tomé,Concepción,175 m²,5,3,https://example.invalid/demo/03055,2026-08-28,2026-09-01
DEMO-01040,demo,venta,departamento,Depto 3D 2B en Concepción,3820.0,150890000,Concepción,Concepción,75 m²,3,2,https://example.invalid/demo/01040,2026-06-06,2026-06-06
DEMO-01722,demo,venta,departamento,Depto 3D 2B en Los Ángeles,2625.0,103687500,Los Ángeles,Biobío,71 m²,3,2,https://example.invalid/demo/01722,2026-06-23,2026-07-09
DEMO-02148,demo,venta,casa,Casa 6D 4B en San Pedro de la Paz,12925.0,510537500,San Pedro de la Paz,Concepción,307 m²,6,4,https://example.invalid/demo/02148,2026-06-29,2026-08-01
DEMO-00018,demo,venta,casa,Casa 6D 4B en Cabrero,3413.0,134813500,Cabrero,Biobío,251 m²,6,4,https://example.invalid/demo/00018,2026-06-15,2026-08-04
DEMO-02422,demo,venta,departamento,Depto 4D 2B en San Pedro de la Paz,6003.0,237118500,San Pedro de la Paz,Concepción,121 m²,4,2,https://example.invalid/demo/02422,2026-08-13,2026-09-01
DEMO-02767,demo,venta,departamento,Depto 2D 1B en Talcahuano,2625.0,103687500,Talcahuano,Concepción,,2,1,https://example.invalid/demo/02767,2026-05-06,2026-05-25
DEMO-03097,demo,venta,casa,Casa 3D 2B en Tomé,3172.0,125294000,Tomé,Concepción,111 m²,3,2,https://example.invalid/demo/03097,2026-05-30,2026-07-20
DEMO-02716,demo,venta,casa,Casa 4D 2B en Talcahuano,3089.0,122015500,Talcahuano,Concepción,130 m²,4,2,https://example.invalid/demo/02716,2026-06-22,2026-07-27
DEMO-01223,demo,venta,departamento,Depto 2D 1B en Concepción,3538.0,139751000,Concepción,Concepción,46 m²,2,1,https://example.invalid/demo/01223,2026-07-29,2026-09-01
DEMO-02325,demo,venta,departamento,Depto 2D 1B en San Pedro de la Paz,2841.0,112219500,San Pedro de la Paz,Concepción,67 m²,2,1,https://example.invalid/demo/02325,2026-05-16,2026-05-21
DEMO-00712,demo,venta,casa,Casa 6D 4B en Concepción,8140.0,321530000,Concepción,Concepción,200 m²,6,4,https://example.invalid/demo/00712,2026-05-29,2026-07-10
DEMO-00690,demo,arriendo,casa,Casa 5D 3B en Concepción,48.5,1915750,Concepción,Concepción,167 m²,5,3,https://example.invalid/demo/00690,2026-08-14,2026-09-01
DEMO-02938,demo,venta,casa,Casa 6D 4B en Tomé,5463.0,215788500,Tomé,Concepción,217 m²,6,4,https://example.invalid/demo/02938,2026-08-22,2026-09-01
DEMO-00101,demo,venta,casa,Casa 5D 3B en Chiguayante,6471.0,255604500,Chiguayante,Concepción,161 m²,5,3,https://example.invalid/demo/00101,2026-07-02,2026-08-04
DEMO-02084,demo,venta,casa,Casa 4D 2B en San Pedro de la Paz,4348.0,171746000,San Pedro de la Paz,Concepción,,4,2,https://example.invalid/demo/02084,2026-05-08,2026-05-25
DEMO-02393,demo,venta,departamento,Depto 4D 2B en San Pedro de la Paz,5869.0,231825500,San Pedro de la Paz,Concepción,,4,2,https://example.invalid/demo/02393,2026-07-31,2026-09-01
DEMO-02147,demo,venta,casa,Casa 2D 1B en San Pedro de la Paz,1940.0,76630000,San Pedro de la Paz,Concepción,86 m²,2,1,https://example.invalid/demo/02147,2026-06-09,2026-07-12
DEMO-01022,demo,venta,departamento,Depto 2D 1B en Concepción,4319.0,170600500,Concepción,Concepción,53 m²,2,1,https://example.invalid/demo/01022,2026-07-11,2026-09-01
DEMO-00190,demo,venta,casa,Casa 3D 2B en Chiguayante,5427.0,214366500,Chiguayante,Concepción,114 m²,3,2,https://example.invalid/demo/00190,2026-08-09,2026-08-14
DEMO-01569,demo,venta,casa,Casa 4D 2B en Los Ángeles,6168.0,243636000,Los Ángeles,Biobío,155 m²,4,2,https://example.invalid/demo/01569,2026-05-16,2026-05-18
DEMO-01631,demo,venta,casa,Casa 4D 2B en Los Ángeles,3639.0,143740500,Los Ángeles,Biobío,148 m²,4,2,https://example.invalid/demo/01631,2026-07-02,2026-08-21
DEMO-00270,demo,venta,casa,Casa 5D 3B en Chiguayante,8592.0,339384000,Chiguayante,Concepción,172 m²,5,3,https://example.invalid/demo/00270,2026-05-30,2026-06-02
DEMO-01195,demo,venta,departamento,Depto 2D 1B en Concepción,2428.0,95906000,Concepción,Concepción,,2,1,https://example.invalid/demo/01195,2026-08-19,2026-09-01
DEMO-01268,demo,venta,casa,Casa 2D 1B en Coronel,2424.0,95748000,Coronel,Concepción,79 m²,2,1,https://example.invalid/demo/01268,2026-08-04,2026-09-01
DEMO-00680,demo,venta,departamento,Depto 3D 2B en Chiguayante,2713.0,107163500,Chiguayante,Concepción,,3,2,https://example.invalid/demo/00680,2026-06-07,2026-06-13
DEMO-02203,demo,venta,casa,Casa 3D 2B en San Pedro de la Paz,4340.0,171430000,San Pedro de la Paz,Concepción,111 m²,3,2,https://example.invalid/demo/02203,2026-07-25,2026-08-29
DEMO-01574,demo,venta,casa,Casa 6D 4B en Los Ángeles,6833.0,269903500,Los Ángeles,Biobío,216 m²,6,4,https://example.invalid/demo/01574,2026-06-04,2026-07-10
DEMO-01342,demo,venta,casa,Casa 4D 2B en Hualpén,3165.0,125017500,Hualpén,Concepción,154 m²,4,2,https://example.invalid/demo/01342,2026-08-26,2026-09-01
DEMO-02780,demo,venta,departamento,Depto 4D 2B en Talcahuano,3168.0,125136000,Talcahuano,Concepción,104 m²,4,2,https://example.invalid/demo/02780,2026-06-29,2026-08-03
DEMO-01508,demo,venta,casa,Casa 6D 4B en Hualqui,4550.0,179725000,Hualqui,Concepción,248 m²,6,4,https://example.invalid/demo/01508,2026-07-30,2026-08-19
DEMO-02487,demo,venta,departamento,Depto 5D 3B en San Pedro de la Paz,9635.0,380582500,San Pedro de la Paz,Concepción,132 m²,5,3,https://example.invalid/demo/02487,2026-07-12,2026-07-21
DEMO-02284,demo,venta,departamento,Depto 4D 2B en San Pedro de la Paz,4854.0,191733000,San Pedro de la Paz,Concepción,101 m²,4,2,https://example.invalid/demo/02284,2026-05-26,2026-05-30
DEMO-02587,demo,venta,casa,Casa 4D 2B en Talcahuano,3906.0,154287000,Talcahuano,Concepción,137 m²,4,2,https://example.invalid/demo/02587,2026-07-15,2026-09-01
DEMO-02640,demo,venta,casa,Casa 6D 4B en Talcahuano,5171.0,204254500,Talcahuano,Concepción,216 m²,6,4,https://example.invalid/demo/02640,2026-07-25,2026-09-01
DEMO-01467,demo,venta,departamento,Depto 3D 2B en Hualpén,5070.0,200265000,Hualpén,Concepción,97 m²,3,2,https://example.invalid/demo/01467,2026-07-11,2026-08-11
DEMO-00143,demo,venta,casa,Casa 3D 2B en Chiguayante,0,0,Chiguayante,Concepción,92 m²,3,2,https://example.invalid/demo/00143,2026-05-27,2026-06-17
DEMO-01395,demo,venta,departamento,Depto 3D 2B en Hualpén,3342.0,132009000,Hualpén,Concepción,78 m²,3,2,https://example.invalid/demo/01395,2026-05-16,2026-07-10
DEMO-01937,demo,venta,departamento,Depto 4D 2B en Penco,4844.0,191338000,Penco,Concepción,118 m²,4,2,https://example.invalid/demo/01937,2026-08-01,2026-09-01
DEMO-01296,demo,venta,departamento,Depto 2D 1B en Coronel,1964.0,77578000,Coronel,Concepción,64 m²,2,1,https://example.invalid/demo/01296,2026-08-23,2026-09-01
DEMO-02186,demo,venta,casa,Casa 4D 2B en San Pedro de la Paz,8464.0,334328000,San Pedro de la Paz,Concepción,138 m²,4,2,https://example.invalid/demo/02186,2026-07-23,2026-08-13
DEMO-02300,demo,venta,departamento,Depto 3D 2B en San Pedro de la Paz,4116.0,162582000,San Pedro de la Paz,Concepción,,3,2,https://example.invalid/demo/02300,2026-06-02,2026-07-27
DEMO-01923,demo,venta,casa,Casa 5D 3B en Penco,4416.0,174432000,Penco,Concepción,159 m²,5,3,https://example.invalid/demo/01923,2026-05-17,2026-05-30
DEMO-01890,demo,venta,casa,Casa 3D 2B en Penco,3726.0,147177000,Penco,Concepción,103 m²,3,2,https://example.invalid/demo/01890,2026-07-11,2026-08-27
DEMO-01891,demo,venta,casa,Casa 5D 3B en Penco,0,0,Penco,Concepción,183 m²,5,3,https://example.invalid/demo/01891,2026-08-18,2026-08-19
DEMO-00598,demo,venta,departamento,Depto 4D 2B en Chiguayante,0,0,Chiguayante,Concepción,99 m²,4,2,https://example.invalid/demo/00598,2026-08-21,2026-09-01
DEMO-02498,demo,venta,departamento,Depto 3D 2B en San Pedro de la Paz,2634.0,104043000,San Pedro de la Paz,Concepción,73 m²,3,2,https://example.invalid/demo/02498,2026-06-05,2026-06-08
DEMO-01290,demo,venta,casa,Casa 4D 2B en Coronel,2876.0,113602000,Coronel,Concepción,135 m²,4,2,https://example.invalid/demo/01290,2026-07-22,2026-08-18
DEMO-03113,demo,venta,departamento,Depto 3D 2B en Tomé,3243.0,128098500,Tomé,Concepción,95 m²,3,2,https://example.invalid/demo/03113,2026-05-13,2026-05-14
DEMO-00257,demo,venta,casa,Casa 3D 2B en Chiguayante,4437.0,175261500,Chiguayante,Concepción,91 m²,3,2,https://example.invalid/demo/00257,2026-07-29,2026-09-01
DEMO-02648,demo,venta,casa,Casa 5D 3B en Talcahuano,7368.0,291036000,Talcahuano,Concepción,192 m²,5,3,https://example.invalid/demo/02648,2026-06-13,2026-07-29
DEMO-02251,demo,venta,casa,Casa 2D 1B en San Pedro de la Paz,4414.0,174353000,San Pedro de la Paz,Concepción,,2,1,https://example.invalid/demo/02251,2026-05-25,2026-07-19
DEMO-01382,demo,venta,casa,Casa 6D 4B en Hualpén,12752.0,503704000,Hualpén,Concepción,230 m²,6,4,https://example.invalid/demo/01382,2026-06-18,2026-06-22
DEMO-01931,demo,venta,casa,Casa 4D 2B en Penco,5041.0,199119500,Penco,Concepción,156 m²,4,2,https://example.invalid/demo/01931,2026-08-26,2026-09-01
DEMO-02795,demo,venta,departamento,Depto 3D 2B en Talcahuano,2591.0,102344500,Talcahuano,Concepción,78 m²,3,2,https://example.invalid/demo/02795,2026-07-08,2026-08-07
DEMO-00542,demo,venta,departamento,Depto 2D 1B en Chiguayante,3962.0,156499000,Chiguayante,Concepción,60 m²,2,1,https://example.invalid/demo/00542,2026-05-24,2026-07-22
DEMO-01183,demo,venta,departamento,Depto 2D 1B en Concepción,4987.0,196986500,Concepción,Concepción,70 m²,2,1,https://example.invalid/demo/01183,2026-05-16,2026-07-01
DEMO-02230,demo,venta,casa,Casa 4D 2B en San Pedro de la Paz,8525.0,336737500,San Pedro de la Paz,Concepción,151 m²,4,2,https://example.invalid/demo/02230,2026-06-11,2026-07-11
DEMO-00021,demo,venta,casa,Casa 5D 3B en Cabrero,2864.0,113128000,Cabrero,Biobío,161 m²,5,3,https://example.invalid/demo/00021,2026-07-26,2026-07-31
DEMO-01951,demo,venta,departamento,Depto 4D 2B en Penco,4452.0,175854000,Penco,Concepción,,4,2,https://example.invalid/demo/01951,2026-05-04,2026-05-12
DEMO-01745,demo,venta,departamento,Depto 2D 1B en Los Ángeles,3339.0,131890500,Los Ángeles,Biobío,62 m²,2,1,https://example.invalid/demo/01745,2026-07-24,2026-08-20
DEMO-02364,demo,venta,departamento,Depto 3D 2B en San Pedro de la Paz,9904.0,391208000,San Pedro de la Paz,Concepción,87 m²,3,2,https://example.invalid/demo/02364,2026-05-27,2026-07-18
DEMO-02116,demo,venta,casa,Casa 6D 4B en San Pedro de la Paz,13059.0,515830500,San Pedro de la Paz,Concepción,215 m²,6,4,https://example.invalid/demo/02116,2026-07-01,2026-07-02
DEMO-01962,demo,venta,departamento,Depto 3D 2B en Penco,4543.0,179448500,Penco,Concepción,77 m²,3,2,https://example.invalid/demo/01962,2026-05-29,2026-07-13
DEMO-02374,demo,venta,departamento,Depto 3D 2B en San Pedro de la Paz,5731.0,226374500,San Pedro de la Paz,Concepción,80 m²,3,2,https://example.invalid/demo/02374,2026-07-09,2026-08-12
DEMO-00832,demo,venta,casa,Casa 3D 2B en Concepción,3771.0,148954500,Concepción,Concepción,100 m²,3,2,https://example.invalid/demo/00832,2026-07-12,2026-09-01
DEMO-00535,demo,venta,departamento,Depto 2D 1B en Chiguayante,2719.0,107400500,Chiguayante,Concepción,53 m²,2,1,https://example.invalid/demo/00535,2026-07-31,2026-09-01
DEMO-00423,demo,venta,casa,Casa 5D 3B en Chiguayante,6291.0,248494500,Chiguayante,Concepción,161 m²,5,3,https://example.invalid/demo/00423,2026-05-16,2026-05-24
DEMO-02811,demo,venta,departamento,Depto 4D 2B en Talcahuano,3942.0,155709000,Talcahuano,Concepción,122 m²,4,2,https://example.invalid/demo/02811,2026-07-21,2026-08-03
DEMO-02247,demo,venta,casa,Casa 4D 2B en San Pedro de la Paz,5947.0,234906500,San Pedro de la Paz,Concepción,125 m²,4,2,https://example.invalid/demo/02247,2026-08-09,2026-09-01
DEMO-00818,demo,venta,casa,Casa 3D 2B en Concepción,4390.0,173405000,Concepción,Concepción,,3,2,https://example.invalid/demo/00818,2026-05-25,2026-07-22
DEMO-03079,demo,venta,casa,Casa 4D 2B en Tomé,3163.0,124938500,Tomé,Concepción,,4,2,https://example.invalid/demo/03079,2026-08-31,2026-09-01
DEMO-00063,demo,arriendo,casa,Casa 6D 4B en Chiguayante,29.4,1161300,Chiguayante,Concepción,196 m²,6,4,https://example.invalid/demo/00063,2026-05-08,2026-06-08
DEMO-00813,demo,venta,casa,Casa 4D 2B en Concepción,8641.0,341319500,Concepción,Concepción,124 m²,4,2,https://example.invalid/demo/00813,2026-05-26,2026-06-15
DEMO-03030,demo,venta,casa,Casa 2D 1B en Tomé,0,0,Tomé,Concepción,87 m²,2,1,https://example.invalid/demo/03030,2026-06-28,2026-07-14
DEMO-00849,demo,venta,casa,Casa 4D 2B en Concepción,5898.0,232971000,Concepción,Concepción,135 m²,4,2,https://example.invalid/demo/00849,2026-07-26,2026-08-31
DEMO-01198,demo,venta,departamento,Depto 3D 2B en Concepción,5889.0,232615500,Concepción,Concepción,79 m²,3,2,https://example.invalid/demo/01198,2026-08-04,2026-09-01
DEMO-00615,demo,venta,departamento,Depto 2D 1B en Chiguayante,3182.0,125689000,Chiguayante,Concepción,59 m²,2,1,https://example.invalid/demo/00615,2026-07-28,2026-09-01
DEMO-01370,demo,venta,casa,Casa 3D 2B en Hualpén,4274.0,168823000,Hualpén,Concepción,,3,2,https://example.invalid/demo/01370,2026-07-10,2026-08-03
DEMO-01594,demo,venta,casa,Casa 4D 2B en Los Ángeles,0,0,Los Ángeles,Biobío,130 m²,4,2,https://example.invalid/demo/01594,2026-07-27,2026-08-29
DEMO-01898,demo,venta,casa,Casa 6D 4B en Penco,5552.0,219304000,Penco,Concepción,197 m²,6,4,https://example.invalid/demo/01898,2026-08-10,2026-08-13
DEMO-02941,demo,venta,casa,Casa 4D 2B en Tomé,3410.0,134695000,Tomé,Concepción,139 m²,4,2,https://example.invalid/demo/02941,2026-06-21,2026-07-28
DEMO-00872,demo,venta,casa,Casa 3D 2B en Concepción,5541.0,218869500,Concepción,Concepción,113 m²,3,2,https://example.invalid/demo/00872,2026-05-20,2026-07-12
DEMO-01967,demo,venta,departamento,Depto 5D 3B en Penco,8720.0,344440000,Penco,Concepción,132 m²,5,3,https://example.invalid/demo/01967,2026-06-05,2026-07-16
DEMO-02911,demo,venta,casa,Casa 3D 2B en Tomé,4388.0,173326000,Tomé,Concepción,115 m²,3,2,https://example.invalid/demo/02911,2026-07-22,2026-07-30
DEMO-00209,demo,venta,casa,Casa 6D 4B en Chiguayante,6965.0,275117500,Chiguayante,Concepción,244 m²,6,4,https://example.invalid/demo/00209,2026-08-17,2026-09-01
DEMO-01301,demo,venta,departamento,Depto 2D 1B en Coronel,1642.0,64859000,Coronel,Concepción,56 m²,2,1,https://example.invalid/demo/01301,2026-06-30,2026-08-06
DEMO-01044,demo,venta,departamento,Depto 4D 2B en Concepción,6581.0,259949500,Concepción,Concepción,101 m²,4,2,https://example.invalid/demo/01044,2026-05-17,2026-06-09
DEMO-02925,demo,venta,casa,Casa 3D 2B en Tomé,2999.0,118460500,Tomé,Concepción,122 m²,3,2,https://example.invalid/demo/02925,2026-07-08,2026-07-13
DEMO-00541,demo,venta,departamento,Depto 3D 2B en Chiguayante,5191.0,205044500,Chiguayante,Concepción,89 m²,3,2,https://example.invalid/demo/00541,2026-05-15,2026-06-14
DEMO-02570,demo,venta,casa,Casa 4D 2B en Santa Juana,2197.0,86781500,Santa Juana,Concepción,,4,2,https://example.invalid/demo/02570,2026-05-12,2026-07-03
DEMO-01738,demo,venta,departamento,Depto 2D 1B en Los Ángeles,2555.0,100922500,Los Ángeles,Biobío,64 m²,2,1,https://example.invalid/demo/01738,2026-06-29,2026-07-06
DEMO-01995,demo,venta,casa,Casa 3D 2B en San Pedro de la Paz,5443.0,214998500,San Pedro de la Paz,Concepción,106 m²,3,2,https://example.invalid/demo/01995,2026-07-04,2026-07-27
DEMO-02491,demo,venta,departamento,Depto 3D 2B en San Pedro de la Paz,5487.0,216736500,San Pedro de la Paz,Concepción,71 m²,3,2,https://example.invalid/demo/02491,2026-05-09,2026-07-07
DEMO-02241,demo,venta,casa,Casa 3D 2B en San Pedro de la Paz,4832.0,190864000,San Pedro de la Paz,Concepción,106 m²,3,2,https://example.invalid/demo/02241,2026-07-17,2026-09-01
DEMO-01893,demo,venta,casa,Casa 5D 3B en Penco,3044.0,120238000,Penco,Concepción,,5,3,https://example.invalid/demo/01893,2026-06-27,2026-07-26
DEMO-00035,demo,venta,casa,Casa 3D 2B en Cañete,3174.0,125373000,Cañete,Arauco,119 m²,3,2,https://example.invalid/demo/00035,2026-06-08,2026-07-13
DEMO-00345,demo,venta,casa,Casa 2D 1B en Chiguayante,2708.0,106966000,Chiguayante,Concepción,72 m²,2,1,https://example.invalid/demo/00345,2026-08-07,2026-09-01
DEMO-01378,demo,venta,casa,Casa 3D 2B en Hualpén,2987.0,117986500,Hualpén,Concepción,105 m²,3,2,https://example.invalid/demo/01378,2026-05-05,2026-06-03
DEMO-00793,demo,venta,casa,Casa 6D 4B en Concepción,12247.0,483756500,Concepción,Concepción,236 m²,6,4,https://example.invalid/demo/00793,2026-06-21,2026-07-09
DEMO-00147,demo,venta,casa,Casa 2D 1B en Chiguayante,2417.0,95471500,Chiguayante,Concepción,72 m²,2,1,https://example.invalid/demo/00147,2026-07-06,2026-08-05
DEMO-01721,demo,venta,departamento,Depto 3D 2B en Los Ángeles,3470.0,137065000,Los Ángeles,Biobío,89 m²,3,2,https://example.invalid/demo/01721,2026-08-17,2026-08-18
DEMO-01840,demo,venta,departamento,Depto 3D 2B en Los Ángeles,4410.0,174195000,Los Ángeles,Biobío,72 m²,3,2,https://example.invalid/demo/01840,2026-07-13,2026-09-01
DEMO-00223,demo,venta,casa,Casa 2D 1B en Chiguayante,2626.0,103727000,Chiguayante,Concepción,84 m²,2,1,https://example.invalid/demo/00223,2026-06-17,2026-08-13
DEMO-00272,demo,venta,casa,Casa 5D 3B en Chiguayante,5515.0,217842500,Chiguayante,Concepción,175 m²,5,3,https://example.invalid/demo/00272,2026-07-23,2026-09-01
DEMO-02343,demo,venta,departamento,Depto 2D 1B en San Pedro de la Paz,3304.0,130508000,San Pedro de la Paz,Concepción,58 m²,2,1,https://example.invalid/demo/02343,2026-05-13,2026-06-01
DEMO-03034,demo,venta,casa,Casa 5D 3B en Tomé,3462.0,136749000,Tomé,Concepción,176 m²,5,3,https://example.invalid/demo/03034,2026-06-05,2026-07-05
DEMO-01157,demo,venta,departamento,Depto 2D 1B en Concepción,4277.0,168941500,Concepción,Concepción,69 m²,2,1,https://example.invalid/demo/01157,2026-08-01,2026-09-01
DEMO-02465,demo,venta,departamento,Depto 4D 2B en San Pedro de la Paz,6703.0,264768500,San Pedro de la Paz,Concepción,117 m²,4,2,https://example.invalid/demo/02465,2026-05-17,2026-07-03
DEMO-03065,demo,venta,casa,Casa 3D 2B en Tomé,2573.0,101633500,Tomé,Concepción,106 m²,3,2,https://example.invalid/demo/03065,2026-07-20,2026-09-01
DEMO-00172,demo,venta,casa,Casa 4D 2B en Chiguayante,5478.0,216381000,Chiguayante,Concepción,129 m²,4,2,https://example.invalid/demo/00172,2026-06-06,2026-06-13
DEMO-02394,demo,venta,departamento,Depto 1D 1B en San Pedro de la Paz,2157.0,85201500,San Pedro de la Paz,Concepción,,1,1,https://example.invalid/demo/02394,2026-07-24,2026-09-01
DEMO-01099,demo,venta,departamento,Depto 2D 1B en Concepción,3724.0,147098000,Concepción,Concepción,59 m²,2,1,https://example.invalid/demo/01099,2026-06-12,2026-08-05
DEMO-02244,demo,venta,casa,Casa 3D 2B en San Pedro de la Paz,4316.0,170482000,San Pedro de la Paz,Concepción,,3,2,https://example.invalid/demo/02244,2026-07-15,2026-08-02
DEMO-00076,demo,venta,casa,Casa 6D 4B en Chiguayante,7327.0,289416500,Chiguayante,Concepción,263 m²,6,4,https://example.invalid/demo/00076,2026-06-14,2026-07-24
DEMO-01859,demo,venta,departamento,Depto 3D 2B en Los Ángeles,4086.0,161397000,Los Ángeles,Biobío,73 m²,3,2,https://example.invalid/demo/01859,2026-06-12,2026-07-18
DEMO-00182,demo,venta,casa,Casa 3D 2B en Chiguayante,5924.0,233998000,Chiguayante,Concepción,109 m²,3,2,https://example.invalid/demo/00182,2026-06-25,2026-08-19
DEMO-02972,demo,venta,casa,Casa 5D 3B en Tomé,3324.0,131298000,Tomé,Concepción,,5,3,https://example.invalid/demo/02972,2026-05-11,2026-06-12
DEMO-02777,demo,venta,departamento,Depto 3D 2B en Talcahuano,3358.0,132641000,Talcahuano,Concepción,71 m²,3,2,https://example.invalid/demo/02777,2026-08-09,2026-08-10
DEMO-00860,demo,venta,casa,Casa 6D 4B en Concepción,9023.0,356408500,Concepción,Concepción,203 m²,6,4,https://example.invalid/demo/00860,2026-08-29,2026-09-01
DEMO-00396,demo,venta,casa,Casa 5D 3B en Chiguayante,11250.0,444375000,Chiguayante,Concepción,178 m²,5,3,https://example.invalid/demo/00396,2026-08-19,2026-09-01
DEMO-01536,demo,venta,casa,Casa 3D 2B en Los Ángeles,2956.0,116762000,Los Ángeles,Biobío,97 m²,3,2,https://example.invalid/demo/01536,2026-08-21,2026-09-01
DEMO-00388,demo,venta,casa,Casa 6D 4B en Chiguayante,9607.0,379476500,Chiguayante,Concepción,,6,4,https://example.invalid/demo/00388,2026-06-15,2026-08-08
DEMO-00492,demo,venta,departamento,Depto 3D 2B en Chiguayante,3630.0,143385000,Chiguayante,Concepción,78 m²,3,2,https://example.invalid/demo/00492,2026-06-19,2026-08-08
DEMO-02901,demo,venta,casa,Casa 3D 2B en Tomé,1329.0,52495500,Tomé,Concepción,97 m²,3,2,https://example.invalid/demo/02901,2026-05-13,2026-06-25
DEMO-00494,demo,venta,departamento,Depto 2D 1B en Chiguayante,2060.0,81370000,Chiguayante,Concepción,47 m²,2,1,https://example.invalid/demo/00494,2026-08-01,2026-08-25
DEMO-00494,demo,venta,departamento,Depto 2D 1B en Chiguayante,2060.0,81370000,Chiguayante,Concepción,47 m²,2,1,https://example.invalid/demo/00494,2026-08-01,2026-08-25
DEMO-00981,demo,venta,departamento,Depto 2D 1B en Concepción,2615.0,103292500,Concepción,Concepción,61 m²,2,1,https://example.invalid/demo/00981,2026-07-21,2026-08-29
DEMO-00851,demo,venta,casa,Casa 5D 3B en Concepción,7479.0,295420500,Concepción,Concepción,185 m²,5,3,https://example.invalid/demo/00851,2026-07-06,2026-09-01
DEMO-01488,demo,venta,departamento,Depto 2D 1B en Hualpén,2136.0,84372000,Hualpén,Concepción,57 m²,2,1,https://example.invalid/demo/01488,2026-05-10,2026-06-16
DEMO-00157,demo,venta,casa,Casa 6D 4B en Chiguayante,7161.0,282859500,Chiguayante,Concepción,204 m²,6,4,https://example.invalid/demo/00157,2026-07-17,2026-08-12
DEMO-01786,demo,venta,departamento,Depto 3D 2B en Los Ángeles,2870.0,113365000,Los Ángeles,Biobío,,3,2,https://example.invalid/demo/01786,2026-08-02,2026-08-04
DEMO-02625,demo,venta,casa,Casa 4D 2B en Talcahuano,4952.0,195604000,Talcahuano,Concepción,142 m²,4,2,https://example.invalid/demo/02625,2026-07-19,2026-08-05
DEMO-01589,demo,venta,casa,Casa 4D 2B en Los Ángeles,4126.0,162977000,Los Ángeles,Biobío,139 m²,4,2,https://example.invalid/demo/01589,2026-08-02,2026-08-13
DEMO-02630,demo,venta,casa,Casa 3D 2B en Talcahuano,2593.0,102423500,Talcahuano,Concepción,102 m²,3,2,https://example.invalid/demo/02630,2026-05-29,2026-06-01
DEMO-01776,demo,venta,departamento,Depto 2D 1B en Los Ángeles,1673.0,66083500,Los Ángeles,Biobío,53 m²,2,1,https://example.invalid/demo/01776,2026-07-04,2026-08-29
DEMO-00889,demo,venta,casa,Casa 4D 2B en Concepción,5123.0,202358500,Concepción,Concepción,137 m²,4,2,https://example.invalid/demo/00889,2026-06-02,2026-07-22
DEMO-00759,demo,venta,casa,Casa 3D 2B en Concepción,3763.0,148638500,Concepción,Concepción,118 m²,3,2,https://example.invalid/demo/00759,2026-08-18,2026-09-01
DEMO-00225,demo,venta,casa,Casa 4D 2B en Chiguayante,5209.0,205755500,Chiguayante,Concepción,125 m²,4,2,https://example.invalid/demo/00225,2026-08-26,2026-09-01
DEMO-00501,demo,venta,departamento,Depto 3D 2B en Chiguayante,3999.0,157960500,Chiguayante,Concepción,81 m²,3,2,https://example.invalid/demo/00501,2026-08-06,2026-08-20
DEMO-02896,demo,venta,casa,Casa 3D 2B en Tomé,4779.0,188770500,Tomé,Concepción,96 m²,3,2,https://example.invalid/demo/02896,2026-08-20,2026-09-01
DEMO-00406,demo,venta,casa,Casa 3D 2B en Chiguayante,4031.0,159224500,Chiguayante,Concepción,,3,2,https://example.invalid/demo/00406,2026-08-08,2026-08-13
DEMO-02496,demo,venta,departamento,Depto 2D 1B en San Pedro de la Paz,2956.0,116762000,San Pedro de la Paz,Concepción,46 m²,2,1,https://example.invalid/demo/02496,2026-08-29,2026-09-01
DEMO-02005,demo,venta,casa,Casa 6D 4B en San Pedro de la Paz,10818.0,427311000,San Pedro de la Paz,Concepción,,6,4,https://example.invalid/demo/02005,2026-06-16,2026-07-18
DEMO-01495,demo,venta,departamento,Depto 3D 2B en Hualpén,3989.0,157565500,Hualpén,Concepción,82 m²,3,2,https://example.invalid/demo/01495,2026-06-18,2026-08-06
DEMO-02602,demo,venta,casa,Casa 6D 4B en Talcahuano,5877.0,232141500,Talcahuano,Concepción,215 m²,6,4,https://example.invalid/demo/02602,2026-06-22,2026-07-01
DEMO-02309,demo,venta,departamento,Depto 2D 1B en San Pedro de la Paz,0,0,San Pedro de la Paz,Concepción,68 m²,2,1,https://example.invalid/demo/02309,2026-08-02,2026-09-01
DEMO-01966,demo,venta,departamento,Depto 3D 2B en Penco,5538.0,218751000,Penco,Concepción,84 m²,3,2,https://example.invalid/demo/01966,2026-08-22,2026-08-23
DEMO-01102,demo,venta,departamento,Depto 2D 1B en Concepción,4633.0,183003500,Concepción,Concepción,62 m²,2,1,https://example.invalid/demo/01102,2026-08-27,2026-09-01
DEMO-02678,demo,venta,casa,Casa 5D 3B en Talcahuano,6839.0,270140500,Talcahuano,Concepción,187 m²,5,3,https://example.invalid/demo/02678,2026-07-17,2026-07-31
DEMO-01185,demo,venta,departamento,Depto 3D 2B en Concepción,5651.0,223214500,Concepción,Concepción,85 m²,3,2,https://example.invalid/demo/01185,2026-08-05,2026-09-01
DEMO-01386,demo,venta,casa,Casa 6D 4B en Hualpén,6721.0,265479500,Hualpén,Concepción,206 m²,6,4,https://example.invalid/demo/01386,2026-07-08,2026-08-19
DEMO-01497,demo,venta,departamento,Depto 4D 2B en Hualpén,3920.0,154840000,Hualpén,Concepción,114 m²,4,2,https://example.invalid/demo/01497,2026-06-12,2026-07-05
DEMO-01789,demo,venta,departamento,Depto 4D 2B en Los Ángeles,4090.0,161555000,Los Ángeles,Biobío,110 m²,4,2,https://example.invalid/demo/01789,2026-05-08,2026-06-28
DEMO-02688,demo,venta,casa,Casa 5D 3B en Talcahuano,4117.0,162621500,Talcahuano,Concepción,,5,3,https://example.invalid/demo/02688,2026-06-09,2026-07-23
DEMO-02970,demo,venta,casa,Casa 6D 4B en Tomé,5308.0,209666000,Tomé,Concepción,,6,4,https://example.invalid/demo/02970,2026-07-08,2026-08-06
DEMO-01008,demo,venta,departamento,Depto 4D 2B en Concepción,6775.0,267612500,Concepción,Concepción,103 m²,4,2,https://example.invalid/demo/01008,2026-08-10,2026-09-01
DEMO-00259,demo,venta,casa,Casa 5D 3B en Chiguayante,5117.0,202121500,Chiguayante,Concepción,173 m²,5,3,https://example.invalid/demo/00259,2026-06-30,2026-08-05
DEMO-02326,demo,venta,departamento,Depto 2D 1B en San Pedro de la Paz,3510.0,138645000,San Pedro de la Paz,Concepción,70 m²,2,1,https://example.invalid/demo/02326,2026-07-25,2026-07-29
DEMO-01697,demo,venta,departamento,Depto 2D 1B en Los Ángeles,2814.0,111153000,Los Ángeles,Biobío,64 m²,2,1,https://example.invalid/demo/01697,2026-07-15,2026-07-20
DEMO-01247,demo,venta,casa,Casa 6D 4B en Coronel,6403.0,252918500,Coronel,Concepción,306 m²,6,4,https://example.invalid/demo/01247,2026-05-24,2026-06-06
DEMO-01839,demo,venta,departamento,Depto 1D 1B en Los Ángeles,1260.0,49770000,Los Ángeles,Biobío,39 m²,1,1,https://example.invalid/demo/01839,2026-07-28,2026-07-29
DEMO-02484,demo,venta,departamento,Depto 3D 2B en San Pedro de la Paz,6481.0,255999500,San Pedro de la Paz,Concepción,,3,2,https://example.invalid/demo/02484,2026-05-04,2026-06-18
DEMO-00748,demo,venta,casa,Casa 5D 3B en Concepción,7529.0,297395500,Concepción,Concepción,172 m²,5,3,https://example.invalid/demo/00748,2026-08-14,2026-09-01
DEMO-02413,demo,venta,departamento,Depto 3D 2B en San Pedro de la Paz,4591.0,181344500,San Pedro de la Paz,Concepción,,3,2,https://example.invalid/demo/02413,2026-05-21,2026-06-22
DEMO-02966,demo,venta,casa,Casa 3D 2B en Tomé,2890.0,114155000,Tomé,Concepción,113 m²,3,2,https://example.invalid/demo/02966,2026-07-04,2026-08-10
DEMO-00194,demo,venta,casa,Casa 4D 2B en Chiguayante,4930.0,194735000,Chiguayante,Concepción,142 m²,4,2,https://example.invalid/demo/00194,2026-06-03,2026-06-06
DEMO-02363,demo,venta,departamento,Depto 2D 1B en San Pedro de la Paz,3781.0,149349500,San Pedro de la Paz,Concepción,50 m²,2,1,https://example.invalid/demo/02363,2026-08-02,2026-08-03
DEMO-00165,demo,venta,casa,Casa 5D 3B en Chiguayante,7616.0,300832000,Chiguayante,Concepción,162 m²,5,3,https://example.invalid/demo/00165,2026-08-13,2026-08-30
DEMO-01161,demo,venta,departamento,Depto 4D 2B en Concepción,5388.0,212826000,Concepción,Concepción,105 m²,4,2,https://example.invalid/demo/01161,2026-06-16,2026-06-19
DEMO-01387,demo,venta,casa,Casa 4D 2B en Hualpén,4834.0,190943000,Hualpén,Concepción,145 m²,4,2,https://example.invalid/demo/01387,2026-06-03,2026-06-27
DEMO-00455,demo,venta,departamento,Depto 2D 1B en Chiguayante,3663.0,144688500,Chiguayante,Concepción,70 m²,2,1,https://example.invalid/demo/00455,2026-06-03,2026-06-04
DEMO-01867,demo,venta,departamento,Depto 3D 2B en Los Ángeles,32,1264000,Los Ángeles,Biobío,77 m²,3,2,https://example.invalid/demo/01867,2026-05-27,2026-06-14
DEMO-02129,demo,venta,casa,Casa 4D 2B en San Pedro de la Paz,8492.0,335434000,San Pedro de la Paz,Concepción,153 m²,4,2,https://example.invalid/demo/02129,2026-07-05,2026-08-17
DEMO-02951,demo,venta,casa,Casa 4D 2B en Tomé,3223.0,127308500,Tomé,Concepción,133 m²,4,2,https://example.invalid/demo/02951,2026-05-31,2026-06-08
DEMO-01129,demo,venta,departamento,Depto 2D 1B en Concepción,2960.0,116920000,Concepción,Concepción,56 m²,2,1,https://example.invalid/demo/01129,2026-08-12,2026-09-01
DEMO-00133,demo,venta,casa,Casa 3D 2B en Chiguayante,3128.0,123556000,Chiguayante,Concepción,93 m²,3,2,https://example.invalid/demo/00133,2026-06-15,2026-07-20
DEMO-01757,demo,venta,departamento,Depto 2D 1B en Los Ángeles,2358.0,93141000,Los Ángeles,Biobío,54 m²,2,1,https://example.invalid/demo/01757,2026-07-05,2026-08-14
DEMO-03028,demo,venta,casa,Casa 6D 4B en Tomé,8200.0,323900000,Tomé,Concepción,219 m²,6,4,https://example.invalid/demo/03028,2026-07-28,2026-09-01
DEMO-01817,demo,venta,departamento,Depto 4D 2B en Los Ángeles,5101.0,201489500,Los Ángeles,Biobío,113 m²,4,2,https://example.invalid/demo/01817,2026-06-26,2026-08-10
DEMO-03069,demo,venta,casa,Casa 4D 2B en Tomé,3947.0,155906500,Tomé,Concepción,156 m²,4,2,https://example.invalid/demo/03069,2026-06-30,2026-08-13
DEMO-01824,demo,venta,departamento,Depto 4D 2B en Los Ángeles,3899.0,154010500,Los Ángeles,Biobío,100 m²,4,2,https://example.invalid/demo/01824,2026-07-15,2026-08-10
DEMO-00123,demo,venta,casa,Casa 3D 2B en Chiguayante,2658.0,104991000,Chiguayante,Concepción,96 m²,3,2,https://example.invalid/demo/00123,2026-07-10,2026-08-21
DEMO-01843,demo,venta,departamento,Depto 3D 2B en Los Ángeles,2962.0,116999000,Los Ángeles,Biobío,86 m²,3,2,https://example.invalid/demo/01843,2026-05-16,2026-06-02
DEMO-02692,demo,venta,casa,Casa 6D 4B en Talcahuano,9624.0,380148000,Talcahuano,Concepción,219 m²,6,4,https://example.invalid/demo/02692,2026-08-17,2026-09-01
DEMO-00803,demo,venta,casa,Casa 3D 2B en Concepción,3723.0,147058500,Concepción,Concepción,105 m²,3,2,https://example.invalid/demo/00803,2026-08-05,2026-09-01
DEMO-03023,demo,venta,casa,Casa 3D 2B en Tomé,3885.0,153457500,Tomé,Concepción,,3,2,https://example.invalid/demo/03023,2026-08-09,2026-08-12
DEMO-01678,demo,venta,casa,Casa 4D 2B en Los Ángeles,4274.0,168823000,Los Ángeles,Biobío,,4,2,https://example.invalid/demo/01678,2026-07-03,2026-08-14
DEMO-02741,demo,venta,departamento,Depto 3D 2B en Talcahuano,3158.0,124741000,Talcahuano,Concepción,76 m²,3,2,https://example.invalid/demo/02741,2026-06-04,2026-07-17
DEMO-00184,demo,venta,casa,Casa 2D 1B en Chiguayante,3299.0,130310500,Chiguayante,Concepción,82 m²,2,1,https://example.invalid/demo/00184,2026-08-17,2026-09-01
DEMO-01119,demo,venta,departamento,Depto 3D 2B en Concepción,4543.0,179448500,Concepción,Concepción,,3,2,https://example.invalid/demo/01119,2026-05-30,2026-06-29
DEMO-00252,demo,venta,casa,Casa 6D 4B en Chiguayante,9955.0,393222500,Chiguayante,Concepción,230 m²,6,4,https://example.invalid/demo/00252,2026-08-06,2026-08-16
DEMO-00325,demo,venta,casa,Casa 3D 2B en Chiguayante,6328.0,249956000,Chiguayante,Concepción,114 m²,3,2,https://example.invalid/demo/00325,2026-07-05,2026-07-07
DEMO-00697,demo,arriendo,casa,Casa 3D 2B en Concepción,26.2,1034900,Concepción,Concepción,118 m²,3,2,https://example.invalid/demo/00697,2026-06-25,2026-08-24
DEMO-01832,demo,venta,departamento,Depto 2D 1B en Los Ángeles,1959.0,77380500,Los Ángeles,Biobío,55 m²,2,1,https://example.invalid/demo/01832,2026-07-22,2026-08-10
DEMO-01984,demo,arriendo,casa,Casa 6D 4B en San Pedro de la Paz,31.0,1224500,San Pedro de la Paz,Concepción,194 m²,6,4,https://example.invalid/demo/01984,2026-06-16,2026-07-09
DEMO-00373,demo,venta,casa,Casa 3D 2B en Chiguayante,4579.0,180870500,Chiguayante,Concepción,99 m²,3,2,https://example.invalid/demo/00373,2026-05-06,2026-06-06
DEMO-00859,demo,venta,casa,Casa 3D 2B en Concepción,6138.0,242451000,Concepción,Concepción,96 m²,3,2,https://example.invalid/demo/00859,2026-07-01,2026-07-23
DEMO-00913,demo,venta,casa,Casa 6D 4B en Concepción,11345.0,448127500,Concepción,Concepción,285 m²,6,4,https://example.invalid/demo/00913,2026-06-14,2026-08-11
DEMO-02507,demo,venta,departamento,Depto 1D 1B en San Pedro de la Paz,2771.0,109454500,San Pedro de la Paz,Concepción,41 m²,1,1,https://example.invalid/demo/02507,2026-06-13,2026-06-30
DEMO-00840,demo,venta,casa,Casa 6D 4B en Concepción,12378.0,488931000,Concepción,Concepción,197 m²,6,4,https://example.invalid/demo/00840,2026-06-12,2026-07-13
DEMO-01623,demo,venta,casa,Casa 5D 3B en Los Ángeles,4128.0,163056000,Los Ángeles,Biobío,183 m²,5,3,https://example.invalid/demo/01623,2026-06-21,2026-07-27
DEMO-01045,demo,venta,departamento,Depto 2D 1B en Concepción,5096.0,201292000,Concepción,Concepción,68 m²,2,1,https://example.invalid/demo/01045,2026-06-15,2026-08-04
DEMO-02707,demo,venta,casa,Casa 6D 4B en Talcahuano,5767.0,227796500,Talcahuano,Concepción,262 m²,6,4,https://example.invalid/demo/02707,2026-05-07,2026-06-05
DEMO-02814,demo,venta,departamento,Depto 2D 1B en Talcahuano,2040.0,80580000,Talcahuano,Concepción,,2,1,https://example.invalid/demo/02814,2026-07-23,2026-08-13
DEMO-02289,demo,venta,departamento,Depto 3D 2B en San Pedro de la Paz,5401.0,213339500,San Pedro de la Paz,Concepción,78 m²,3,2,https://example.invalid/demo/02289,2026-05-16,2026-07-03
DEMO-00380,demo,venta,casa,Casa 3D 2B en Chiguayante,4306.0,170087000,Chiguayante,Concepción,102 m²,3,2,https://example.invalid/demo/00380,2026-08-24,2026-09-01
DEMO-01509,demo,venta,casa,Casa 6D 4B en Hualqui,2898.0,114471000,Hualqui,Concepción,235 m²,6,4,https://example.invalid/demo/01509,2026-06-25,2026-06-27
DEMO-01609,demo,venta,casa,Casa 3D 2B en Los Ángeles,3609.0,142555500,Los Ángeles,Biobío,115 m²,3,2,https://example.invalid/demo/01609,2026-06-16,2026-07-13
DEMO-02586,demo,venta,casa,Casa 4D 2B en Talcahuano,3268.0,129086000,Talcahuano,Concepción,128 m²,4,2,https://example.invalid/demo/02586,2026-07-10,2026-08-23
DEMO-01703,demo,venta,departamento,Depto 2D 1B en Los Ángeles,1722.0,68019000,Los Ángeles,Biobío,48 m²,2,1,https://example.invalid/demo/01703,2026-07-10,2026-09-01
DEMO-00580,demo,venta,departamento,Depto 3D 2B en Chiguayante,3000.0,118500000,Chiguayante,Concepción,81 m²,3,2,https://example.invalid/demo/00580,2026-08-05,2026-08-07
DEMO-00438,demo,arriendo,departamento,Depto 3D 2B en Chiguayante,11.6,458200,Chiguayante,Concepción,81 m²,3,2,https://example.invalid/demo/00438,2026-05-31,2026-06-19
DEMO-02993,demo,venta,casa,Casa 4D 2B en Tomé,3596.0,142042000,Tomé,Concepción,128 m²,4,2,https://example.invalid/demo/02993,2026-07-17,2026-08-30
DEMO-00629,demo,venta,departamento,Depto 2D 1B en Chiguayante,3587.0,141686500,Chiguayante,Concepción,60 m²,2,1,https://example.invalid/demo/00629,2026-06-14,2026-07-02
DEMO-01816,demo,venta,departamento,Depto 2D 1B en Los Ángeles,2029.0,80145500,Los Ángeles,Biobío,46 m²,2,1,https://example.invalid/demo/01816,2026-06-06,2026-07-02
DEMO-02151,demo,venta,casa,Casa 6D 4B en San Pedro de la Paz,11340.0,447930000,San Pedro de la Paz,Concepción,239 m²,6,4,https://example.invalid/demo/02151,2026-07-06,2026-07-17
DEMO-01496,demo,venta,departamento,Depto 2D 1B en Hualpén,2341.0,92469500,Hualpén,Concepción,48 m²,2,1,https://example.invalid/demo/01496,2026-06-05,2026-06-14
DEMO-00170,demo,venta,casa,Casa 4D 2B en Chiguayante,4348.0,171746000,Chiguayante,Concepción,135 m²,4,2,https://example.invalid/demo/00170,2026-07-20,2026-08-05
DEMO-02261,demo,venta,casa,Casa 5D 3B en San Pedro de la Paz,6529.0,257895500,San Pedro de la Paz,Concepción,172 m²,5,3,https://example.invalid/demo/02261,2026-08-20,2026-09-01
DEMO-00709,demo,venta,casa,Casa 3D 2B en Concepción,4753.0,187743500,Concepción,Concepción,100 m²,3,2,https://example.invalid/demo/00709,2026-08-17,2026-08-31
DEMO-00046,demo,arriendo,casa,Casa 4D 2B en Chiguayante,19.1,754450,Chiguayante,Concepción,,4,2,https://example.invalid/demo/00046,2026-06-24,2026-06-25
DEMO-01330,demo,venta,casa,Casa 2D 1B en Hualpén,2903.0,114668500,Hualpén,Concepción,,2,1,https://example.invalid/demo/01330,2026-08-26,2026-09-01
DEMO-02568,demo,venta,casa,Casa 3D 2B en Santa Juana,1652.0,65254000,Santa Juana,Concepción,106 m²,3,2,https://example.invalid/demo/02568,2026-06-08,2026-08-05
DEMO-03087,demo,venta,casa,Casa 6D 4B en Tomé,5716.0,225782000,Tomé,Concepción,,6,4,https://example.invalid/demo/03087,2026-06-25,2026-07-17
DEMO-00061,demo,arriendo,casa,Casa 4D 2B en Chiguayante,5521,218079500,Chiguayante,Concepción,155 m²,4,2,https://example.invalid/demo/00061,2026-08-05,2026-09-01
DEMO-01033,demo,venta,departamento,Depto 4D 2B en Concepción,5803.0,229218500,Concepción,Concepción,,4,2,https://example.invalid/demo/01033,2026-07-09,2026-07-28
DEMO-01486,demo,venta,departamento,Depto 5D 3B en Hualpén,4529.0,178895500,Hualpén,Concepción,,5,3,https://example.invalid/demo/01486,2026-08-26,2026-09-01
DEMO-00062,demo,arriendo,casa,Casa 3D 2B en Chiguayante,18.1,714950,Chiguayante,Concepción,102 m²,3,2,https://example.invalid/demo/00062,2026-05-13,2026-07-05
DEMO-01513,demo,venta,casa,Casa 6D 4B en Hualqui,4079.0,161120500,Hualqui,Concepción,220 m²,6,4,https://example.invalid/demo/01513,2026-06-23,2026-06-29
DEMO-00888,demo,venta,casa,Casa 2D 1B en Concepción,4296.0,169692000,Concepción,Concepción,84 m²,2,1,https://example.invalid/demo/00888,2026-08-19,2026-09-01
DEMO-01924,demo,venta,casa,Casa 5D 3B en Penco,6284.0,248218000,Penco,Concepción,173 m²,5,3,https://example.invalid/demo/01924,2026-05-11,2026-07-08
DEMO-01381,demo,venta,casa,Casa 3D 2B en Hualpén,4564.0,180278000,Hualpén,Concepción,111 m²,3,2,https://example.invalid/demo/01381,2026-07-25,2026-09-01
DEMO-00669,demo,venta,departamento,Depto 4D 2B en Chiguayante,6142.0,242609000,Chiguayante,Concepción,98 m²,4,2,https://example.invalid/demo/00669,2026-07-30,2026-08-28
DEMO-01872,demo,venta,casa,Casa 4D 2B en Lota,2904.0,114708000,Lota,Concepción,137 m²,4,2,https://example.invalid/demo/01872,2026-06-08,2026-07-18
DEMO-02894,demo,venta,casa,Casa 3D 2B en Tomé,2617.0,103371500,Tomé,Concepción,108 m²,3,2,https://example.invalid/demo/02894,2026-08-09,2026-08-28
DEMO-01993,demo,arriendo,casa,Casa 6D 4B en San Pedro de la Paz,39.6,1564200,San Pedro de la Paz,Concepción,237 m²,6,4,https://example.invalid/demo/01993,2026-05-30,2026-06-01
DEMO-01160,demo,venta,departamento,Depto 4D 2B en Concepción,7291.0,287994500,Concepción,Concepción,117 m²,4,2,https://example.invalid/demo/01160,2026-07-11,2026-08-12
DEMO-00212,demo,venta,casa,Casa 4D 2B en Chiguayante,4721.0,186479500,Chiguayante,Concepción,140 m²,4,2,https://example.invalid/demo/00212,2026-08-14,2026-09-01
DEMO-02927,demo,venta,casa,Casa 4D 2B en Tomé,2803.0,110718500,Tomé,Concepción,,4,2,https://example.invalid/demo/02927,2026-08-06,2026-09-01
DEMO-01082,demo,venta,departamento,Depto 2D 1B en Concepción,1717.0,67821500,Concepción,Concepción,46 m²,2,1,https://example.invalid/demo/01082,2026-06-24,2026-07-10
DEMO-01535,demo,arriendo,casa,Casa 6D 4B en Los Ángeles,39.0,1540500,Los Ángeles,Biobío,260 m²,6,4,https://example.invalid/demo/01535,2026-07-12,2026-08-25
DEMO-02954,demo,venta,casa,Casa 5D 3B en Tomé,4628.0,182806000,Tomé,Concepción,162 m²,5,3,https://example.invalid/demo/02954,2026-08-16,2026-08-27
DEMO-02342,demo,venta,departamento,Depto 3D 2B en San Pedro de la Paz,5987.0,236486500,San Pedro de la Paz,Concepción,86 m²,3,2,https://example.invalid/demo/02342,2026-08-29,2026-09-01
DEMO-00096,demo,venta,casa,Casa 6D 4B en Chiguayante,12759.0,503980500,Chiguayante,Concepción,,6,4,https://example.invalid/demo/00096,2026-06-29,2026-07-11
DEMO-03142,demo,venta,departamento,Depto 2D 1B en Tomé,2641.0,104319500,Tomé,Concepción,54 m²,2,1,https://example.invalid/demo/03142,2026-05-05,2026-06-17
DEMO-00502,demo,venta,departamento,Depto 1D 1B en Chiguayante,1944.0,76788000,Chiguayante,Concepción,,1,1,https://example.invalid/demo/00502,2026-06-04,2026-07-06
DEMO-02060,demo,venta,casa,Casa 5D 3B en San Pedro de la Paz,11731.0,463374500,San Pedro de la Paz,Concepción,179 m²,5,3,https://example.invalid/demo/02060,2026-07-11,2026-07-26
DEMO-00002,demo,venta,casa,Casa 5D 3B en Arauco,3658.0,144491000,Arauco,Arauco,170 m²,5,3,https://example.invalid/demo/00002,2026-05-26,2026-06-26
DEMO-00559,demo,venta,departamento,Depto 4D 2B en Chiguayante,8597.0,339581500,Chiguayante,Concepción,,4,2,https://example.invalid/demo/00559,2026-07-30,2026-09-01
DEMO-00473,demo,venta,departamento,Depto 2D 1B en Chiguayante,3366.0,132957000,Chiguayante,Concepción,70 m²,2,1,https://example.invalid/demo/00473,2026-06-23,2026-07-15
DEMO-01080,demo,venta,departamento,Depto 1D 1B en Concepción,2716.0,107282000,Concepción,Concepción,41 m²,1,1,https://example.invalid/demo/01080,2026-08-08,2026-08-26
DEMO-02100,demo,venta,casa,Casa 6D 4B en San Pedro de la Paz,13414.0,529853000,San Pedro de la Paz,Concepción,,6,4,https://example.invalid/demo/02100,2026-07-11,2026-08-17
DEMO-00011,demo,venta,casa,Casa 6D 4B en Arauco,5111.0,201884500,Arauco,Arauco,240 m²,6,4,https://example.invalid/demo/00011,2026-06-24,2026-07-10
DEMO-00105,demo,venta,casa,Casa 6D 4B en Chiguayante,11759.0,464480500,Chiguayante,Concepción,,6,4,https://example.invalid/demo/00105,2026-06-26,2026-08-24
DEMO-00899,demo,venta,casa,Casa 4D 2B en Concepción,5115.0,202042500,Concepción,Concepción,141 m²,4,2,https://example.invalid/demo/00899,2026-08-31,2026-09-01
DEMO-02130,demo,venta,casa,Casa 6D 4B en San Pedro de la Paz,11591.0,457844500,San Pedro de la Paz,Concepción,234 m²,6,4,https://example.invalid/demo/02130,2026-08-25,2026-09-01
DEMO-02256,demo,venta,casa,Casa 4D 2B en San Pedro de la Paz,5915.0,233642500,San Pedro de la Paz,Concepción,142 m²,4,2,https://example.invalid/demo/02256,2026-06-10,2026-07-17
DEMO-00391,demo,venta,casa,Casa 5D 3B en Chiguayante,6006.0,237237000,Chiguayante,Concepción,177 m²,5,3,https://example.invalid/demo/00391,2026-08-09,2026-08-15
DEMO-00704,demo,venta,casa,Casa 5D 3B en Concepción,5454.0,215433000,Concepción,Concepción,159 m²,5,3,https://example.invalid/demo/00704,2026-06-11,2026-06-23
DEMO-00739,demo,venta,casa,Casa 4D 2B en Concepción,5469.0,216025500,Concepción,Concepción,,4,2,https://example.invalid/demo/00739,2026-06-23,2026-08-20
DEMO-01460,demo,venta,departamento,Depto 4D 2B en Hualpén,5346.0,211167000,Hualpén,Concepción,,4,2,https://example.invalid/demo/01460,2026-07-10,2026-07-23
DEMO-02036,demo,venta,casa,Casa 4D 2B en San Pedro de la Paz,8981.0,354749500,San Pedro de la Paz,Concepción,153 m²,4,2,https://example.invalid/demo/02036,2026-06-18,2026-06-28
DEMO-01707,demo,venta,departamento,Depto 2D 1B en Los Ángeles,2173.0,85833500,Los Ángeles,Biobío,45 m²,2,1,https://example.invalid/demo/01707,2026-07-08,2026-08-14
DEMO-01649,demo,venta,casa,Casa 3D 2B en Los Ángeles,3760.0,148520000,Los Ángeles,Biobío,107 m²,3,2,https://example.invalid/demo/01649,2026-06-02,2026-07-15
DEMO-01171,demo,venta,departamento,Depto 3D 2B en Concepción,5326.0,210377000,Concepción,Concepción,92 m²,3,2,https://example.invalid/demo/01171,2026-08-10,2026-08-11
DEMO-00740,demo,venta,casa,Casa 2D 1B en Concepción,3853.0,152193500,Concepción,Concepción,74 m²,2,1,https://example.invalid/demo/00740,2026-08-27,2026-09-01
DEMO-00729,demo,venta,casa,Casa 6D 4B en Concepción,10627.0,419766500,Concepción,Concepción,229 m²,6,4,https://example.invalid/demo/00729,2026-07-08,2026-07-13
DEMO-01428,demo,venta,departamento,Depto 2D 1B en Hualpén,2323.0,91758500,Hualpén,Concepción,,2,1,https://example.invalid/demo/01428,2026-06-20,2026-07-07
DEMO-01032,demo,venta,departamento,Depto 4D 2B en Concepción,5694.0,224913000,Concepción,Concepción,104 m²,4,2,https://example.invalid/demo/01032,2026-07-17,2026-08-30
DEMO-02897,demo,venta,casa,Casa 2D 1B en Tomé,2320.0,91640000,Tomé,Concepción,,2,1,https://example.invalid/demo/02897,2026-07-10,2026-07-19
DEMO-02685,demo,venta,casa,Casa 2D 1B en Talcahuano,2910.0,114945000,Talcahuano,Concepción,78 m²,2,1,https://example.invalid/demo/02685,2026-05-13,2026-06-11
DEMO-02254,demo,venta,casa,Casa 4D 2B en San Pedro de la Paz,8761.0,346059500,San Pedro de la Paz,Concepción,,4,2,https://example.invalid/demo/02254,2026-06-07,2026-06-23
DEMO-02246,demo,venta,casa,Casa 6D 4B en San Pedro de la Paz,6774.0,267573000,San Pedro de la Paz,Concepción,,6,4,https://example.invalid/demo/02246,2026-06-04,2026-07-20
DEMO-00024,demo,venta,casa,Casa 6D 4B en Cabrero,3377.0,133391500,Cabrero,Biobío,264 m²,6,4,https://example.invalid/demo/00024,2026-05-08,2026-05-15
DEMO-00993,demo,venta,departamento,Depto 2D 1B en Concepción,3653.0,144293500,Concepción,Concepción,68 m²,2,1,https://example.invalid/demo/00993,2026-05-30,2026-06-25
DEMO-01250,demo,venta,casa,Casa 3D 2B en Coronel,2236.0,88322000,Coronel,Concepción,103 m²,3,2,https://example.invalid/demo/01250,2026-05-15,2026-07-03
DEMO-00586,demo,venta,departamento,Depto 3D 2B en Chiguayante,4425.0,174787500,Chiguayante,Concepción,76 m²,3,2,https://example.invalid/demo/00586,2026-08-22,2026-08-31
DEMO-02535,demo,venta,departamento,Depto 3D 2B en San Pedro de la Paz,4550.0,179725000,San Pedro de la Paz,Concepción,73 m²,3,2,https://example.invalid/demo/02535,2026-07-22,2026-08-07
DEMO-00471,demo,venta,departamento,Depto 2D 1B en Chiguayante,3445.0,136077500,Chiguayante,Concepción,51 m²,2,1,https://example.invalid/demo/00471,2026-08-26,2026-09-01
DEMO-00711,demo,venta,casa,Casa 6D 4B en Concepción,21040.0,831080000,Concepción,Concepción,271 m²,6,4,https://example.invalid/demo/00711,2026-07-31,2026-09-01
DEMO-01548,demo,venta,casa,Casa 4D 2B en Los Ángeles,4929.0,194695500,Los Ángeles,Biobío,137 m²,4,2,https://example.invalid/demo/01548,2026-08-04,2026-08-15
DEMO-00715,demo,venta,casa,Casa 6D 4B en Concepción,10070.0,397765000,Concepción,Concepción,227 m²,6,4,https://example.invalid/demo/00715,2026-05-24,2026-06-25
DEMO-01902,demo,venta,casa,Casa 3D 2B en Penco,3853.0,152193500,Penco,Concepción,122 m²,3,2,https://example.invalid/demo/01902,2026-08-31,2026-09-01
DEMO-02880,demo,venta,casa,Casa 3D 2B en Tomé,3580.0,141410000,Tomé,Concepción,98 m²,3,2,https://example.invalid/demo/02880,2026-06-12,2026-07-10
DEMO-02518,demo,venta,departamento,Depto 2D 1B en San Pedro de la Paz,3029.0,119645500,San Pedro de la Paz,Concepción,60 m²,2,1,https://example.invalid/demo/02518,2026-06-03,2026-06-04
DEMO-02711,demo,venta,casa,Casa 6D 4B en Talcahuano,8935.0,352932500,Talcahuano,Concepción,246 m²,6,4,https://example.invalid/demo/02711,2026-06-12,2026-06-17
DEMO-01620,demo,venta,casa,Casa 6D 4B en Los Ángeles,5175.0,204412500,Los Ángeles,Biobío,,6,4,https://example.invalid/demo/01620,2026-05-18,2026-07-06
DEMO-01072,demo,venta,departamento,Depto 4D 2B en Concepción,6070.0,239765000,Concepción,Concepción,99 m²,4,2,https://example.invalid/demo/01072,2026-05-13,2026-05-16
DEMO-02258,demo,venta,casa,Casa 6D 4B en San Pedro de la Paz,0,0,San Pedro de la Paz,Concepción,253 m²,6,4,https://example.invalid/demo/02258,2026-08-29,2026-09-01
DEMO-02590,demo,venta,casa,Casa 5D 3B en Talcahuano,4392.0,173484000,Talcahuano,Concepción,173 m²,5,3,https://example.invalid/demo/02590,2026-08-21,2026-09-01
DEMO-02242,demo,venta,casa,Casa 6D 4B en San Pedro de la Paz,6232.0,246164000,San Pedro de la Paz,Concepción,215 m²,6,4,https://example.invalid/demo/02242,2026-07-23,2026-08-26
DEMO-01517,demo,venta,casa,Casa 4D 2B en Hualqui,2678.0,105781000,Hualqui,Concepción,133 m²,4,2,https://example.invalid/demo/01517,2026-07-01,2026-08-04
DEMO-01317,demo,arriendo,casa,Casa 3D 2B en Hualpén,13.3,525350,Hualpén,Concepción,101 m²,3,2,https://example.invalid/demo/01317,2026-08-22,2026-09-01
DEMO-01800,demo,venta,departamento,Depto 4D 2B en Los Ángeles,4587.0,181186500,Los Ángeles,Biobío,104 m²,4,2,https://example.invalid/demo/01800,2026-09-01,2026-09-01
DEMO-00348,demo,venta,casa,Casa 4D 2B en Chiguayante,5983.0,236328500,Chiguayante,Concepción,,4,2,https://example.invalid/demo/00348,2026-05-04,2026-05-09
DEMO-01938,demo,venta,departamento,Depto 4D 2B en Penco,4840.0,191180000,Penco,Concepción,110 m²,4,2,https://example.invalid/demo/01938,2026-08-07,2026-09-01
DEMO-00936,demo,venta,casa,Casa 6D 4B en Concepción,9134.0,360793000,Concepción,Concepción,231 m²,6,4,https://example.invalid/demo/00936,2026-07-25,2026-08-23
DEMO-01933,demo,venta,casa,Casa 3D 2B en Penco,3858.0,152391000,Penco,Concepción,95 m²,3,2,https://example.invalid/demo/01933,2026-06-13,2026-07-01
DEMO-00144,demo,venta,casa,Casa 5D 3B en Chiguayante,6655.0,262872500,Chiguayante,Concepción,182 m²,5,3,https://example.invalid/demo/00144,2026-08-08,2026-09-01
DEMO-00564,demo,venta,departamento,Depto 2D 1B en Chiguayante,2069.0,81725500,Chiguayante,Concepción,45 m²,2,1,https://example.invalid/demo/00564,2026-08-20,2026-09-01
DEMO-01842,demo,venta,departamento,Depto 3D 2B en Los Ángeles,4135.0,163332500,Los Ángeles,Biobío,86 m²,3,2,https://example.invalid/demo/01842,2026-06-12,2026-07-21
DEMO-02467,demo,venta,departamento,Depto 3D 2B en San Pedro de la Paz,4412.0,174274000,San Pedro de la Paz,Concepción,80 m²,3,2,https://example.invalid/demo/02467,2026-08-28,2026-09-01
DEMO-02853,demo,venta,departamento,Depto 4D 2B en Talcahuano,3892.0,153734000,Talcahuano,Concepción,100 m²,4,2,https://example.invalid/demo/02853,2026-08-29,2026-09-01
DEMO-00353,demo,venta,casa,Casa 6D 4B en Chiguayante,11089.0,438015500,Chiguayante,Concepción,217 m²,6,4,https://example.invalid/demo/00353,2026-07-04,2026-07-22
DEMO-02771,demo,venta,departamento,Depto 3D 2B en Talcahuano,4272.0,168744000,Talcahuano,Concepción,91 m²,3,2,https://example.invalid/demo/02771,2026-08-15,2026-09-01
DEMO-02459,demo,venta,departamento,Depto 2D 1B en San Pedro de la Paz,3878.0,153181000,San Pedro de la Paz,Concepción,65 m²,2,1,https://example.invalid/demo/02459,2026-07-16,2026-08-22
DEMO-03096,demo,venta,casa,Casa 6D 4B en Tomé,11765.0,464717500,Tomé,Concepción,,6,4,https://example.invalid/demo/03096,2026-05-18,2026-07-08
DEMO-02110,demo,venta,casa,Casa 3D 2B en San Pedro de la Paz,3463.0,136788500,San Pedro de la Paz,Concepción,90 m²,3,2,https://example.invalid/demo/02110,2026-07-11,2026-08-01
DEMO-00008,demo,venta,casa,Casa 6D 4B en Arauco,4243.0,167598500,Arauco,Arauco,202 m²,6,4,https://example.invalid/demo/00008,2026-07-10,2026-08-15
DEMO-02281,demo,venta,departamento,Depto 2D 1B en San Pedro de la Paz,3579.0,141370500,San Pedro de la Paz,Concepción,42 m²,2,1,https://example.invalid/demo/02281,2026-06-25,2026-07-11
DEMO-01949,demo,venta,departamento,Depto 3D 2B en Penco,3154.0,124583000,Penco,Concepción,78 m²,3,2,https://example.invalid/demo/01949,2026-05-27,2026-07-17
DEMO-02071,demo,venta,casa,Casa 5D 3B en San Pedro de la Paz,9672.0,382044000,San Pedro de la Paz,Concepción,192 m²,5,3,https://example.invalid/demo/02071,2026-07-21,2026-08-17
DEMO-01245,demo,venta,casa,Casa 3D 2B en Coronel,2304.0,91008000,Coronel,Concepción,113 m²,3,2,https://example.invalid/demo/01245,2026-06-17,2026-06-17
DEMO-00736,demo,venta,casa,Casa 2D 1B en Concepción,4876.0,192602000,Concepción,Concepción,78 m²,2,1,https://example.invalid/demo/00736,2026-05-28,2026-07-27
DEMO-02953,demo,venta,casa,Casa 3D 2B en Tomé,2775.0,109612500,Tomé,Concepción,105 m²,3,2,https://example.invalid/demo/02953,2026-07-25,2026-08-01
DEMO-01805,demo,venta,departamento,Depto 3D 2B en Los Ángeles,3420.0,135090000,Los Ángeles,Biobío,77 m²,3,2,https://example.invalid/demo/01805,2026-08-14,2026-09-01
DEMO-03047,demo,venta,casa,Casa 4D 2B en Tomé,2628.0,103806000,Tomé,Concepción,156 m²,4,2,https://example.invalid/demo/03047,2026-05-04,2026-05-27
DEMO-02115,demo,venta,casa,Casa 5D 3B en San Pedro de la Paz,6693.0,264373500,San Pedro de la Paz,Concepción,183 m²,5,3,https://example.invalid/demo/02115,2026-05-12,2026-05-19
DEMO-02266,demo,venta,departamento,Depto 4D 2B en San Pedro de la Paz,6633.0,262003500,San Pedro de la Paz,Concepción,98 m²,4,2,https://example.invalid/demo/02266,2026-06-27,2026-08-10
DEMO-00764,demo,venta,casa,Casa 6D 4B en Concepción,12002.0,474079000,Concepción,Concepción,247 m²,6,4,https://example.invalid/demo/00764,2026-08-05,2026-08-12
DEMO-01417,demo,venta,departamento,Depto 3D 2B en Hualpén,4327.0,170916500,Hualpén,Concepción,89 m²,3,2,https://example.invalid/demo/01417,2026-06-05,2026-07-26
DEMO-02612,demo,venta,casa,Casa 6D 4B en Talcahuano,8114.0,320503000,Talcahuano,Concepción,207 m²,6,4,https://example.invalid/demo/02612,2026-08-23,2026-09-01
DEMO-01983,demo,arriendo,casa,Casa 2D 1B en San Pedro de la Paz,12.9,509550,San Pedro de la Paz,Concepción,,2,1,https://example.invalid/demo/01983,2026-05-13,2026-07-10
DEMO-01362,demo,venta,casa,Casa 6D 4B en Hualpén,10793.0,426323500,Hualpén,Concepción,203 m²,6,4,https://example.invalid/demo/01362,2026-08-29,2026-09-01
DEMO-01777,demo,venta,departamento,Depto 2D 1B en Los Ángeles,1855.0,73272500,Los Ángeles,Biobío,,2,1,https://example.invalid/demo/01777,2026-07-20,2026-09-01
DEMO-01874,demo,venta,casa,Casa 4D 2B en Lota,4083.0,161278500,Lota,Concepción,147 m²,4,2,https://example.invalid/demo/01874,2026-08-08,2026-09-01
DEMO-01971,demo,arriendo,casa,Casa 5D 3B en San Pedro de la Paz,29.2,1153400,San Pedro de la Paz,Concepción,170 m²,5,3,https://example.invalid/demo/01971,2026-06-17,2026-07-09
DEMO-01725,demo,venta,departamento,Depto 3D 2B en Los Ángeles,4577.0,180791500,Los Ángeles,Biobío,,3,2,https://example.invalid/demo/01725,2026-05-17,2026-07-02
DEMO-02023,demo,venta,casa,Casa 4D 2B en San Pedro de la Paz,8536.0,337172000,San Pedro de la Paz,Concepción,154 m²,4,2,https://example.invalid/demo/02023,2026-06-28,2026-08-20
DEMO-02399,demo,venta,departamento,Depto 2D 1B en San Pedro de la Paz,2445.0,96577500,San Pedro de la Paz,Concepción,44 m²,2,1,https://example.invalid/demo/02399,2026-08-18,2026-09-01
DEMO-00879,demo,venta,casa,Casa 5D 3B en Concepción,5928.0,234156000,Concepción,Concepción,,5,3,https://example.invalid/demo/00879,2026-07-13,2026-08-28
DEMO-01766,demo,venta,departamento,Depto 2D 1B en Los Ángeles,1754.0,69283000,Los Ángeles,Biobío,54 m²,2,1,https://example.invalid/demo/01766,2026-08-20,2026-09-01
DEMO-01416,demo,venta,departamento,Depto 2D 1B en Hualpén,2211.0,87334500,Hualpén,Concepción,,2,1,https://example.invalid/demo/01416,2026-06-06,2026-06-28
DEMO-01875,demo,venta,casa,Casa 3D 2B en Lota,2710.0,107045000,Lota,Concepción,101 m²,3,2,https://example.invalid/demo/01875,2026-08-19,2026-09-01
DEMO-02166,demo,venta,casa,Casa 6D 4B en San Pedro de la Paz,10044.0,396738000,San Pedro de la Paz,Concepción,211 m²,6,4,https://example.invalid/demo/02166,2026-05-06,2026-06-18
DEMO-02022,demo,venta,casa,Casa 6D 4B en San Pedro de la Paz,9058.0,357791000,San Pedro de la Paz,Concepción,237 m²,6,4,https://example.invalid/demo/02022,2026-05-29,2026-06-06
DEMO-01373,demo,venta,casa,Casa 6D 4B en Hualpén,5563.0,219738500,Hualpén,Concepción,194 m²,6,4,https://example.invalid/demo/01373,2026-06-15,2026-08-02
DEMO-02900,demo,venta,casa,Casa 3D 2B en Tomé,2931.0,115774500,Tomé,Concepción,95 m²,3,2,https://example.invalid/demo/02900,2026-08-15,2026-09-01
DEMO-00525,demo,venta,departamento,Depto 3D 2B en Chiguayante,3993.0,157723500,Chiguayante,Concepción,,3,2,https://example.invalid/demo/00525,2026-06-25,2026-07-03
DEMO-02445,demo,venta,departamento,Depto 3D 2B en San Pedro de la Paz,4621.0,182529500,San Pedro de la Paz,Concepción,79 m²,3,2,https://example.invalid/demo/02445,2026-07-16,2026-09-01
DEMO-03024,demo,venta,casa,Casa 2D 1B en Tomé,1936.0,76472000,Tomé,Concepción,84 m²,2,1,https://example.invalid/demo/03024,2026-05-09,2026-06-22
DEMO-00020,demo,venta,casa,Casa 5D 3B en Cabrero,4816.0,190232000,Cabrero,Biobío,183 m²,5,3,https://example.invalid/demo/00020,2026-05-04,2026-05-12
DEMO-01276,demo,venta,casa,Casa 4D 2B en Coronel,4286.0,169297000,Coronel,Concepción,144 m²,4,2,https://example.invalid/demo/01276,2026-07-05,2026-07-24
DEMO-00060,demo,arriendo,casa,Casa 6D 4B en Chiguayante,36.9,1457550,Chiguayante,Concepción,,6,4,https://example.invalid/demo/00060,2026-05-11,2026-05-18
DEMO-01077,demo,venta,departamento,Depto 4D 2B en Concepción,6443.0,254498500,Concepción,Concepción,,4,2,https://example.invalid/demo/01077,2026-07-17,2026-08-26
DEMO-01209,demo,venta,departamento,Depto 3D 2B en Concepción,4472.0,176644000,Concepción,Concepción,,3,2,https://example.invalid/demo/01209,2026-05-19,2026-06-04
DEMO-00434,demo,venta,casa,Casa 5D 3B en Chiguayante,7457.0,294551500,Chiguayante,Concepción,167 m²,5,3,https://example.invalid/demo/00434,2026-07-31,2026-09-01
DEMO-00235,demo,venta,casa,Casa 6D 4B en Chiguayante,11329.0,447495500,Chiguayante,Concepción,,6,4,https://example.invalid/demo/00235,2026-06-02,2026-06-02
DEMO-01257,demo,venta,casa,Casa 6D 4B en Coronel,6943.0,274248500,Coronel,Concepción,227 m²,6,4,https://example.invalid/demo/01257,2026-07-25,2026-08-31
DEMO-01060,demo,venta,departamento,Depto 3D 2B en Concepción,7764.0,306678000,Concepción,Concepción,85 m²,3,2,https://example.invalid/demo/01060,2026-06-22,2026-08-07
DEMO-01265,demo,venta,casa,Casa 3D 2B en Coronel,4700.0,185650000,Coronel,Concepción,117 m²,3,2,https://example.invalid/demo/01265,2026-08-17,2026-09-01
DEMO-00810,demo,venta,casa,Casa 4D 2B en Concepción,7394.0,292063000,Concepción,Concepción,124 m²,4,2,https://example.invalid/demo/00810,2026-06-23,2026-08-07
DEMO-00550,demo,venta,departamento,Depto 4D 2B en Chiguayante,4346.0,171667000,Chiguayante,Concepción,108 m²,4,2,https://example.invalid/demo/00550,2026-06-24,2026-08-17
DEMO-01710,demo,venta,departamento,Depto 2D 1B en Los Ángeles,2310.0,91245000,Los Ángeles,Biobío,51 m²,2,1,https://example.invalid/demo/01710,2026-07-07,2026-07-14
DEMO-03119,demo,venta,departamento,Depto 3D 2B en Tomé,2996.0,118342000,Tomé,Concepción,81 m²,3,2,https://example.invalid/demo/03119,2026-06-02,2026-08-01
DEMO-03100,demo,venta,casa,Casa 3D 2B en Tomé,3060.0,120870000,Tomé,Concepción,121 m²,3,2,https://example.invalid/demo/03100,2026-08-19,2026-09-01
DEMO-02592,demo,venta,casa,Casa 4D 2B en Talcahuano,3221.0,127229500,Talcahuano,Concepción,142 m²,4,2,https://example.invalid/demo/02592,2026-07-21,2026-09-01
DEMO-03139,demo,venta,departamento,Depto 3D 2B en Tomé,2800.0,110600000,Tomé,Concepción,82 m²,3,2,https://example.invalid/demo/03139,2026-06-20,2026-07-22
DEMO-00238,demo,venta,casa,Casa 3D 2B en Chiguayante,4723.0,186558500,Chiguayante,Concepción,102 m²,3,2,https://example.invalid/demo/00238,2026-07-12,2026-07-14
DEMO-02778,demo,venta,departamento,Depto 3D 2B en Talcahuano,5389.0,212865500,Talcahuano,Concepción,71 m²,3,2,https://example.invalid/demo/02778,2026-08-11,2026-09-01
DEMO-01453,demo,venta,departamento,Depto 3D 2B en Hualpén,2821.0,111429500,Hualpén,Concepción,82 m²,3,2,https://example.invalid/demo/01453,2026-06-24,2026-07-20
DEMO-00882,demo,venta,casa,Casa 4D 2B en Concepción,7052.0,278554000,Concepción,Concepción,135 m²,4,2,https://example.invalid/demo/00882,2026-07-01,2026-07-30
DEMO-00683,demo,arriendo,casa,Casa 6D 4B en Concepción,12784,504968000,Concepción,Concepción,247 m²,6,4,https://example.invalid/demo/00683,2026-05-31,2026-06-30
DEMO-01038,demo,venta,departamento,Depto 2D 1B en Concepción,4638.0,183201000,Concepción,Concepción,59 m²,2,1,https://example.invalid/demo/01038,2026-06-15,2026-08-11
DEMO-02245,demo,venta,casa,Casa 3D 2B en San Pedro de la Paz,5831.0,230324500,San Pedro de la Paz,Concepción,97 m²,3,2,https://example.invalid/demo/02245,2026-05-17,2026-05-26
DEMO-02847,demo,venta,departamento,Depto 2D 1B en Talcahuano,2744.0,108388000,Talcahuano,Concepción,59 m²,2,1,https://example.invalid/demo/02847,2026-06-30,2026-07-16
DEMO-01946,demo,venta,departamento,Depto 4D 2B en Penco,4227.0,166966500,Penco,Concepción,119 m²,4,2,https://example.invalid/demo/01946,2026-09-01,2026-09-01
DEMO-02718,demo,venta,casa,Casa 3D 2B en Talcahuano,4196.0,165742000,Talcahuano,Concepción,,3,2,https://example.invalid/demo/02718,2026-08-03,2026-09-01
DEMO-02589,demo,venta,casa,Casa 6D 4B en Talcahuano,5189.0,204965500,Talcahuano,Concepción,,6,4,https://example.invalid/demo/02589,2026-06-03,2026-06-07
DEMO-00890,demo,venta,casa,Casa 6D 4B en Concepción,12745.0,503427500,Concepción,Concepción,222 m²,6,4,https://example.invalid/demo/00890,2026-06-02,2026-07-27
DEMO-00826,demo,venta,casa,Casa 3D 2B en Concepción,4673.0,184583500,Concepción,Concepción,94 m²,3,2,https://example.invalid/demo/00826,2026-05-18,2026-05-19
DEMO-01001,demo,venta,departamento,Depto 2D 1B en Concepción,3373.0,133233500,Concepción,Concepción,,2,1,https://example.invalid/demo/01001,2026-08-21,2026-09-01
DEMO-00330,demo,venta,casa,Casa 4D 2B en Chiguayante,6304.0,249008000,Chiguayante,Concepción,127 m²,4,2,https://example.invalid/demo/00330,2026-07-18,2026-08-29
DEMO-03115,demo,venta,departamento,Depto 4D 2B en Tomé,4381.0,173049500,Tomé,Concepción,123 m²,4,2,https://example.invalid/demo/03115,2026-08-28,2026-08-28
DEMO-02708,demo,venta,casa,Casa 6D 4B en Talcahuano,5430.0,214485000,Talcahuano,Concepción,221 m²,6,4,https://example.invalid/demo/02708,2026-08-07,2026-09-01
DEMO-02622,demo,venta,casa,Casa 3D 2B en Talcahuano,2709.0,107005500,Talcahuano,Concepción,,3,2,https://example.invalid/demo/02622,2026-06-28,2026-08-12
DEMO-02304,demo,venta,departamento,Depto 2D 1B en San Pedro de la Paz,5078.0,200581000,San Pedro de la Paz,Concepción,68 m²,2,1,https://example.invalid/demo/02304,2026-07-10,2026-07-17
DEMO-02726,demo,venta,casa,Casa 3D 2B en Talcahuano,2853.0,112693500,Talcahuano,Concepción,117 m²,3,2,https://example.invalid/demo/02726,2026-08-24,2026-09-01
DEMO-02302,demo,venta,departamento,Depto 3D 2B en San Pedro de la Paz,4339.0,171390500,San Pedro de la Paz,Concepción,95 m²,3,2,https://example.invalid/demo/02302,2026-08-06,2026-09-01
DEMO-02035,demo,venta,casa,Casa 4D 2B en San Pedro de la Paz,7144.0,282188000,San Pedro de la Paz,Concepción,153 m²,4,2,https://example.invalid/demo/02035,2026-06-24,2026-08-08
DEMO-00640,demo,venta,departamento,Depto 2D 1B en Chiguayante,3697.0,146031500,Chiguayante,Concepción,67 m²,2,1,https://example.invalid/demo/00640,2026-08-18,2026-08-26
DEMO-02089,demo,venta,casa,Casa 5D 3B en San Pedro de la Paz,5068.0,200186000,San Pedro de la Paz,Concepción,178 m²,5,3,https://example.invalid/demo/02089,2026-07-09,2026-08-30
DEMO-01797,demo,venta,departamento,Depto 3D 2B en Los Ángeles,4902.0,193629000,Los Ángeles,Biobío,80 m²,3,2,https://example.invalid/demo/01797,2026-05-07,2026-06-02
DEMO-01558,demo,venta,casa,Casa 3D 2B en Los Ángeles,3026.0,119527000,Los Ángeles,Biobío,109 m²,3,2,https://example.invalid/demo/01558,2026-05-10,2026-05-16
DEMO-02340,demo,venta,departamento,Depto 2D 1B en San Pedro de la Paz,3226.0,127427000,San Pedro de la Paz,Concepción,53 m²,2,1,https://example.invalid/demo/02340,2026-05-21,2026-06-05
DEMO-00223,demo,venta,casa,Casa 2D 1B en Chiguayante,2626.0,103727000,Chiguayante,Concepción,84 m²,2,1,https://example.invalid/demo/00223,2026-06-17,2026-08-13
DEMO-02077,demo,venta,casa,Casa 6D 4B en San Pedro de la Paz,13351.0,527364500,San Pedro de la Paz,Concepción,239 m²,6,4,https://example.invalid/demo/02077,2026-05-25,2026-06-22
DEMO-01731,demo,venta,departamento,Depto 3D 2B en Los Ángeles,2702.0,106729000,Los Ángeles,Biobío,77 m²,3,2,https://example.invalid/demo/01731,2026-08-25,2026-09-01
DEMO-01945,demo,venta,departamento,Depto 3D 2B en Penco,3711.0,146584500,Penco,Concepción,,3,2,https://example.invalid/demo/01945,2026-06-18,2026-07-12
DEMO-00163,demo,venta,casa,Casa 6D 4B en Chiguayante,5364.0,211878000,Chiguayante,Concepción,212 m²,6,4,https://example.invalid/demo/00163,2026-08-15,2026-09-01
DEMO-01016,demo,venta,departamento,Depto 2D 1B en Concepción,3155.0,124622500,Concepción,Concepción,,2,1,https://example.invalid/demo/01016,2026-06-21,2026-08-09
DEMO-01493,demo,venta,departamento,Depto 3D 2B en Hualpén,3908.0,154366000,Hualpén,Concepción,90 m²,3,2,https://example.invalid/demo/01493,2026-08-01,2026-08-12
DEMO-02530,demo,venta,departamento,Depto 2D 1B en San Pedro de la Paz,2576.0,101752000,San Pedro de la Paz,Concepción,47 m²,2,1,https://example.invalid/demo/02530,2026-06-26,2026-08-12
DEMO-00049,demo,arriendo,casa,Casa 5D 3B en Chiguayante,27.5,1086250,Chiguayante,Concepción,162 m²,5,3,https://example.invalid/demo/00049,2026-07-23,2026-07-26
DEMO-01042,demo,venta,departamento,Depto 3D 2B en Concepción,3833.0,151403500,Concepción,Concepción,77 m²,3,2,https://example.invalid/demo/01042,2026-07-12,2026-09-01
DEMO-02470,demo,venta,departamento,Depto 5D 3B en San Pedro de la Paz,9783.0,386428500,San Pedro de la Paz,Concepción,130 m²,5,3,https://example.invalid/demo/02470,2026-08-12,2026-08-24
DEMO-01600,demo,venta,casa,Casa 6D 4B en Los Ángeles,10049.0,396935500,Los Ángeles,Biobío,305 m²,6,4,https://example.invalid/demo/01600,2026-05-06,2026-05-07
DEMO-00650,demo,venta,departamento,Depto 2D 1B en Chiguayante,2661.0,105109500,Chiguayante,Concepción,,2,1,https://example.invalid/demo/00650,2026-06-19,2026-07-05
DEMO-01740,demo,venta,departamento,Depto 1D 1B en Los Ángeles,1417.0,55971500,Los Ángeles,Biobío,38 m²,1,1,https://example.invalid/demo/01740,2026-08-26,2026-09-01
DEMO-02015,demo,venta,casa,Casa 5D 3B en San Pedro de la Paz,9351.0,369364500,San Pedro de la Paz,Concepción,186 m²,5,3,https://example.invalid/demo/02015,2026-05-30,2026-06-21
DEMO-01665,demo,venta,casa,Casa 2D 1B en Los Ángeles,2560.0,101120000,Los Ángeles,Biobío,,2,1,https://example.invalid/demo/01665,2026-08-06,2026-09-01
DEMO-01520,demo,venta,casa,Casa 3D 2B en Hualqui,2618.0,103411000,Hualqui,Concepción,113 m²,3,2,https://example.invalid/demo/01520,2026-05-19,2026-05-27
DEMO-02390,demo,venta,departamento,Depto 3D 2B en San Pedro de la Paz,5873.0,231983500,San Pedro de la Paz,Concepción,91 m²,3,2,https://example.invalid/demo/02390,2026-07-25,2026-09-01
DEMO-00424,demo,venta,casa,Casa 6D 4B en Chiguayante,5620.0,221990000,Chiguayante,Concepción,219 m²,6,4,https://example.invalid/demo/00424,2026-08-06,2026-09-01
DEMO-01035,demo,venta,departamento,Depto 2D 1B en Concepción,3470.0,137065000,Concepción,Concepción,51 m²,2,1,https://example.invalid/demo/01035,2026-06-12,2026-07-22
DEMO-00445,demo,venta,departamento,Depto 1D 1B en Chiguayante,2588.0,102226000,Chiguayante,Concepción,41 m²,1,1,https://example.invalid/demo/00445,2026-07-24,2026-07-27
DEMO-01510,demo,venta,casa,Casa 3D 2B en Hualqui,2633.0,104003500,Hualqui,Concepción,110 m²,3,2,https://example.invalid/demo/01510,2026-08-23,2026-09-01
DEMO-02157,demo,venta,casa,Casa 6D 4B en San Pedro de la Paz,14095.0,556752500,San Pedro de la Paz,Concepción,222 m²,6,4,https://example.invalid/demo/02157,2026-05-12,2026-06-01
DEMO-01126,demo,venta,departamento,Depto 3D 2B en Concepción,6390.0,252405000,Concepción,Concepción,95 m²,3,2,https://example.invalid/demo/01126,2026-06-09,2026-07-14
DEMO-02979,demo,venta,casa,Casa 3D 2B en Tomé,3483.0,137578500,Tomé,Concepción,106 m²,3,2,https://example.invalid/demo/02979,2026-08-19,2026-09-01
DEMO-01783,demo,venta,departamento,Depto 4D 2B en Los Ángeles,5051.0,199514500,Los Ángeles,Biobío,116 m²,4,2,https://example.invalid/demo/01783,2026-07-03,2026-08-27
DEMO-01471,demo,venta,departamento,Depto 4D 2B en Hualpén,4013.0,158513500,Hualpén,Concepción,,4,2,https://example.invalid/demo/01471,2026-07-03,2026-08-11
DEMO-00047,demo,arriendo,casa,Casa 5D 3B en Chiguayante,29.1,1149450,Chiguayante,Concepción,,5,3,https://example.invalid/demo/00047,2026-07-28,2026-08-31
DEMO-01821,demo,venta,departamento,Depto 4D 2B en Los Ángeles,3402.0,134379000,Los Ángeles,Biobío,110 m²,4,2,https://example.invalid/demo/01821,2026-07-26,2026-09-01
DEMO-02017,demo,venta,casa,Casa 4D 2B en San Pedro de la Paz,3400.0,134300000,San Pedro de la Paz,Concepción,,4,2,https://example.invalid/demo/02017,2026-05-21,2026-06-12
DEMO-00311,demo,venta,casa,Casa 3D 2B en Chiguayante,4324.0,170798000,Chiguayante,Concepción,105 m²,3,2,https://example.invalid/demo/00311,2026-05-30,2026-07-06
DEMO-01961,demo,venta,departamento,Depto 2D 1B en Penco,2077.0,82041500,Penco,Concepción,59 m²,2,1,https://example.invalid/demo/01961,2026-08-10,2026-09-01
DEMO-00723,demo,venta,casa,Casa 5D 3B en Concepción,6951.0,274564500,Concepción,Concepción,161 m²,5,3,https://example.invalid/demo/00723,2026-05-10,2026-07-04
DEMO-00602,demo,venta,departamento,Depto 1D 1B en Chiguayante,1802.0,71179000,Chiguayante,Concepción,36 m²,1,1,https://example.invalid/demo/00602,2026-08-14,2026-09-01
DEMO-00831,demo,venta,casa,Casa 6D 4B en Concepción,10224.0,403848000,Concepción,Concepción,279 m²,6,4,https://example.invalid/demo/00831,2026-07-10,2026-07-20
DEMO-02091,demo,venta,casa,Casa 4D 2B en San Pedro de la Paz,6176.0,243952000,San Pedro de la Paz,Concepción,127 m²,4,2,https://example.invalid/demo/02091,2026-05-12,2026-07-02
DEMO-00466,demo,venta,departamento,Depto 2D 1B en Chiguayante,3222.0,127269000,Chiguayante,Concepción,55 m²,2,1,https://example.invalid/demo/00466,2026-06-27,2026-08-10
DEMO-00120,demo,venta,casa,Casa 4D 2B en Chiguayante,4318.0,170561000,Chiguayante,Concepción,135 m²,4,2,https://example.invalid/demo/00120,2026-07-20,2026-08-14
DEMO-01111,demo,venta,departamento,Depto 3D 2B en Concepción,6945.0,274327500,Concepción,Concepción,92 m²,3,2,https://example.invalid/demo/01111,2026-06-26,2026-07-13
DEMO-00756,demo,venta,casa,Casa 3D 2B en Concepción,5956.0,235262000,Concepción,Concepción,106 m²,3,2,https://example.invalid/demo/00756,2026-08-28,2026-09-01
DEMO-02513,demo,venta,departamento,Depto 3D 2B en San Pedro de la Paz,2954.0,116683000,San Pedro de la Paz,Concepción,72 m²,3,2,https://example.invalid/demo/02513,2026-07-08,2026-07-11
DEMO-01118,demo,venta,departamento,Depto 2D 1B en Concepción,31,1224500,Concepción,Concepción,52 m²,2,1,https://example.invalid/demo/01118,2026-06-27,2026-07-21
DEMO-00082,demo,venta,casa,Casa 3D 2B en Chiguayante,4591.0,181344500,Chiguayante,Concepción,115 m²,3,2,https://example.invalid/demo/00082,2026-05-17,2026-07-04
DEMO-00802,demo,venta,casa,Casa 3D 2B en Concepción,4757.0,187901500,Concepción,Concepción,118 m²,3,2,https://example.invalid/demo/00802,2026-07-02,2026-08-23
DEMO-01675,demo,venta,casa,Casa 4D 2B en Los Ángeles,6838.0,270101000,Los Ángeles,Biobío,,4,2,https://example.invalid/demo/01675,2026-05-08,2026-05-08
DEMO-01065,demo,venta,departamento,Depto 1D 1B en Concepción,2431.0,96024500,Concepción,Concepción,,1,1,https://example.invalid/demo/01065,2026-06-07,2026-06-23
DEMO-02423,demo,venta,departamento,Depto 3D 2B en San Pedro de la Paz,3584.0,141568000,San Pedro de la Paz,Concepción,72 m²,3,2,https://example.invalid/demo/02423,2026-08-20,2026-09-01
DEMO-00107,demo,venta,casa,Casa 4D 2B en Chiguayante,5252.0,207454000,Chiguayante,Concepción,136 m²,4,2,https://example.invalid/demo/00107,2026-08-13,2026-09-01
DEMO-01577,demo,venta,casa,Casa 4D 2B en Los Ángeles,3348.0,132246000,Los Ángeles,Biobío,132 m²,4,2,https://example.invalid/demo/01577,2026-08-11,2026-08-22
DEMO-02251,demo,venta,casa,Casa 2D 1B en San Pedro de la Paz,4414.0,174353000,San Pedro de la Paz,Concepción,,2,1,https://example.invalid/demo/02251,2026-05-25,2026-07-19
DEMO-01787,demo,venta,departamento,Depto 2D 1B en Los Ángeles,2410.0,95195000,Los Ángeles,Biobío,66 m²,2,1,https://example.invalid/demo/01787,2026-06-29,2026-07-16
DEMO-00661,demo,venta,departamento,Depto 2D 1B en Chiguayante,2421.0,95629500,Chiguayante,Concepción,,2,1,https://example.invalid/demo/00661,2026-07-31,2026-09-01
DEMO-02808,demo,venta,departamento,Depto 3D 2B en Talcahuano,5161.0,203859500,Talcahuano,Concepción,94 m²,3,2,https://example.invalid/demo/02808,2026-05-30,2026-07-08
DEMO-03048,demo,venta,casa,Casa 2D 1B en Tomé,1824.0,72048000,Tomé,Concepción,77 m²,2,1,https://example.invalid/demo/03048,2026-05-22,2026-06-22
DEMO-02992,demo,venta,casa,Casa 3D 2B en Tomé,1354.0,53483000,Tomé,Concepción,,3,2,https://example.invalid/demo/02992,2026-07-29,2026-09-01
DEMO-00770,demo,venta,casa,Casa 6D 4B en Concepción,9881.0,390299500,Concepción,Concepción,224 m²,6,4,https://example.invalid/demo/00770,2026-08-05,2026-09-01
DEMO-00827,demo,venta,casa,Casa 4D 2B en Concepción,4775.0,188612500,Concepción,Concepción,152 m²,4,2,https://example.invalid/demo/00827,2026-05-05,2026-06-08
DEMO-01685,demo,venta,casa,Casa 5D 3B en Los Ángeles,5418.0,214011000,Los Ángeles,Biobío,163 m²,5,3,https://example.invalid/demo/01685,2026-07-26,2026-08-29
DEMO-02567,demo,venta,casa,Casa 4D 2B en Santa Juana,2786.0,110047000,Santa Juana,Concepción,141 m²,4,2,https://example.invalid/demo/02567,2026-06-07,2026-07-20
DEMO-00891,demo,venta,casa,Casa 5D 3B en Concepción,7533.0,297553500,Concepción,Concepción,169 m²,5,3,https://example.invalid/demo/00891,2026-05-06,2026-06-12
DEMO-02063,demo,venta,casa,Casa 3D 2B en San Pedro de la Paz,3983.0,157328500,San Pedro de la Paz,Concepción,90 m²,3,2,https://example.invalid/demo/02063,2026-05-04,2026-05-07
DEMO-02957,demo,venta,casa,Casa 3D 2B en Tomé,2241.0,88519500,Tomé,Concepción,108 m²,3,2,https://example.invalid/demo/02957,2026-07-23,2026-07-23
DEMO-02755,demo,venta,departamento,Depto 2D 1B en Talcahuano,2418.0,95511000,Talcahuano,Concepción,67 m²,2,1,https://example.invalid/demo/02755,2026-07-25,2026-09-01
DEMO-01578,demo,venta,casa,Casa 5D 3B en Los Ángeles,7551.0,298264500,Los Ángeles,Biobío,,5,3,https://example.invalid/demo/01578,2026-06-01,2026-06-01
DEMO-01432,demo,venta,departamento,Depto 2D 1B en Hualpén,2743.0,108348500,Hualpén,Concepción,60 m²,2,1,https://example.invalid/demo/01432,2026-06-20,2026-07-28
DEMO-02855,demo,venta,departamento,Depto 5D 3B en Talcahuano,5009.0,197855500,Talcahuano,Concepción,,5,3,https://example.invalid/demo/02855,2026-08-20,2026-09-01
DEMO-03081,demo,venta,casa,Casa 4D 2B en Tomé,3078.0,121581000,Tomé,Concepción,150 m²,4,2,https://example.invalid/demo/03081,2026-05-21,2026-06-05
DEMO-03039,demo,venta,casa,Casa 4D 2B en Tomé,3892.0,153734000,Tomé,Concepción,157 m²,4,2,https://example.invalid/demo/03039,2026-08-11,2026-09-01
DEMO-02085,demo,venta,casa,Casa 5D 3B en San Pedro de la Paz,8727.0,344716500,San Pedro de la Paz,Concepción,171 m²,5,3,https://example.invalid/demo/02085,2026-08-25,2026-09-01
DEMO-00422,demo,venta,casa,Casa 5D 3B en Chiguayante,7120.0,281240000,Chiguayante,Concepción,177 m²,5,3,https://example.invalid/demo/00422,2026-07-13,2026-08-01
DEMO-00703,demo,venta,casa,Casa 3D 2B en Concepción,5027.0,198566500,Concepción,Concepción,110 m²,3,2,https://example.invalid/demo/00703,2026-05-12,2026-06-29
DEMO-02557,demo,venta,casa,Casa 3D 2B en Santa Bárbara,1415.0,55892500,Santa Bárbara,Biobío,101 m²,3,2,https://example.invalid/demo/02557,2026-05-05,2026-05-18
DEMO-02442,demo,venta,departamento,Depto 3D 2B en San Pedro de la Paz,3850.0,152075000,San Pedro de la Paz,Concepción,,3,2,https://example.invalid/demo/02442,2026-05-09,2026-05-10
DEMO-01340,demo,venta,casa,Casa 4D 2B en Hualpén,4271.0,168704500,Hualpén,Concepción,,4,2,https://example.invalid/demo/01340,2026-08-24,2026-09-01
DEMO-01236,demo,venta,casa,Casa 3D 2B en Coronel,3027.0,119566500,Coronel,Concepción,,3,2,https://example.invalid/demo/01236,2026-05-19,2026-05-30
DEMO-00931,demo,venta,casa,Casa 6D 4B en Concepción,10942.0,432209000,Concepción,Concepción,,6,4,https://example.invalid/demo/00931,2026-08-23,2026-09-01
DEMO-03134,demo,venta,departamento,Depto 2D 1B en Tomé,1412.0,55774000,Tomé,Concepción,51 m²,2,1,https://example.invalid/demo/03134,2026-08-31,2026-09-01
DEMO-02124,demo,venta,casa,Casa 3D 2B en San Pedro de la Paz,5277.0,208441500,San Pedro de la Paz,Concepción,96 m²,3,2,https://example.invalid/demo/02124,2026-08-09,2026-08-09
DEMO-00110,demo,venta,casa,Casa 3D 2B en Chiguayante,3511.0,138684500,Chiguayante,Concepción,95 m²,3,2,https://example.invalid/demo/00110,2026-08-05,2026-08-29
DEMO-00677,demo,venta,departamento,Depto 3D 2B en Chiguayante,3083.0,121778500,Chiguayante,Concepción,,3,2,https://example.invalid/demo/00677,2026-07-25,2026-09-01
DEMO-01614,demo,venta,casa,Casa 4D 2B en Los Ángeles,3801.0,150139500,Los Ángeles,Biobío,133 m²,4,2,https://example.invalid/demo/01614,2026-07-12,2026-09-01
DEMO-00824,demo,venta,casa,Casa 3D 2B en Concepción,4872.0,192444000,Concepción,Concepción,110 m²,3,2,https://example.invalid/demo/00824,2026-07-03,2026-07-30
DEMO-00390,demo,venta,casa,Casa 5D 3B en Chiguayante,10773.0,425533500,Chiguayante,Concepción,181 m²,5,3,https://example.invalid/demo/00390,2026-08-15,2026-09-01
DEMO-01176,demo,venta,departamento,Depto 2D 1B en Concepción,2804.0,110758000,Concepción,Concepción,46 m²,2,1,https://example.invalid/demo/01176,2026-08-14,2026-08-26
DEMO-01621,demo,venta,casa,Casa 3D 2B en Los Ángeles,3024.0,119448000,Los Ángeles,Biobío,94 m²,3,2,https://example.invalid/demo/01621,2026-06-21,2026-07-29
DEMO-01407,demo,venta,departamento,Depto 2D 1B en Hualpén,2586.0,102147000,Hualpén,Concepción,53 m²,2,1,https://example.invalid/demo/01407,2026-07-18,2026-08-28
DEMO-01049,demo,venta,departamento,Depto 3D 2B en Concepción,6481.0,255999500,Concepción,Concepción,83 m²,3,2,https://example.invalid/demo/01049,2026-06-08,2026-07-09
DEMO-02835,demo,venta,departamento,Depto 5D 3B en Talcahuano,3469.0,137025500,Talcahuano,Concepción,132 m²,5,3,https://example.invalid/demo/02835,2026-07-22,2026-07-25
DEMO-03036,demo,venta,casa,Casa 6D 4B en Tomé,6388.0,252326000,Tomé,Concepción,193 m²,6,4,https://example.invalid/demo/03036,2026-05-26,2026-06-22
DEMO-00360,demo,venta,casa,Casa 6D 4B en Chiguayante,16383.0,647128500,Chiguayante,Concepción,,6,4,https://example.invalid/demo/00360,2026-05-27,2026-07-04
DEMO-03085,demo,venta,casa,Casa 2D 1B en Tomé,2127.0,84016500,Tomé,Concepción,76 m²,2,1,https://example.invalid/demo/03085,2026-08-27,2026-09-01
DEMO-01313,demo,venta,casa,Casa 2D 1B en Florida,1085.0,42857500,Florida,Concepción,69 m²,2,1,https://example.invalid/demo/01313,2026-05-11,2026-07-03
DEMO-02294,demo,venta,departamento,Depto 2D 1B en San Pedro de la Paz,2468.0,97486000,San Pedro de la Paz,Concepción,52 m²,2,1,https://example.invalid/demo/02294,2026-07-22,2026-09-01
DEMO-01773,demo,venta,departamento,Depto 2D 1B en Los Ángeles,3531.0,139474500,Los Ángeles,Biobío,,2,1,https://example.invalid/demo/01773,2026-05-22,2026-05-26
DEMO-03088,demo,venta,casa,Casa 4D 2B en Tomé,3128.0,123556000,Tomé,Concepción,126 m²,4,2,https://example.invalid/demo/03088,2026-06-15,2026-08-09
DEMO-01398,demo,venta,departamento,Depto 3D 2B en Hualpén,3991.0,157644500,Hualpén,Concepción,78 m²,3,2,https://example.invalid/demo/01398,2026-05-05,2026-05-28
DEMO-02534,demo,venta,departamento,Depto 3D 2B en San Pedro de la Paz,5489.0,216815500,San Pedro de la Paz,Concepción,88 m²,3,2,https://example.invalid/demo/02534,2026-08-12,2026-09-01
DEMO-00488,demo,venta,departamento,Depto 3D 2B en Chiguayante,2781.0,109849500,Chiguayante,Concepción,74 m²,3,2,https://example.invalid/demo/00488,2026-08-15,2026-08-25
DEMO-00308,demo,venta,casa,Casa 4D 2B en Chiguayante,5531.0,218474500,Chiguayante,Concepción,131 m²,4,2,https://example.invalid/demo/00308,2026-08-24,2026-08-29
DEMO-01759,demo,venta,departamento,Depto 1D 1B en Los Ángeles,2840.0,112180000,Los Ángeles,Biobío,34 m²,1,1,https://example.invalid/demo/01759,2026-06-08,2026-07-03
DEMO-02799,demo,venta,departamento,Depto 2D 1B en Talcahuano,2286.0,90297000,Talcahuano,Concepción,,2,1,https://example.invalid/demo/02799,2026-08-12,2026-09-01
DEMO-00919,demo,venta,casa,Casa 4D 2B en Concepción,8470.0,334565000,Concepción,Concepción,141 m²,4,2,https://example.invalid/demo/00919,2026-05-17,2026-07-11
DEMO-01406,demo,venta,departamento,Depto 2D 1B en Hualpén,2993.0,118223500,Hualpén,Concepción,63 m²,2,1,https://example.invalid/demo/01406,2026-07-16,2026-09-01
DEMO-02638,demo,venta,casa,Casa 6D 4B en Talcahuano,6037.0,238461500,Talcahuano,Concepción,,6,4,https://example.invalid/demo/02638,2026-06-29,2026-07-26
DEMO-03125,demo,venta,departamento,Depto 2D 1B en Tomé,1266.0,50007000,Tomé,Concepción,,2,1,https://example.invalid/demo/03125,2026-05-22,2026-07-21
DEMO-01472,demo,venta,departamento,Depto 4D 2B en Hualpén,4133.0,163253500,Hualpén,Concepción,116 m²,4,2,https://example.invalid/demo/01472,2026-07-24,2026-09-01
DEMO-01761,demo,venta,departamento,Depto 3D 2B en Los Ángeles,3917.0,154721500,Los Ángeles,Biobío,,3,2,https://example.invalid/demo/01761,2026-07-15,2026-08-06
DEMO-00385,demo,venta,casa,Casa 5D 3B en Chiguayante,4997.0,197381500,Chiguayante,Concepción,159 m²,5,3,https://example.invalid/demo/00385,2026-07-25,2026-08-04
DEMO-01270,demo,venta,casa,Casa 3D 2B en Coronel,2681.0,105899500,Coronel,Concepción,102 m²,3,2,https://example.invalid/demo/01270,2026-06-07,2026-06-28
DEMO-01321,demo,arriendo,casa,Casa 3D 2B en Hualpén,20.9,825550,Hualpén,Concepción,111 m²,3,2,https://example.invalid/demo/01321,2026-07-01,2026-08-04
DEMO-00902,demo,venta,casa,Casa 6D 4B en Concepción,14089.0,556515500,Concepción,Concepción,257 m²,6,4,https://example.invalid/demo/00902,2026-05-19,2026-06-20
DEMO-02430,demo,venta,departamento,Depto 2D 1B en San Pedro de la Paz,2968.0,117236000,San Pedro de la Paz,Concepción,66 m²,2,1,https://example.invalid/demo/02430,2026-08-27,2026-09-01
DEMO-02075,demo,venta,casa,Casa 4D 2B en San Pedro de la Paz,5660.0,223570000,San Pedro de la Paz,Concepción,145 m²,4,2,https://example.invalid/demo/02075,2026-05-11,2026-06-21
DEMO-02843,demo,venta,departamento,Depto 2D 1B en Talcahuano,2321.0,91679500,Talcahuano,Concepción,56 m²,2,1,https://example.invalid/demo/02843,2026-07-13,2026-08-18
DEMO-01629,demo,venta,casa,Casa 6D 4B en Los Ángeles,7288.0,287876000,Los Ángeles,Biobío,,6,4,https://example.invalid/demo/01629,2026-05-12,2026-05-18
DEMO-02416,demo,venta,departamento,Depto 3D 2B en San Pedro de la Paz,6008.0,237316000,San Pedro de la Paz,Concepción,80 m²,3,2,https://example.invalid/demo/02416,2026-05-27,2026-06-06
DEMO-01153,demo,venta,departamento,Depto 3D 2B en Concepción,5515.0,217842500,Concepción,Concepción,91 m²,3,2,https://example.invalid/demo/01153,2026-07-20,2026-08-19
DEMO-01388,demo,venta,casa,Casa 4D 2B en Hualpén,7348.0,290246000,Hualpén,Concepción,143 m²,4,2,https://example.invalid/demo/01388,2026-05-19,2026-07-11
DEMO-00050,demo,arriendo,casa,Casa 5D 3B en Chiguayante,21.2,837400,Chiguayante,Concepción,182 m²,5,3,https://example.invalid/demo/00050,2026-05-06,2026-06-22
DEMO-00558,demo,venta,departamento,Depto 4D 2B en Chiguayante,3655.0,144372500,Chiguayante,Concepción,107 m²,4,2,https://example.invalid/demo/00558,2026-07-11,2026-08-01
DEMO-01367,demo,venta,casa,Casa 3D 2B en Hualpén,3784.0,149468000,Hualpén,Concepción,,3,2,https://example.invalid/demo/01367,2026-06-28,2026-07-11
DEMO-02862,demo,venta,departamento,Depto 2D 1B en Talcahuano,1829.0,72245500,Talcahuano,Concepción,43 m²,2,1,https://example.invalid/demo/02862,2026-08-23,2026-09-01
DEMO-00248,demo,venta,casa,Casa 6D 4B en Chiguayante,8553.0,337843500,Chiguayante,Concepción,240 m²,6,4,https://example.invalid/demo/00248,2026-06-15,2026-07-16
DEMO-01769,demo,venta,departamento,Depto 2D 1B en Los Ángeles,3033.0,119803500,Los Ángeles,Biobío,58 m²,2,1,https://example.invalid/demo/01769,2026-05-04,2026-05-15
DEMO-02349,demo,venta,departamento,Depto 2D 1B en San Pedro de la Paz,3307.0,130626500,San Pedro de la Paz,Concepción,59 m²,2,1,https://example.invalid/demo/02349,2026-07-25,2026-08-31
DEMO-02066,demo,venta,casa,Casa 6D 4B en San Pedro de la Paz,10419.0,411550500,San Pedro de la Paz,Concepción,232 m²,6,4,https://example.invalid/demo/02066,2026-08-09,2026-09-01
DEMO-00634,demo,venta,departamento,Depto 3D 2B en Chiguayante,3101.0,122489500,Chiguayante,Concepción,77 m²,3,2,https://example.invalid/demo/00634,2026-07-18,2026-07-29
DEMO-01480,demo,venta,departamento,Depto 2D 1B en Hualpén,2873.0,113483500,Hualpén,Concepción,59 m²,2,1,https://example.invalid/demo/01480,2026-05-27,2026-07-26
DEMO-02059,demo,venta,casa,Casa 6D 4B en San Pedro de la Paz,15372.0,607194000,San Pedro de la Paz,Concepción,259 m²,6,4,https://example.invalid/demo/02059,2026-05-20,2026-07-06
DEMO-00449,demo,venta,departamento,Depto 2D 1B en Chiguayante,2225.0,87887500,Chiguayante,Concepción,59 m²,2,1,https://example.invalid/demo/00449,2026-08-22,2026-09-01
DEMO-02816,demo,venta,departamento,Depto 3D 2B en Talcahuano,3510.0,138645000,Talcahuano,Concepción,86 m²,3,2,https://example.invalid/demo/02816,2026-08-05,2026-09-01
DEMO-00112,demo,venta,casa,Casa 6D 4B en Chiguayante,10713.0,423163500,Chiguayante,Concepción,206 m²,6,4,https://example.invalid/demo/00112,2026-08-11,2026-09-01
DEMO-00782,demo,venta,casa,Casa 6D 4B en Concepción,9520.0,376040000,Concepción,Concepción,248 m²,6,4,https://example.invalid/demo/00782,2026-05-21,2026-05-23
DEMO-00543,demo,venta,departamento,Depto 5D 3B en Chiguayante,6078.0,240081000,Chiguayante,Concepción,133 m²,5,3,https://example.invalid/demo/00543,2026-05-13,2026-07-04
DEMO-00073,demo,venta,casa,Casa 5D 3B en Chiguayante,6711.0,265084500,Chiguayante,Concepción,,5,3,https://example.invalid/demo/00073,2026-07-12,2026-08-27
DEMO-02815,demo,venta,departamento,Depto 2D 1B en Talcahuano,2854.0,112733000,Talcahuano,Concepción,67 m²,2,1,https://example.invalid/demo/02815,2026-07-26,2026-08-26
DEMO-00955,demo,arriendo,departamento,Depto 3D 2B en Concepción,37.2,1469400,Concepción,Concepción,92 m²,3,2,https://example.invalid/demo/00955,2026-07-17,2026-09-01
DEMO-01744,demo,venta,departamento,Depto 2D 1B en Los Ángeles,1962.0,77499000,Los Ángeles,Biobío,56 m²,2,1,https://example.invalid/demo/01744,2026-07-07,2026-08-14
DEMO-00822,demo,venta,casa,Casa 6D 4B en Concepción,0,0,Concepción,Concepción,197 m²,6,4,https://example.invalid/demo/00822,2026-06-25,2026-08-01
DEMO-00907,demo,venta,casa,Casa 5D 3B en Concepción,8132.0,321214000,Concepción,Concepción,,5,3,https://example.invalid/demo/00907,2026-06-15,2026-06-24
DEMO-00417,demo,venta,casa,Casa 2D 1B en Chiguayante,2510.0,99145000,Chiguayante,Concepción,74 m²,2,1,https://example.invalid/demo/00417,2026-07-15,2026-09-01
DEMO-02524,demo,venta,departamento,Depto 2D 1B en San Pedro de la Paz,3823.0,151008500,San Pedro de la Paz,Concepción,,2,1,https://example.invalid/demo/02524,2026-07-10,2026-09-01
DEMO-02790,demo,venta,departamento,Depto 2D 1B en Talcahuano,1222.0,48269000,Talcahuano,Concepción,42 m²,2,1,https://example.invalid/demo/02790,2026-08-01,2026-08-28
DEMO-02739,demo,venta,departamento,Depto 3D 2B en Talcahuano,3974.0,156973000,Talcahuano,Concepción,89 m²,3,2,https://example.invalid/demo/02739,2026-05-12,2026-05-17
DEMO-02290,demo,venta,departamento,Depto 3D 2B en San Pedro de la Paz,5094.0,201213000,San Pedro de la Paz,Concepción,,3,2,https://example.invalid/demo/02290,2026-08-04,2026-08-12
DEMO-02734,demo,venta,casa,Casa 6D 4B en Talcahuano,9179.0,362570500,Talcahuano,Concepción,276 m²,6,4,https://example.invalid/demo/02734,2026-08-19,2026-09-01
DEMO-01217,demo,venta,departamento,Depto 3D 2B en Concepción,4545.0,179527500,Concepción,Concepción,76 m²,3,2,https://example.invalid/demo/01217,2026-06-22,2026-08-05
DEMO-00577,demo,venta,departamento,Depto 2D 1B en Chiguayante,2463.0,97288500,Chiguayante,Concepción,50 m²,2,1,https://example.invalid/demo/00577,2026-07-14,2026-08-04
DEMO-01636,demo,venta,casa,Casa 6D 4B en Los Ángeles,6819.0,269350500,Los Ángeles,Biobío,251 m²,6,4,https://example.invalid/demo/01636,2026-06-11,2026-06-29
DEMO-00064,demo,arriendo,casa,Casa 3D 2B en Chiguayante,16.9,667550,Chiguayante,Concepción,96 m²,3,2,https://example.invalid/demo/00064,2026-06-19,2026-07-11
DEMO-02081,demo,venta,casa,Casa 3D 2B en San Pedro de la Paz,4847.0,191456500,San Pedro de la Paz,Concepción,98 m²,3,2,https://example.invalid/demo/02081,2026-07-16,2026-09-01
DEMO-00779,demo,venta,casa,Casa 6D 4B en Concepción,14449.0,570735500,Concepción,Concepción,243 m²,6,4,https://example.invalid/demo/00779,2026-07-05,2026-07-23
DEMO-01733,demo,venta,departamento,Depto 4D 2B en Los Ángeles,5886.0,232497000,Los Ángeles,Biobío,116 m²,4,2,https://example.invalid/demo/01733,2026-08-19,2026-09-01
DEMO-02967,demo,venta,casa,Casa 3D 2B en Tomé,2831.0,111824500,Tomé,Concepción,110 m²,3,2,https://example.invalid/demo/02967,2026-05-19,2026-06-15
DEMO-01591,demo,venta,casa,Casa 5D 3B en Los Ángeles,6140.0,242530000,Los Ángeles,Biobío,184 m²,5,3,https://example.invalid/demo/01591,2026-05-27,2026-06-29
DEMO-00489,demo,venta,departamento,Depto 4D 2B en Chiguayante,4424.0,174748000,Chiguayante,Concepción,106 m²,4,2,https://example.invalid/demo/00489,2026-08-30,2026-09-01
DEMO-02321,demo,venta,departamento,Depto 4D 2B en San Pedro de la Paz,5407.0,213576500,San Pedro de la Paz,Concepción,,4,2,https://example.invalid/demo/02321,2026-08-07,2026-09-01
DEMO-00090,demo,venta,casa,Casa 5D 3B en Chiguayante,6601.0,260739500,Chiguayante,Concepción,173 m²,5,3,https://example.invalid/demo/00090,2026-05-31,2026-06-09
DEMO-02936,demo,venta,casa,Casa 3D 2B en Tomé,2849.0,112535500,Tomé,Concepción,118 m²,3,2,https://example.invalid/demo/02936,2026-05-27,2026-07-12
DEMO-00563,demo,venta,departamento,Depto 4D 2B en Chiguayante,7552.0,298304000,Chiguayante,Concepción,108 m²,4,2,https://example.invalid/demo/00563,2026-06-30,2026-08-12
DEMO-02464,demo,venta,departamento,Depto 2D 1B en San Pedro de la Paz,3526.0,139277000,San Pedro de la Paz,Concepción,62 m²,2,1,https://example.invalid/demo/02464,2026-05-19,2026-06-04
DEMO-01775,demo,venta,departamento,Depto 5D 3B en Los Ángeles,4734.0,186993000,Los Ángeles,Biobío,,5,3,https://example.invalid/demo/01775,2026-05-13,2026-05-17
DEMO-02673,demo,venta,casa,Casa 4D 2B en Talcahuano,6151.0,242964500,Talcahuano,Concepción,134 m²,4,2,https://example.invalid/demo/02673,2026-06-29,2026-08-16
DEMO-01112,demo,venta,departamento,Depto 2D 1B en Concepción,2125.0,83937500,Concepción,Concepción,56 m²,2,1,https://example.invalid/demo/01112,2026-07-04,2026-08-11
DEMO-00363,demo,venta,casa,Casa 2D 1B en Chiguayante,2888.0,114076000,Chiguayante,Concepción,74 m²,2,1,https://example.invalid/demo/00363,2026-07-30,2026-09-01
DEMO-01605,demo,venta,casa,Casa 6D 4B en Los Ángeles,7580.0,299410000,Los Ángeles,Biobío,306 m²,6,4,https://example.invalid/demo/01605,2026-07-18,2026-08-13
DEMO-00743,demo,venta,casa,Casa 6D 4B en Concepción,14046.0,554817000,Concepción,Concepción,213 m²,6,4,https://example.invalid/demo/00743,2026-07-04,2026-07-19
DEMO-00413,demo,venta,casa,Casa 6D 4B en Chiguayante,6825.0,269587500,Chiguayante,Concepción,,6,4,https://example.invalid/demo/00413,2026-05-10,2026-06-07
DEMO-00998,demo,venta,departamento,Depto 2D 1B en Concepción,3063.0,120988500,Concepción,Concepción,62 m²,2,1,https://example.invalid/demo/00998,2026-07-08,2026-07-23
DEMO-02723,demo,venta,casa,Casa 3D 2B en Talcahuano,4012.0,158474000,Talcahuano,Concepción,113 m²,3,2,https://example.invalid/demo/02723,2026-08-25,2026-09-01
DEMO-02049,demo,venta,casa,Casa 4D 2B en San Pedro de la Paz,6071.0,239804500,San Pedro de la Paz,Concepción,140 m²,4,2,https://example.invalid/demo/02049,2026-07-09,2026-07-23
DEMO-00924,demo,venta,casa,Casa 4D 2B en Concepción,4770.0,188415000,Concepción,Concepción,127 m²,4,2,https://example.invalid/demo/00924,2026-08-18,2026-09-01
DEMO-00533,demo,venta,departamento,Depto 3D 2B en Chiguayante,3441.0,135919500,Chiguayante,Concepción,,3,2,https://example.invalid/demo/00533,2026-05-27,2026-07-26
DEMO-01165,demo,venta,departamento,Depto 5D 3B en Concepción,7854.0,310233000,Concepción,Concepción,134 m²,5,3,https://example.invalid/demo/01165,2026-07-07,2026-08-26
DEMO-01811,demo,venta,departamento,Depto 2D 1B en Los Ángeles,2149.0,84885500,Los Ángeles,Biobío,59 m²,2,1,https://example.invalid/demo/01811,2026-07-27,2026-09-01
DEMO-03066,demo,venta,casa,Casa 6D 4B en Tomé,6592.0,260384000,Tomé,Concepción,225 m²,6,4,https://example.invalid/demo/03066,2026-05-21,2026-06-18
DEMO-02738,demo,venta,casa,Casa 5D 3B en Talcahuano,3111.0,122884500,Talcahuano,Concepción,168 m²,5,3,https://example.invalid/demo/02738,2026-07-11,2026-08-19
DEMO-00001,demo,venta,casa,Casa 3D 2B en Arauco,1876.0,74102000,Arauco,Arauco,,3,2,https://example.invalid/demo/00001,2026-08-04,2026-09-01
DEMO-03084,demo,venta,casa,Casa 4D 2B en Tomé,2094.0,82713000,Tomé,Concepción,133 m²,4,2,https://example.invalid/demo/03084,2026-06-25,2026-08-12
DEMO-00874,demo,venta,casa,Casa 5D 3B en Concepción,8171.0,322754500,Concepción,Concepción,164 m²,5,3,https://example.invalid/demo/00874,2026-08-14,2026-09-01
DEMO-01327,demo,venta,casa,Casa 6D 4B en Hualpén,10759.0,424980500,Hualpén,Concepción,239 m²,6,4,https://example.invalid/demo/01327,2026-05-06,2026-05-31
DEMO-02482,demo,venta,departamento,Depto 4D 2B en San Pedro de la Paz,7312.0,288824000,San Pedro de la Paz,Concepción,,4,2,https://example.invalid/demo/02482,2026-06-20,2026-07-21
DEMO-03067,demo,venta,casa,Casa 4D 2B en Tomé,4131.0,163174500,Tomé,Concepción,,4,2,https://example.invalid/demo/03067,2026-05-23,2026-07-22
DEMO-00334,demo,venta,casa,Casa 3D 2B en Chiguayante,4695.0,185452500,Chiguayante,Concepción,92 m²,3,2,https://example.invalid/demo/00334,2026-05-11,2026-06-04
DEMO-03008,demo,venta,casa,Casa 2D 1B en Tomé,1167.0,46096500,Tomé,Concepción,72 m²,2,1,https://example.invalid/demo/03008,2026-07-31,2026-08-06
DEMO-03145,demo,venta,departamento,Depto 2D 1B en Tomé,2105.0,83147500,Tomé,Concepción,58 m²,2,1,https://example.invalid/demo/03145,2026-06-07,2026-06-17
DEMO-01450,demo,venta,departamento,Depto 3D 2B en Hualpén,3856.0,152312000,Hualpén,Concepción,73 m²,3,2,https://example.invalid/demo/01450,2026-07-16,2026-08-06
DEMO-00557,demo,venta,departamento,Depto 2D 1B en Chiguayante,2829.0,111745500,Chiguayante,Concepción,,2,1,https://example.invalid/demo/00557,2026-06-12,2026-07-02
DEMO-01526,demo,venta,casa,Casa 6D 4B en Hualqui,6501.0,256789500,Hualqui,Concepción,,6,4,https://example.invalid/demo/01526,2026-06-01,2026-07-11
DEMO-00364,demo,venta,casa,Casa 5D 3B en Chiguayante,4603.0,181818500,Chiguayante,Concepción,185 m²,5,3,https://example.invalid/demo/00364,2026-05-12,2026-05-28
DEMO-02067,demo,venta,casa,Casa 4D 2B en San Pedro de la Paz,6219.0,245650500,San Pedro de la Paz,Concepción,150 m²,4,2,https://example.invalid/demo/02067,2026-08-04,2026-09-01
DEMO-02000,demo,venta,casa,Casa 5D 3B en San Pedro de la Paz,7428.0,293406000,San Pedro de la Paz,Concepción,,5,3,https://example.invalid/demo/02000,2026-07-03,2026-07-16
DEMO-00952,demo,arriendo,departamento,Depto 2D 1B en Concepción,18.7,738650,Concepción,Concepción,63 m²,2,1,https://example.invalid/demo/00952,2026-06-10,2026-06-10
DEMO-00254,demo,venta,casa,Casa 6D 4B en Chiguayante,9578.0,378331000,Chiguayante,Concepción,223 m²,6,4,https://example.invalid/demo/00254,2026-06-11,2026-07-03
DEMO-01088,demo,venta,departamento,Depto 5D 3B en Concepción,14434.0,570143000,Concepción,Concepción,133 m²,5,3,https://example.invalid/demo/01088,2026-07-10,2026-08-05
DEMO-00458,demo,venta,departamento,Depto 5D 3B en Chiguayante,5077.0,200541500,Chiguayante,Concepción,127 m²,5,3,https://example.invalid/demo/00458,2026-06-30,2026-07-12
DEMO-00733,demo,venta,casa,Casa 5D 3B en Concepción,5237.0,206861500,Concepción,Concepción,158 m²,5,3,https://example.invalid/demo/00733,2026-07-09,2026-08-01
DEMO-00226,demo,venta,casa,Casa 3D 2B en Chiguayante,5354.0,211483000,Chiguayante,Concepción,108 m²,3,2,https://example.invalid/demo/00226,2026-05-12,2026-06-29
DEMO-02661,demo,venta,casa,Casa 4D 2B en Talcahuano,2641.0,104319500,Talcahuano,Concepción,133 m²,4,2,https://example.invalid/demo/02661,2026-07-16,2026-08-17
DEMO-02859,demo,venta,departamento,Depto 4D 2B en Talcahuano,4334.0,171193000,Talcahuano,Concepción,126 m²,4,2,https://example.invalid/demo/02859,2026-06-30,2026-08-24
DEMO-00104,demo,venta,casa,Casa 5D 3B en Chiguayante,4532.0,179014000,Chiguayante,Concepción,163 m²,5,3,https://example.invalid/demo/00104,2026-05-19,2026-06-21
DEMO-01444,demo,venta,departamento,Depto 3D 2B en Hualpén,3668.0,144886000,Hualpén,Concepción,89 m²,3,2,https://example.invalid/demo/01444,2026-06-18,2026-08-10
DEMO-00446,demo,venta,departamento,Depto 2D 1B en Chiguayante,3669.0,144925500,Chiguayante,Concepción,64 m²,2,1,https://example.invalid/demo/00446,2026-07-14,2026-07-15
DEMO-00898,demo,venta,casa,Casa 4D 2B en Concepción,5838.0,230601000,Concepción,Concepción,138 m²,4,2,https://example.invalid/demo/00898,2026-06-09,2026-06-24
DEMO-00870,demo,venta,casa,Casa 3D 2B en Concepción,3723.0,147058500,Concepción,Concepción,88 m²,3,2,https://example.invalid/demo/00870,2026-07-24,2026-08-03
DEMO-00149,demo,venta,casa,Casa 3D 2B en Chiguayante,2500.0,98750000,Chiguayante,Concepción,94 m²,3,2,https://example.invalid/demo/00149,2026-07-08,2026-08-27
DEMO-02389,demo,venta,departamento,Depto 2D 1B en San Pedro de la Paz,1640.0,64780000,San Pedro de la Paz,Concepción,49 m²,2,1,https://example.invalid/demo/02389,2026-06-24,2026-07-20
DEMO-03059,demo,venta,casa,Casa 4D 2B en Tomé,3834.0,151443000,Tomé,Concepción,145 m²,4,2,https://example.invalid/demo/03059,2026-05-26,2026-05-26
DEMO-01630,demo,venta,casa,Casa 6D 4B en Los Ángeles,7450.0,294275000,Los Ángeles,Biobío,205 m²,6,4,https://example.invalid/demo/01630,2026-05-24,2026-07-18
DEMO-00923,demo,venta,casa,Casa 3D 2B en Concepción,5127.0,202516500,Concepción,Concepción,107 m²,3,2,https://example.invalid/demo/00923,2026-07-10,2026-07-13
DEMO-00327,demo,venta,casa,Casa 4D 2B en Chiguayante,4517.0,178421500,Chiguayante,Concepción,144 m²,4,2,https://example.invalid/demo/00327,2026-06-30,2026-07-18
DEMO-01533,demo,arriendo,casa,Casa 4D 2B en Los Ángeles,30.2,1192900,Los Ángeles,Biobío,,4,2,https://example.invalid/demo/01533,2026-07-12,2026-08-10
DEMO-01419,demo,venta,departamento,Depto 2D 1B en Hualpén,1506.0,59487000,Hualpén,Concepción,56 m²,2,1,https://example.invalid/demo/01419,2026-08-16,2026-08-17
DEMO-00067,demo,venta,casa,Casa 6D 4B en Chiguayante,8250.0,325875000,Chiguayante,Concepción,230 m²,6,4,https://example.invalid/demo/00067,2026-06-05,2026-08-02
DEMO-00159,demo,venta,casa,Casa 3D 2B en Chiguayante,3302.0,130429000,Chiguayante,Concepción,96 m²,3,2,https://example.invalid/demo/00159,2026-06-03,2026-06-19
DEMO-00865,demo,venta,casa,Casa 4D 2B en Concepción,8264.0,326428000,Concepción,Concepción,134 m²,4,2,https://example.invalid/demo/00865,2026-07-02,2026-08-11
DEMO-02656,demo,venta,casa,Casa 3D 2B en Talcahuano,3216.0,127032000,Talcahuano,Concepción,99 m²,3,2,https://example.invalid/demo/02656,2026-06-20,2026-07-03
DEMO-01616,demo,venta,casa,Casa 4D 2B en Los Ángeles,4584.0,181068000,Los Ángeles,Biobío,,4,2,https://example.invalid/demo/01616,2026-05-31,2026-06-10
DEMO-00072,demo,venta,casa,Casa 4D 2B en Chiguayante,4550.0,179725000,Chiguayante,Concepción,126 m²,4,2,https://example.invalid/demo/00072,2026-06-07,2026-07-31
DEMO-01916,demo,venta,casa,Casa 5D 3B en Penco,6663.0,263188500,Penco,Concepción,183 m²,5,3,https://example.invalid/demo/01916,2026-05-14,2026-06-04
DEMO-00468,demo,venta,departamento,Depto 4D 2B en Chiguayante,3552.0,140304000,Chiguayante,Concepción,98 m²,4,2,https://example.invalid/demo/00468,2026-07-23,2026-08-12
DEMO-02543,demo,venta,departamento,Depto 2D 1B en San Pedro de la Paz,3254.0,128533000,San Pedro de la Paz,Concepción,,2,1,https://example.invalid/demo/02543,2026-07-30,2026-08-03
DEMO-00117,demo,venta,casa,Casa 6D 4B en Chiguayante,0,0,Chiguayante,Concepción,277 m²,6,4,https://example.invalid/demo/00117,2026-08-27,2026-09-01
DEMO-00721,demo,venta,casa,Casa 4D 2B en Concepción,5997.0,236881500,Concepción,Concepción,132 m²,4,2,https://example.invalid/demo/00721,2026-08-18,2026-09-01
DEMO-01464,demo,venta,departamento,Depto 1D 1B en Hualpén,1773.0,70033500,Hualpén,Concepción,38 m²,1,1,https://example.invalid/demo/01464,2026-08-02,2026-09-01
DEMO-00103,demo,venta,casa,Casa 3D 2B en Chiguayante,3856.0,152312000,Chiguayante,Concepción,,3,2,https://example.invalid/demo/00103,2026-06-04,2026-07-16
DEMO-01318,demo,arriendo,casa,Casa 4D 2B en Hualpén,17.5,691250,Hualpén,Concepción,130 m²,4,2,https://example.invalid/demo/01318,2026-06-12,2026-07-11
DEMO-01047,demo,venta,departamento,Depto 2D 1B en Concepción,2879.0,113720500,Concepción,Concepción,,2,1,https://example.invalid/demo/01047,2026-05-09,2026-05-21
DEMO-02179,demo,venta,casa,Casa 3D 2B en San Pedro de la Paz,4151.0,163964500,San Pedro de la Paz,Concepción,103 m²,3,2,https://example.invalid/demo/02179,2026-06-30,2026-07-08
DEMO-02367,demo,venta,departamento,Depto 3D 2B en San Pedro de la Paz,3174.0,125373000,San Pedro de la Paz,Concepción,90 m²,3,2,https://example.invalid/demo/02367,2026-08-12,2026-09-01
DEMO-00352,demo,venta,casa,Casa 3D 2B en Chiguayante,3510.0,138645000,Chiguayante,Concepción,93 m²,3,2,https://example.invalid/demo/00352,2026-06-17,2026-06-30
DEMO-00155,demo,venta,casa,Casa 4D 2B en Chiguayante,5495.0,217052500,Chiguayante,Concepción,127 m²,4,2,https://example.invalid/demo/00155,2026-07-16,2026-09-01
DEMO-01283,demo,venta,casa,Casa 3D 2B en Coronel,1945.0,76827500,Coronel,Concepción,106 m²,3,2,https://example.invalid/demo/01283,2026-08-11,2026-09-01
DEMO-02013,demo,venta,casa,Casa 4D 2B en San Pedro de la Paz,4608.0,182016000,San Pedro de la Paz,Concepción,142 m²,4,2,https://example.invalid/demo/02013,2026-08-10,2026-09-01
DEMO-02923,demo,venta,casa,Casa 5D 3B en Tomé,6490.0,256355000,Tomé,Concepción,183 m²,5,3,https://example.invalid/demo/02923,2026-05-04,2026-06-07
DEMO-00619,demo,venta,departamento,Depto 3D 2B en Chiguayante,4655.0,183872500,Chiguayante,Concepción,,3,2,https://example.invalid/demo/00619,2026-05-28,2026-06-01
DEMO-00210,demo,venta,casa,Casa 5D 3B en Chiguayante,8545.0,337527500,Chiguayante,Concepción,163 m²,5,3,https://example.invalid/demo/00210,2026-07-01,2026-08-29
DEMO-00989,demo,venta,departamento,Depto 2D 1B en Concepción,2766.0,109257000,Concepción,Concepción,52 m²,2,1,https://example.invalid/demo/00989,2026-06-05,2026-06-07
DEMO-01516,demo,venta,casa,Casa 5D 3B en Hualqui,2898.0,114471000,Hualqui,Concepción,166 m²,5,3,https://example.invalid/demo/01516,2026-06-05,2026-07-12
DEMO-02603,demo,venta,casa,Casa 3D 2B en Talcahuano,4145.0,163727500,Talcahuano,Concepción,108 m²,3,2,https://example.invalid/demo/02603,2026-05-09,2026-06-16
DEMO-00495,demo,venta,departamento,Depto 2D 1B en Chiguayante,2092.0,82634000,Chiguayante,Concepción,60 m²,2,1,https://example.invalid/demo/00495,2026-05-24,2026-05-29
DEMO-01132,demo,venta,departamento,Depto 2D 1B en Concepción,2558.0,101041000,Concepción,Concepción,46 m²,2,1,https://example.invalid/demo/01132,2026-06-26,2026-08-25
DEMO-01886,demo,venta,casa,Casa 4D 2B en Penco,5437.0,214761500,Penco,Concepción,134 m²,4,2,https://example.invalid/demo/01886,2026-05-14,2026-05-29
DEMO-02226,demo,venta,casa,Casa 6D 4B en San Pedro de la Paz,14940.0,590130000,San Pedro de la Paz,Concepción,267 m²,6,4,https://example.invalid/demo/02226,2026-07-30,2026-09-01
DEMO-00342,demo,venta,casa,Casa 4D 2B en Chiguayante,5226.0,206427000,Chiguayante,Concepción,136 m²,4,2,https://example.invalid/demo/00342,2026-08-02,2026-08-15
DEMO-01914,demo,venta,casa,Casa 2D 1B en Penco,2314.0,91403000,Penco,Concepción,81 m²,2,1,https://example.invalid/demo/01914,2026-05-27,2026-06-10
DEMO-01696,demo,venta,departamento,Depto 3D 2B en Los Ángeles,2969.0,117275500,Los Ángeles,Biobío,84 m²,3,2,https://example.invalid/demo/01696,2026-07-21,2026-09-01
DEMO-01663,demo,venta,casa,Casa 6D 4B en Los Ángeles,8426.0,332827000,Los Ángeles,Biobío,243 m²,6,4,https://example.invalid/demo/01663,2026-05-30,2026-07-28
DEMO-01794,demo,venta,departamento,Depto 2D 1B en Los Ángeles,1935.0,76432500,Los Ángeles,Biobío,69 m²,2,1,https://example.invalid/demo/01794,2026-05-20,2026-07-15
DEMO-00766,demo,venta,casa,Casa 2D 1B en Concepción,4165.0,164517500,Concepción,Concepción,75 m²,2,1,https://example.invalid/demo/00766,2026-08-09,2026-09-01
DEMO-01147,demo,venta,departamento,Depto 3D 2B en Concepción,8083.0,319278500,Concepción,Concepción,95 m²,3,2,https://example.invalid/demo/01147,2026-06-03,2026-07-03
DEMO-02866,demo,venta,departamento,Depto 2D 1B en Talcahuano,2218.0,87611000,Talcahuano,Concepción,,2,1,https://example.invalid/demo/02866,2026-06-22,2026-08-06
DEMO-01681,demo,venta,casa,Casa 4D 2B en Los Ángeles,3292.0,130034000,Los Ángeles,Biobío,126 m²,4,2,https://example.invalid/demo/01681,2026-08-22,2026-09-01
DEMO-03017,demo,venta,casa,Casa 6D 4B en Tomé,8495.0,335552500,Tomé,Concepción,214 m²,6,4,https://example.invalid/demo/03017,2026-08-23,2026-09-01
DEMO-02770,demo,venta,departamento,Depto 3D 2B en Talcahuano,3866.0,152707000,Talcahuano,Concepción,,3,2,https://example.invalid/demo/02770,2026-07-19,2026-08-06
DEMO-01541,demo,venta,casa,Casa 5D 3B en Los Ángeles,4459.0,176130500,Los Ángeles,Biobío,188 m²,5,3,https://example.invalid/demo/01541,2026-08-31,2026-09-01
DEMO-01201,demo,venta,departamento,Depto 2D 1B en Concepción,3095.0,122252500,Concepción,Concepción,47 m²,2,1,https://example.invalid/demo/01201,2026-06-15,2026-07-27
DEMO-01999,demo,venta,casa,Casa 3D 2B en San Pedro de la Paz,4500.0,177750000,San Pedro de la Paz,Concepción,119 m²,3,2,https://example.invalid/demo/01999,2026-08-04,2026-08-05
DEMO-01604,demo,venta,casa,Casa 3D 2B en Los Ángeles,2890.0,114155000,Los Ángeles,Biobío,91 m²,3,2,https://example.invalid/demo/01604,2026-08-22,2026-09-01
DEMO-02119,demo,venta,casa,Casa 2D 1B en San Pedro de la Paz,2631.0,103924500,San Pedro de la Paz,Concepción,62 m²,2,1,https://example.invalid/demo/02119,2026-07-11,2026-08-27
DEMO-00753,demo,venta,casa,Casa 6D 4B en Concepción,10479.0,413920500,Concepción,Concepción,232 m²,6,4,https://example.invalid/demo/00753,2026-06-26,2026-07-09
DEMO-01818,demo,venta,departamento,Depto 3D 2B en Los Ángeles,2984.0,117868000,Los Ángeles,Biobío,95 m²,3,2,https://example.invalid/demo/01818,2026-06-08,2026-06-28
DEMO-02382,demo,venta,departamento,Depto 2D 1B en San Pedro de la Paz,3705.0,146347500,San Pedro de la Paz,Concepción,,2,1,https://example.invalid/demo/02382,2026-07-05,2026-07-08
DEMO-01576,demo,venta,casa,Casa 5D 3B en Los Ángeles,4592.0,181384000,Los Ángeles,Biobío,172 m²,5,3,https://example.invalid/demo/01576,2026-06-30,2026-08-24
DEMO-01210,demo,venta,departamento,Depto 3D 2B en Concepción,3378.0,133431000,Concepción,Concepción,73 m²,3,2,https://example.invalid/demo/01210,2026-08-22,2026-09-01
DEMO-00942,demo,venta,casa,Casa 3D 2B en Concepción,3758.0,148441000,Concepción,Concepción,103 m²,3,2,https://example.invalid/demo/00942,2026-08-02,2026-08-18
DEMO-01070,demo,venta,departamento,Depto 4D 2B en Concepción,5271.0,208204500,Concepción,Concepción,99 m²,4,2,https://example.invalid/demo/01070,2026-07-10,2026-09-01
DEMO-02090,demo,venta,casa,Casa 4D 2B en San Pedro de la Paz,4563.0,180238500,San Pedro de la Paz,Concepción,127 m²,4,2,https://example.invalid/demo/02090,2026-06-03,2026-06-09
DEMO-02974,demo,venta,casa,Casa 2D 1B en Tomé,2565.0,101317500,Tomé,Concepción,82 m²,2,1,https://example.invalid/demo/02974,2026-08-23,2026-09-01
DEMO-00340,demo,venta,casa,Casa 5D 3B en Chiguayante,6019.0,237750500,Chiguayante,Concepción,183 m²,5,3,https://example.invalid/demo/00340,2026-08-03,2026-08-30
DEMO-01333,demo,venta,casa,Casa 3D 2B en Hualpén,2357.0,93101500,Hualpén,Concepción,92 m²,3,2,https://example.invalid/demo/01333,2026-05-06,2026-06-26
DEMO-02600,demo,venta,casa,Casa 3D 2B en Talcahuano,2839.0,112140500,Talcahuano,Concepción,112 m²,3,2,https://example.invalid/demo/02600,2026-08-21,2026-09-01
DEMO-01579,demo,venta,casa,Casa 5D 3B en Los Ángeles,5449.0,215235500,Los Ángeles,Biobío,178 m²,5,3,https://example.invalid/demo/01579,2026-08-14,2026-09-01
DEMO-02456,demo,venta,departamento,Depto 3D 2B en San Pedro de la Paz,5247.0,207256500,San Pedro de la Paz,Concepción,77 m²,3,2,https://example.invalid/demo/02456,2026-05-27,2026-05-28
DEMO-02438,demo,venta,departamento,Depto 3D 2B en San Pedro de la Paz,4317.0,170521500,San Pedro de la Paz,Concepción,75 m²,3,2,https://example.invalid/demo/02438,2026-06-17,2026-07-18
DEMO-01352,demo,venta,casa,Casa 3D 2B en Hualpén,2849.0,112535500,Hualpén,Concepción,88 m²,3,2,https://example.invalid/demo/01352,2026-05-09,2026-06-05
DEMO-02246,demo,venta,casa,Casa 6D 4B en San Pedro de la Paz,6774.0,267573000,San Pedro de la Paz,Concepción,,6,4,https://example.invalid/demo/02246,2026-06-04,2026-07-20
DEMO-02694,demo,venta,casa,Casa 4D 2B en Talcahuano,9035.0,356882500,Talcahuano,Concepción,152 m²,4,2,https://example.invalid/demo/02694,2026-08-27,2026-09-01
DEMO-03044,demo,venta,casa,Casa 4D 2B en Tomé,3723.0,147058500,Tomé,Concepción,,4,2,https://example.invalid/demo/03044,2026-06-09,2026-07-15
DEMO-02283,demo,venta,departamento,Depto 3D 2B en San Pedro de la Paz,3668.0,144886000,San Pedro de la Paz,Concepción,75 m²,3,2,https://example.invalid/demo/02283,2026-08-22,2026-09-01
DEMO-00496,demo,venta,departamento,Depto 3D 2B en Chiguayante,3727.0,147216500,Chiguayante,Concepción,73 m²,3,2,https://example.invalid/demo/00496,2026-06-15,2026-07-03
DEMO-02753,demo,venta,departamento,Depto 2D 1B en Talcahuano,2307.0,91126500,Talcahuano,Concepción,55 m²,2,1,https://example.invalid/demo/02753,2026-05-30,2026-06-08
DEMO-03120,demo,venta,departamento,Depto 3D 2B en Tomé,3341.0,131969500,Tomé,Concepción,,3,2,https://example.invalid/demo/03120,2026-05-14,2026-06-30
DEMO-01130,demo,venta,departamento,Depto 2D 1B en Concepción,3396.0,134142000,Concepción,Concepción,,2,1,https://example.invalid/demo/01130,2026-06-21,2026-07-05
DEMO-00635,demo,venta,departamento,Depto 4D 2B en Chiguayante,5072.0,200344000,Chiguayante,Concepción,112 m²,4,2,https://example.invalid/demo/00635,2026-08-28,2026-09-01
DEMO-01089,demo,venta,departamento,Depto 3D 2B en Concepción,4057.0,160251500,Concepción,Concepción,83 m²,3,2,https://example.invalid/demo/01089,2026-06-16,2026-08-09
DEMO-01638,demo,venta,casa,Casa 3D 2B en Los Ángeles,2148.0,84846000,Los Ángeles,Biobío,108 m²,3,2,https://example.invalid/demo/01638,2026-05-13,2026-06-29
DEMO-00679,demo,venta,departamento,Depto 3D 2B en Chiguayante,4260.0,168270000,Chiguayante,Concepción,97 m²,3,2,https://example.invalid/demo/00679,2026-06-28,2026-08-04
DEMO-02118,demo,venta,casa,Casa 5D 3B en San Pedro de la Paz,8656.0,341912000,San Pedro de la Paz,Concepción,171 m²,5,3,https://example.invalid/demo/02118,2026-07-10,2026-08-31
DEMO-00893,demo,venta,casa,Casa 2D 1B en Concepción,2396.0,94642000,Concepción,Concepción,59 m²,2,1,https://example.invalid/demo/00893,2026-05-29,2026-06-12
DEMO-01666,demo,venta,casa,Casa 4D 2B en Los Ángeles,4812.0,190074000,Los Ángeles,Biobío,125 m²,4,2,https://example.invalid/demo/01666,2026-05-31,2026-06-01
DEMO-00556,demo,venta,departamento,Depto 2D 1B en Chiguayante,2848.0,112496000,Chiguayante,Concepción,62 m²,2,1,https://example.invalid/demo/00556,2026-08-20,2026-08-25
DEMO-03058,demo,venta,casa,Casa 3D 2B en Tomé,2185.0,86307500,Tomé,Concepción,104 m²,3,2,https://example.invalid/demo/03058,2026-05-14,2026-05-22
DEMO-01752,demo,venta,departamento,Depto 2D 1B en Los Ángeles,2166.0,85557000,Los Ángeles,Biobío,56 m²,2,1,https://example.invalid/demo/01752,2026-06-16,2026-07-06
DEMO-02913,demo,venta,casa,Casa 4D 2B en Tomé,3085.0,121857500,Tomé,Concepción,,4,2,https://example.invalid/demo/02913,2026-06-09,2026-07-19
DEMO-02519,demo,venta,departamento,Depto 2D 1B en San Pedro de la Paz,3498.0,138171000,San Pedro de la Paz,Concepción,67 m²,2,1,https://example.invalid/demo/02519,2026-07-28,2026-08-08
DEMO-02872,demo,venta,casa,Casa 6D 4B en Tomé,4878.0,192681000,Tomé,Concepción,218 m²,6,4,https://example.invalid/demo/02872,2026-08-12,2026-09-01
DEMO-01055,demo,venta,departamento,Depto 2D 1B en Concepción,3018.0,119211000,Concepción,Concepción,59 m²,2,1,https://example.invalid/demo/01055,2026-05-30,2026-07-22
DEMO-02541,demo,venta,departamento,Depto 4D 2B en San Pedro de la Paz,5282.0,208639000,San Pedro de la Paz,Concepción,107 m²,4,2,https://example.invalid/demo/02541,2026-05-24,2026-06-09
DEMO-01941,demo,venta,departamento,Depto 2D 1B en Penco,1829.0,72245500,Penco,Concepción,67 m²,2,1,https://example.invalid/demo/01941,2026-05-04,2026-05-18
DEMO-00312,demo,venta,casa,Casa 4D 2B en Chiguayante,3496.0,138092000,Chiguayante,Concepción,123 m²,4,2,https://example.invalid/demo/00312,2026-08-04,2026-08-07
DEMO-00032,demo,venta,casa,Casa 3D 2B en Cañete,0,0,Cañete,Arauco,,3,2,https://example.invalid/demo/00032,2026-07-05,2026-08-15
DEMO-01424,demo,venta,departamento,Depto 2D 1B en Hualpén,2768.0,109336000,Hualpén,Concepción,,2,1,https://example.invalid/demo/01424,2026-07-22,2026-09-01
DEMO-00537,demo,venta,departamento,Depto 4D 2B en Chiguayante,7609.0,300555500,Chiguayante,Concepción,113 m²,4,2,https://example.invalid/demo/00537,2026-06-25,2026-08-21
DEMO-01085,demo,venta,departamento,Depto 2D 1B en Concepción,3363.0,132838500,Concepción,Concepción,55 m²,2,1,https://example.invalid/demo/01085,2026-05-25,2026-07-10
DEMO-00812,demo,venta,casa,Casa 4D 2B en Concepción,7265.0,286967500,Concepción,Concepción,131 m²,4,2,https://example.invalid/demo/00812,2026-05-25,2026-06-13
DEMO-03012,demo,venta,casa,Casa 3D 2B en Tomé,2555.0,100922500,Tomé,Concepción,94 m²,3,2,https://example.invalid/demo/03012,2026-07-28,2026-08-21
DEMO-00674,demo,venta,departamento,Depto 3D 2B en Chiguayante,3659.0,144530500,Chiguayante,Concepción,72 m²,3,2,https://example.invalid/demo/00674,2026-07-29,2026-08-20
DEMO-00672,demo,venta,departamento,Depto 2D 1B en Chiguayante,3159.0,124780500,Chiguayante,Concepción,64 m²,2,1,https://example.invalid/demo/00672,2026-08-16,2026-09-01
DEMO-00905,demo,venta,casa,Casa 6D 4B en Concepción,12103.0,478068500,Concepción,Concepción,296 m²,6,4,https://example.invalid/demo/00905,2026-08-09,2026-08-28
DEMO-00437,demo,arriendo,departamento,Depto 3D 2B en Chiguayante,15.2,600400,Chiguayante,Concepción,87 m²,3,2,https://example.invalid/demo/00437,2026-07-25,2026-09-01
DEMO-01349,demo,venta,casa,Casa 6D 4B en Hualpén,8153.0,322043500,Hualpén,Concepción,208 m²,6,4,https://example.invalid/demo/01349,2026-05-19,2026-07-07
DEMO-01715,demo,venta,departamento,Depto 2D 1B en Los Ángeles,2421.0,95629500,Los Ángeles,Biobío,61 m²,2,1,https://example.invalid/demo/01715,2026-08-10,2026-08-11
DEMO-01507,demo,venta,casa,Casa 6D 4B en Hualqui,5166.0,204057000,Hualqui,Concepción,207 m²,6,4,https://example.invalid/demo/01507,2026-06-11,2026-06-27
DEMO-01669,demo,venta,casa,Casa 4D 2B en Los Ángeles,3621.0,143029500,Los Ángeles,Biobío,129 m²,4,2,https://example.invalid/demo/01669,2026-06-11,2026-06-13
DEMO-01086,demo,venta,departamento,Depto 3D 2B en Concepción,4380.0,173010000,Concepción,Concepción,77 m²,3,2,https://example.invalid/demo/01086,2026-06-05,2026-07-21
DEMO-01338,demo,venta,casa,Casa 3D 2B en Hualpén,3232.0,127664000,Hualpén,Concepción,,3,2,https://example.invalid/demo/01338,2026-05-06,2026-06-05
DEMO-00976,demo,venta,departamento,Depto 2D 1B en Concepción,4067.0,160646500,Concepción,Concepción,,2,1,https://example.invalid/demo/00976,2026-05-18,2026-06-29
DEMO-01583,demo,venta,casa,Casa 6D 4B en Los Ángeles,6197.0,244781500,Los Ángeles,Biobío,240 m²,6,4,https://example.invalid/demo/01583,2026-07-01,2026-07-15
DEMO-02514,demo,venta,departamento,Depto 2D 1B en San Pedro de la Paz,3184.0,125768000,San Pedro de la Paz,Concepción,,2,1,https://example.invalid/demo/02514,2026-08-19,2026-08-22
DEMO-03131,demo,venta,departamento,Depto 2D 1B en Tomé,2378.0,93931000,Tomé,Concepción,52 m²,2,1,https://example.invalid/demo/03131,2026-07-26,2026-09-01
DEMO-02192,demo,venta,casa,Casa 5D 3B en San Pedro de la Paz,59,2330500,San Pedro de la Paz,Concepción,178 m²,5,3,https://example.invalid/demo/02192,2026-05-27,2026-07-20
DEMO-02540,demo,venta,departamento,Depto 4D 2B en San Pedro de la Paz,7567.0,298896500,San Pedro de la Paz,Concepción,,4,2,https://example.invalid/demo/02540,2026-08-20,2026-09-01
DEMO-02369,demo,venta,departamento,Depto 3D 2B en San Pedro de la Paz,6437.0,254261500,San Pedro de la Paz,Concepción,76 m²,3,2,https://example.invalid/demo/02369,2026-08-18,2026-08-20
DEMO-02009,demo,venta,casa,Casa 6D 4B en San Pedro de la Paz,10121.0,399779500,San Pedro de la Paz,Concepción,198 m²,6,4,https://example.invalid/demo/02009,2026-07-23,2026-08-26
DEMO-00203,demo,venta,casa,Casa 3D 2B en Chiguayante,2852.0,112654000,Chiguayante,Concepción,,3,2,https://example.invalid/demo/00203,2026-05-16,2026-06-04
DEMO-02466,demo,venta,departamento,Depto 3D 2B en San Pedro de la Paz,0,0,San Pedro de la Paz,Concepción,86 m²,3,2,https://example.invalid/demo/02466,2026-05-17,2026-07-02
DEMO-00472,demo,venta,departamento,Depto 3D 2B en Chiguayante,3944.0,155788000,Chiguayante,Concepción,91 m²,3,2,https://example.invalid/demo/00472,2026-08-19,2026-09-01
DEMO-00792,demo,venta,casa,Casa 6D 4B en Concepción,8415.0,332392500,Concepción,Concepción,199 m²,6,4,https://example.invalid/demo/00792,2026-06-11,2026-06-15
DEMO-01528,demo,venta,casa,Casa 3D 2B en Hualqui,1923.0,75958500,Hualqui,Concepción,117 m²,3,2,https://example.invalid/demo/01528,2026-05-30,2026-06-27
DEMO-02634,demo,venta,casa,Casa 5D 3B en Talcahuano,5539.0,218790500,Talcahuano,Concepción,168 m²,5,3,https://example.invalid/demo/02634,2026-08-06,2026-09-01
DEMO-01365,demo,venta,casa,Casa 6D 4B en Hualpén,4433.0,175103500,Hualpén,Concepción,195 m²,6,4,https://example.invalid/demo/01365,2026-06-30,2026-07-03
DEMO-02210,demo,venta,casa,Casa 6D 4B en San Pedro de la Paz,12539.0,495290500,San Pedro de la Paz,Concepción,213 m²,6,4,https://example.invalid/demo/02210,2026-08-04,2026-09-01
DEMO-02297,demo,venta,departamento,Depto 3D 2B en San Pedro de la Paz,3982.0,157289000,San Pedro de la Paz,Concepción,,3,2,https://example.invalid/demo/02297,2026-07-07,2026-07-17
DEMO-03014,demo,venta,casa,Casa 4D 2B en Tomé,3810.0,150495000,Tomé,Concepción,146 m²,4,2,https://example.invalid/demo/03014,2026-06-18,2026-06-21
DEMO-02504,demo,venta,departamento,Depto 3D 2B en San Pedro de la Paz,4816.0,190232000,San Pedro de la Paz,Concepción,86 m²,3,2,https://example.invalid/demo/02504,2026-07-22,2026-08-11
DEMO-00633,demo,venta,departamento,Depto 3D 2B en Chiguayante,5039.0,199040500,Chiguayante,Concepción,91 m²,3,2,https://example.invalid/demo/00633,2026-06-29,2026-07-30
DEMO-00265,demo,venta,casa,Casa 6D 4B en Chiguayante,9533.0,376553500,Chiguayante,Concepción,243 m²,6,4,https://example.invalid/demo/00265,2026-05-25,2026-07-08
DEMO-02360,demo,venta,departamento,Depto 3D 2B en San Pedro de la Paz,4069.0,160725500,San Pedro de la Paz,Concepción,76 m²,3,2,https://example.invalid/demo/02360,2026-06-04,2026-06-24
DEMO-01940,demo,venta,departamento,Depto 4D 2B en Penco,5687.0,224636500,Penco,Concepción,111 m²,4,2,https://example.invalid/demo/01940,2026-08-11,2026-08-25
DEMO-00267,demo,venta,casa,Casa 6D 4B en Chiguayante,15759.0,622480500,Chiguayante,Concepción,272 m²,6,4,https://example.invalid/demo/00267,2026-07-24,2026-08-17
DEMO-00037,demo,arriendo,casa,Casa 4D 2B en Chiguayante,30.3,1196850,Chiguayante,Concepción,130 m²,4,2,https://example.invalid/demo/00037,2026-06-18,2026-08-10
DEMO-02948,demo,venta,casa,Casa 6D 4B en Tomé,6825.0,269587500,Tomé,Concepción,227 m²,6,4,https://example.invalid/demo/02948,2026-08-08,2026-09-01
DEMO-00251,demo,venta,casa,Casa 6D 4B en Chiguayante,11135.0,439832500,Chiguayante,Concepción,295 m²,6,4,https://example.invalid/demo/00251,2026-08-13,2026-08-30
DEMO-02270,demo,venta,departamento,Depto 4D 2B en San Pedro de la Paz,7598.0,300121000,San Pedro de la Paz,Concepción,113 m²,4,2,https://example.invalid/demo/02270,2026-08-28,2026-09-01
DEMO-02995,demo,venta,casa,Casa 5D 3B en Tomé,4076.0,161002000,Tomé,Concepción,,5,3,https://example.invalid/demo/02995,2026-07-01,2026-07-30
DEMO-03103,demo,venta,casa,Casa 5D 3B en Tomé,4143.0,163648500,Tomé,Concepción,175 m²,5,3,https://example.invalid/demo/03103,2026-06-22,2026-06-24
DEMO-01193,demo,venta,departamento,Depto 2D 1B en Concepción,3248.0,128296000,Concepción,Concepción,55 m²,2,1,https://example.invalid/demo/01193,2026-06-05,2026-07-26
DEMO-00949,demo,venta,casa,Casa 4D 2B en Concepción,6595.0,260502500,Concepción,Concepción,157 m²,4,2,https://example.invalid/demo/00949,2026-07-23,2026-09-01
DEMO-00219,demo,venta,casa,Casa 4D 2B en Chiguayante,5946.0,234867000,Chiguayante,Concepción,147 m²,4,2,https://example.invalid/demo/00219,2026-08-14,2026-09-01
DEMO-02070,demo,venta,casa,Casa 6D 4B en San Pedro de la Paz,6923.0,273458500,San Pedro de la Paz,Concepción,,6,4,https://example.invalid/demo/02070,2026-06-27,2026-07-25
DEMO-00383,demo,venta,casa,Casa 6D 4B en Chiguayante,6662.0,263149000,Chiguayante,Concepción,211 m²,6,4,https://example.invalid/demo/00383,2026-06-11,2026-06-19
DEMO-00789,demo,venta,casa,Casa 4D 2B en Concepción,5105.0,201647500,Concepción,Concepción,140 m²,4,2,https://example.invalid/demo/00789,2026-05-06,2026-07-02
DEMO-02516,demo,venta,departamento,Depto 2D 1B en San Pedro de la Paz,2697.0,106531500,San Pedro de la Paz,Concepción,52 m²,2,1,https://example.invalid/demo/02516,2026-05-19,2026-06-10
DEMO-01948,demo,venta,departamento,Depto 1D 1B en Penco,1708.0,67466000,Penco,Concepción,,1,1,https://example.invalid/demo/01948,2026-07-27,2026-09-01
DEMO-01737,demo,venta,departamento,Depto 3D 2B en Los Ángeles,3565.0,140817500,Los Ángeles,Biobío,87 m²,3,2,https://example.invalid/demo/01737,2026-08-02,2026-09-01
DEMO-00566,demo,venta,departamento,Depto 4D 2B en Chiguayante,6274.0,247823000,Chiguayante,Concepción,115 m²,4,2,https://example.invalid/demo/00566,2026-07-03,2026-08-16
DEMO-02454,demo,venta,departamento,Depto 3D 2B en San Pedro de la Paz,3971.0,156854500,San Pedro de la Paz,Concepción,,3,2,https://example.invalid/demo/02454,2026-07-04,2026-08-02
DEMO-02841,demo,venta,departamento,Depto 2D 1B en Talcahuano,1979.0,78170500,Talcahuano,Concepción,,2,1,https://example.invalid/demo/02841,2026-06-29,2026-08-13
DEMO-01339,demo,venta,casa,Casa 4D 2B en Hualpén,7298.0,288271000,Hualpén,Concepción,144 m²,4,2,https://example.invalid/demo/01339,2026-05-24,2026-07-13
DEMO-02701,demo,venta,casa,Casa 6D 4B en Talcahuano,8422.0,332669000,Talcahuano,Concepción,238 m²,6,4,https://example.invalid/demo/02701,2026-06-07,2026-07-27
DEMO-01394,demo,venta,casa,Casa 4D 2B en Hualpén,5748.0,227046000,Hualpén,Concepción,148 m²,4,2,https://example.invalid/demo/01394,2026-05-04,2026-05-29
DEMO-00500,demo,venta,departamento,Depto 2D 1B en Chiguayante,2501.0,98789500,Chiguayante,Concepción,58 m²,2,1,https://example.invalid/demo/00500,2026-06-20,2026-08-07
DEMO-01068,demo,venta,departamento,Depto 2D 1B en Concepción,2155.0,85122500,Concepción,Concepción,44 m²,2,1,https://example.invalid/demo/01068,2026-07-19,2026-08-03
DEMO-00092,demo,venta,casa,Casa 6D 4B en Chiguayante,6538.0,258251000,Chiguayante,Concepción,211 m²,6,4,https://example.invalid/demo/00092,2026-08-09,2026-09-01
DEMO-03042,demo,venta,casa,Casa 4D 2B en Tomé,3783.0,149428500,Tomé,Concepción,149 m²,4,2,https://example.invalid/demo/03042,2026-07-18,2026-08-02
DEMO-00663,demo,venta,departamento,Depto 3D 2B en Chiguayante,3880.0,153260000,Chiguayante,Concepción,80 m²,3,2,https://example.invalid/demo/00663,2026-06-12,2026-06-19
DEMO-01455,demo,venta,departamento,Depto 2D 1B en Hualpén,2547.0,100606500,Hualpén,Concepción,,2,1,https://example.invalid/demo/01455,2026-08-07,2026-09-01
DEMO-01557,demo,venta,casa,Casa 5D 3B en Los Ángeles,5405.0,213497500,Los Ángeles,Biobío,162 m²,5,3,https://example.invalid/demo/01557,2026-08-02,2026-08-23
DEMO-02494,demo,venta,departamento,Depto 2D 1B en San Pedro de la Paz,5108.0,201766000,San Pedro de la Paz,Concepción,67 m²,2,1,https://example.invalid/demo/02494,2026-05-21,2026-07-01
DEMO-00298,demo,venta,casa,Casa 5D 3B en Chiguayante,8943.0,353248500,Chiguayante,Concepción,167 m²,5,3,https://example.invalid/demo/00298,2026-06-26,2026-07-08
DEMO-02809,demo,venta,departamento,Depto 2D 1B en Talcahuano,3350.0,132325000,Talcahuano,Concepción,69 m²,2,1,https://example.invalid/demo/02809,2026-05-13,2026-05-25
DEMO-03121,demo,venta,departamento,Depto 2D 1B en Tomé,1475.0,58262500,Tomé,Concepción,52 m²,2,1,https://example.invalid/demo/03121,2026-07-29,2026-09-01
DEMO-00618,demo,venta,departamento,Depto 3D 2B en Chiguayante,6494.0,256513000,Chiguayante,Concepción,94 m²,3,2,https://example.invalid/demo/00618,2026-07-04,2026-09-01
DEMO-01491,demo,venta,departamento,Depto 2D 1B en Hualpén,2138.0,84451000,Hualpén,Concepción,57 m²,2,1,https://example.invalid/demo/01491,2026-07-11,2026-08-22
DEMO-00701,demo,arriendo,casa,Casa 3D 2B en Concepción,20.0,790000,Concepción,Concepción,117 m²,3,2,https://example.invalid/demo/00701,2026-05-14,2026-06-05
DEMO-00289,demo,venta,casa,Casa 5D 3B en Chiguayante,6537.0,258211500,Chiguayante,Concepción,165 m²,5,3,https://example.invalid/demo/00289,2026-07-05,2026-08-08
DEMO-01764,demo,venta,departamento,Depto 3D 2B en Los Ángeles,3722.0,147019000,Los Ángeles,Biobío,,3,2,https://example.invalid/demo/01764,2026-08-02,2026-08-10
DEMO-00776,demo,venta,casa,Casa 3D 2B en Concepción,5964.0,235578000,Concepción,Concepción,110 m²,3,2,https://example.invalid/demo/00776,2026-08-13,2026-09-01
DEMO-02744,demo,venta,departamento,Depto 2D 1B en Talcahuano,2458.0,97091000,Talcahuano,Concepción,60 m²,2,1,https://example.invalid/demo/02744,2026-05-05,2026-06-14
DEMO-02691,demo,venta,casa,Casa 5D 3B en Talcahuano,4238.0,167401000,Talcahuano,Concepción,186 m²,5,3,https://example.invalid/demo/02691,2026-08-09,2026-09-01
DEMO-01819,demo,venta,departamento,Depto 2D 1B en Los Ángeles,1372.0,54194000,Los Ángeles,Biobío,51 m²,2,1,https://example.invalid/demo/01819,2026-08-21,2026-08-28
DEMO-00089,demo,venta,casa,Casa 4D 2B en Chiguayante,6510.0,257145000,Chiguayante,Concepción,151 m²,4,2,https://example.invalid/demo/00089,2026-07-13,2026-08-16
DEMO-02763,demo,venta,departamento,Depto 4D 2B en Talcahuano,5084.0,200818000,Talcahuano,Concepción,,4,2,https://example.invalid/demo/02763,2026-06-30,2026-07-18
DEMO-01682,demo,venta,casa,Casa 3D 2B en Los Ángeles,2516.0,99382000,Los Ángeles,Biobío,107 m²,3,2,https://example.invalid/demo/01682,2026-07-24,2026-08-23
DEMO-00160,demo,venta,casa,Casa 2D 1B en Chiguayante,2005.0,79197500,Chiguayante,Concepción,60 m²,2,1,https://example.invalid/demo/00160,2026-05-05,2026-06-29
DEMO-00684,demo,arriendo,casa,Casa 6D 4B en Concepción,35.7,1410150,Concepción,Concepción,259 m²,6,4,https://example.invalid/demo/00684,2026-08-31,2026-09-01
DEMO-02278,demo,venta,departamento,Depto 4D 2B en San Pedro de la Paz,6399.0,252760500,San Pedro de la Paz,Concepción,100 m²,4,2,https://example.invalid/demo/02278,2026-05-06,2026-05-20
DEMO-00098,demo,venta,casa,Casa 4D 2B en Chiguayante,4292.0,169534000,Chiguayante,Concepción,140 m²,4,2,https://example.invalid/demo/00098,2026-06-13,2026-07-30
DEMO-01990,demo,arriendo,casa,Casa 3D 2B en San Pedro de la Paz,24.7,975650,San Pedro de la Paz,Concepción,,3,2,https://example.invalid/demo/01990,2026-07-30,2026-08-06
DEMO-00643,demo,venta,departamento,Depto 3D 2B en Chiguayante,5417.0,213971500,Chiguayante,Concepción,85 m²,3,2,https://example.invalid/demo/00643,2026-06-14,2026-08-02
DEMO-01925,demo,venta,casa,Casa 3D 2B en Penco,2939.0,116090500,Penco,Concepción,112 m²,3,2,https://example.invalid/demo/01925,2026-08-05,2026-08-13
DEMO-01205,demo,venta,departamento,Depto 2D 1B en Concepción,3500.0,138250000,Concepción,Concepción,48 m²,2,1,https://example.invalid/demo/01205,2026-08-30,2026-09-01
DEMO-01046,demo,venta,departamento,Depto 2D 1B en Concepción,4192.0,165584000,Concepción,Concepción,62 m²,2,1,https://example.invalid/demo/01046,2026-05-17,2026-07-13
DEMO-02533,demo,venta,departamento,Depto 2D 1B en San Pedro de la Paz,1803.0,71218500,San Pedro de la Paz,Concepción,48 m²,2,1,https://example.invalid/demo/02533,2026-07-07,2026-07-28
DEMO-02921,demo,venta,casa,Casa 4D 2B en Tomé,2412.0,95274000,Tomé,Concepción,133 m²,4,2,https://example.invalid/demo/02921,2026-07-15,2026-07-20
DEMO-01148,demo,venta,departamento,Depto 3D 2B en Concepción,3697.0,146031500,Concepción,Concepción,79 m²,3,2,https://example.invalid/demo/01148,2026-08-13,2026-09-01
DEMO-01220,demo,venta,departamento,Depto 1D 1B en Concepción,2751.0,108664500,Concepción,Concepción,,1,1,https://example.invalid/demo/01220,2026-06-05,2026-07-25
DEMO-01269,demo,venta,casa,Casa 3D 2B en Coronel,3928.0,155156000,Coronel,Concepción,,3,2,https://example.invalid/demo/01269,2026-05-04,2026-07-02
DEMO-01094,demo,venta,departamento,Depto 2D 1B en Concepción,3758.0,148441000,Concepción,Concepción,59 m²,2,1,https://example.invalid/demo/01094,2026-06-14,2026-07-20
DEMO-00425,demo,venta,casa,Casa 6D 4B en Chiguayante,11064.0,437028000,Chiguayante,Concepción,230 m²,6,4,https://example.invalid/demo/00425,2026-08-12,2026-08-25
DEMO-02473,demo,venta,departamento,Depto 3D 2B en San Pedro de la Paz,3987.0,157486500,San Pedro de la Paz,Concepción,83 m²,3,2,https://example.invalid/demo/02473,2026-06-10,2026-07-09
DEMO-00713,demo,venta,casa,Casa 3D 2B en Concepción,7985.0,315407500,Concepción,Concepción,121 m²,3,2,https://example.invalid/demo/00713,2026-08-26,2026-09-01
DEMO-02713,demo,venta,casa,Casa 5D 3B en Talcahuano,5974.0,235973000,Talcahuano,Concepción,178 m²,5,3,https://example.invalid/demo/02713,2026-07-30,2026-08-26
DEMO-02549,demo,venta,departamento,Depto 5D 3B en San Pedro de la Paz,8842.0,349259000,San Pedro de la Paz,Concepción,,5,3,https://example.invalid/demo/02549,2026-07-15,2026-07-16
DEMO-01091,demo,venta,departamento,Depto 3D 2B en Concepción,5841.0,230719500,Concepción,Concepción,89 m²,3,2,https://example.invalid/demo/01091,2026-08-16,2026-09-01
DEMO-01565,demo,venta,casa,Casa 4D 2B en Los Ángeles,3581.0,141449500,Los Ángeles,Biobío,,4,2,https://example.invalid/demo/01565,2026-07-13,2026-07-25
DEMO-02443,demo,venta,departamento,Depto 4D 2B en San Pedro de la Paz,4623.0,182608500,San Pedro de la Paz,Concepción,102 m²,4,2,https://example.invalid/demo/02443,2026-07-19,2026-07-23
DEMO-00017,demo,venta,casa,Casa 6D 4B en Cabrero,4492.0,177434000,Cabrero,Biobío,196 m²,6,4,https://example.invalid/demo/00017,2026-08-14,2026-09-01
DEMO-01655,demo,venta,casa,Casa 2D 1B en Los Ángeles,2199.0,86860500,Los Ángeles,Biobío,86 m²,2,1,https://example.invalid/demo/01655,2026-06-19,2026-06-26
DEMO-02764,demo,venta,departamento,Depto 2D 1B en Talcahuano,1760.0,69520000,Talcahuano,Concepción,46 m²,2,1,https://example.invalid/demo/02764,2026-05-08,2026-07-05
DEMO-02874,demo,venta,casa,Casa 4D 2B en Tomé,4325.0,170837500,Tomé,Concepción,142 m²,4,2,https://example.invalid/demo/02874,2026-07-10,2026-07-15
DEMO-00678,demo,venta,departamento,Depto 3D 2B en Chiguayante,3508.0,138566000,Chiguayante,Concepción,86 m²,3,2,https://example.invalid/demo/00678,2026-07-04,2026-08-19
DEMO-02639,demo,venta,casa,Casa 5D 3B en Talcahuano,4943.0,195248500,Talcahuano,Concepción,159 m²,5,3,https://example.invalid/demo/02639,2026-05-14,2026-07-13
DEMO-00108,demo,venta,casa,Casa 6D 4B en Chiguayante,7204.0,284558000,Chiguayante,Concepción,271 m²,6,4,https://example.invalid/demo/00108,2026-08-02,2026-09-01
DEMO-01079,demo,venta,departamento,Depto 3D 2B en Concepción,5533.0,218553500,Concepción,Concepción,74 m²,3,2,https://example.invalid/demo/01079,2026-07-25,2026-08-13
DEMO-02402,demo,venta,departamento,Depto 2D 1B en San Pedro de la Paz,4498.0,177671000,San Pedro de la Paz,Concepción,,2,1,https://example.invalid/demo/02402,2026-09-01,2026-09-01
DEMO-02687,demo,venta,casa,Casa 6D 4B en Talcahuano,7164.0,282978000,Talcahuano,Concepción,260 m²,6,4,https://example.invalid/demo/02687,2026-07-13,2026-08-22
DEMO-01280,demo,venta,casa,Casa 3D 2B en Coronel,2542.0,100409000,Coronel,Concepción,,3,2,https://example.invalid/demo/01280,2026-07-17,2026-09-01
DEMO-01973,demo,arriendo,casa,Casa 5D 3B en San Pedro de la Paz,32.9,1299550,San Pedro de la Paz,Concepción,,5,3,https://example.invalid/demo/01973,2026-05-08,2026-05-24
DEMO-02471,demo,venta,departamento,Depto 2D 1B en San Pedro de la Paz,3288.0,129876000,San Pedro de la Paz,Concepción,60 m²,2,1,https://example.invalid/demo/02471,2026-05-22,2026-06-22
DEMO-02427,demo,venta,departamento,Depto 2D 1B en San Pedro de la Paz,3447.0,136156500,San Pedro de la Paz,Concepción,57 m²,2,1,https://example.invalid/demo/02427,2026-06-11,2026-06-23
DEMO-01286,demo,venta,casa,Casa 5D 3B en Coronel,5714.0,225703000,Coronel,Concepción,173 m²,5,3,https://example.invalid/demo/01286,2026-08-30,2026-08-30
DEMO-02682,demo,venta,casa,Casa 6D 4B en Talcahuano,7836.0,309522000,Talcahuano,Concepción,247 m²,6,4,https://example.invalid/demo/02682,2026-05-10,2026-06-08
DEMO-01138,demo,venta,departamento,Depto 4D 2B en Concepción,7046.0,278317000,Concepción,Concepción,115 m²,4,2,https://example.invalid/demo/01138,2026-06-23,2026-06-24
DEMO-00199,demo,venta,casa,Casa 6D 4B en Chiguayante,8036.0,317422000,Chiguayante,Concepción,206 m²,6,4,https://example.invalid/demo/00199,2026-05-22,2026-06-29
DEMO-01679,demo,venta,casa,Casa 6D 4B en Los Ángeles,0,0,Los Ángeles,Biobío,222 m²,6,4,https://example.invalid/demo/01679,2026-05-06,2026-06-20
DEMO-01739,demo,venta,departamento,Depto 4D 2B en Los Ángeles,3155.0,124622500,Los Ángeles,Biobío,102 m²,4,2,https://example.invalid/demo/01739,2026-08-27,2026-09-01
DEMO-00497,demo,venta,departamento,Depto 2D 1B en Chiguayante,4313.0,170363500,Chiguayante,Concepción,67 m²,2,1,https://example.invalid/demo/00497,2026-06-03,2026-07-04
DEMO-01552,demo,venta,casa,Casa 4D 2B en Los Ángeles,2958.0,116841000,Los Ángeles,Biobío,132 m²,4,2,https://example.invalid/demo/01552,2026-06-19,2026-08-18
DEMO-02341,demo,venta,departamento,Depto 3D 2B en San Pedro de la Paz,5186.0,204847000,San Pedro de la Paz,Concepción,,3,2,https://example.invalid/demo/02341,2026-05-25,2026-07-23
DEMO-00982,demo,venta,departamento,Depto 3D 2B en Concepción,9363.0,369838500,Concepción,Concepción,77 m²,3,2,https://example.invalid/demo/00982,2026-08-30,2026-09-01
DEMO-00658,demo,venta,departamento,Depto 2D 1B en Chiguayante,2292.0,90534000,Chiguayante,Concepción,46 m²,2,1,https://example.invalid/demo/00658,2026-05-13,2026-07-08
DEMO-01538,demo,venta,casa,Casa 3D 2B en Los Ángeles,4070.0,160765000,Los Ángeles,Biobío,,3,2,https://example.invalid/demo/01538,2026-08-08,2026-09-01
DEMO-00015,demo,venta,casa,Casa 4D 2B en Cabrero,2767.0,109296500,Cabrero,Biobío,150 m²,4,2,https://example.invalid/demo/00015,2026-05-08,2026-05-10
DEMO-01863,demo,venta,departamento,Depto 4D 2B en Los Ángeles,3995.0,157802500,Los Ángeles,Biobío,116 m²,4,2,https://example.invalid/demo/01863,2026-06-12,2026-07-14
DEMO-00903,demo,venta,casa,Casa 5D 3B en Concepción,7393.0,292023500,Concepción,Concepción,186 m²,5,3,https://example.invalid/demo/00903,2026-08-15,2026-09-01
DEMO-00991,demo,venta,departamento,Depto 2D 1B en Concepción,3387.0,133786500,Concepción,Concepción,48 m²,2,1,https://example.invalid/demo/00991,2026-06-26,2026-08-04
DEMO-00361,demo,venta,casa,Casa 5D 3B en Chiguayante,6714.0,265203000,Chiguayante,Concepción,,5,3,https://example.invalid/demo/00361,2026-06-09,2026-06-17
DEMO-03016,demo,venta,casa,Casa 4D 2B en Tomé,5280.0,208560000,Tomé,Concepción,142 m²,4,2,https://example.invalid/demo/03016,2026-05-22,2026-06-04
DEMO-01073,demo,venta,departamento,Depto 2D 1B en Concepción,5066.0,200107000,Concepción,Concepción,69 m²,2,1,https://example.invalid/demo/01073,2026-06-07,2026-07-26
DEMO-01781,demo,venta,departamento,Depto 3D 2B en Los Ángeles,4966.0,196157000,Los Ángeles,Biobío,91 m²,3,2,https://example.invalid/demo/01781,2026-06-26,2026-07-08
DEMO-02137,demo,venta,casa,Casa 6D 4B en San Pedro de la Paz,13202.0,521479000,San Pedro de la Paz,Concepción,241 m²,6,4,https://example.invalid/demo/02137,2026-06-14,2026-07-13
DEMO-01109,demo,venta,departamento,Depto 3D 2B en Concepción,4940.0,195130000,Concepción,Concepción,73 m²,3,2,https://example.invalid/demo/01109,2026-05-08,2026-06-13
DEMO-02175,demo,venta,casa,Casa 5D 3B en San Pedro de la Paz,6991.0,276144500,San Pedro de la Paz,Concepción,171 m²,5,3,https://example.invalid/demo/02175,2026-05-23,2026-07-04
DEMO-02324,demo,venta,departamento,Depto 2D 1B en San Pedro de la Paz,4920.0,194340000,San Pedro de la Paz,Concepción,63 m²,2,1,https://example.invalid/demo/02324,2026-05-26,2026-07-15
DEMO-01992,demo,arriendo,casa,Casa 3D 2B en San Pedro de la Paz,14.6,576700,San Pedro de la Paz,Concepción,103 m²,3,2,https://example.invalid/demo/01992,2026-05-25,2026-06-18
DEMO-02057,demo,venta,casa,Casa 6D 4B en San Pedro de la Paz,9492.0,374934000,San Pedro de la Paz,Concepción,224 m²,6,4,https://example.invalid/demo/02057,2026-05-30,2026-07-17
DEMO-02211,demo,venta,casa,Casa 5D 3B en San Pedro de la Paz,7474.0,295223000,San Pedro de la Paz,Concepción,158 m²,5,3,https://example.invalid/demo/02211,2026-06-28,2026-07-04
DEMO-01248,demo,venta,casa,Casa 6D 4B en Coronel,6627.0,261766500,Coronel,Concepción,252 m²,6,4,https://example.invalid/demo/01248,2026-05-12,2026-07-07
DEMO-02079,demo,venta,casa,Casa 4D 2B en San Pedro de la Paz,5623.0,222108500,San Pedro de la Paz,Concepción,148 m²,4,2,https://example.invalid/demo/02079,2026-08-23,2026-09-01
DEMO-00211,demo,venta,casa,Casa 2D 1B en Chiguayante,2222.0,87769000,Chiguayante,Concepción,73 m²,2,1,https://example.invalid/demo/00211,2026-07-23,2026-07-26
DEMO-02207,demo,venta,casa,Casa 4D 2B en San Pedro de la Paz,4177.0,164991500,San Pedro de la Paz,Concepción,,4,2,https://example.invalid/demo/02207,2026-08-09,2026-09-01
DEMO-02076,demo,venta,casa,Casa 4D 2B en San Pedro de la Paz,8995.0,355302500,San Pedro de la Paz,Concepción,130 m²,4,2,https://example.invalid/demo/02076,2026-06-16,2026-06-18
DEMO-02926,demo,venta,casa,Casa 3D 2B en Tomé,2934.0,115893000,Tomé,Concepción,116 m²,3,2,https://example.invalid/demo/02926,2026-07-04,2026-07-31
DEMO-00869,demo,venta,casa,Casa 3D 2B en Concepción,7495.0,296052500,Concepción,Concepción,,3,2,https://example.invalid/demo/00869,2026-07-01,2026-07-07
DEMO-02773,demo,venta,departamento,Depto 4D 2B en Talcahuano,6524.0,257698000,Talcahuano,Concepción,,4,2,https://example.invalid/demo/02773,2026-08-23,2026-09-01
DEMO-00617,demo,venta,departamento,Depto 3D 2B en Chiguayante,48,1896000,Chiguayante,Concepción,89 m²,3,2,https://example.invalid/demo/00617,2026-05-05,2026-06-28
DEMO-01878,demo,venta,casa,Casa 5D 3B en Lota,3358.0,132641000,Lota,Concepción,187 m²,5,3,https://example.invalid/demo/01878,2026-05-12,2026-05-14
DEMO-01010,demo,venta,departamento,Depto 2D 1B en Concepción,4493.0,177473500,Concepción,Concepción,61 m²,2,1,https://example.invalid/demo/01010,2026-06-08,2026-08-07
DEMO-02636,demo,venta,casa,Casa 6D 4B en Talcahuano,6239.0,246440500,Talcahuano,Concepción,284 m²,6,4,https://example.invalid/demo/02636,2026-08-01,2026-08-04
DEMO-03108,demo,venta,departamento,Depto 2D 1B en Tomé,2074.0,81923000,Tomé,Concepción,53 m²,2,1,https://example.invalid/demo/03108,2026-06-30,2026-08-23
DEMO-00939,demo,venta,casa,Casa 6D 4B en Concepción,13334.0,526693000,Concepción,Concepción,261 m²,6,4,https://example.invalid/demo/00939,2026-06-16,2026-06-24
DEMO-01767,demo,venta,departamento,Depto 2D 1B en Los Ángeles,1909.0,75405500,Los Ángeles,Biobío,54 m²,2,1,https://example.invalid/demo/01767,2026-05-04,2026-06-01
DEMO-01551,demo,venta,casa,Casa 4D 2B en Los Ángeles,7284.0,287718000,Los Ángeles,Biobío,141 m²,4,2,https://example.invalid/demo/01551,2026-07-21,2026-08-03
DEMO-00592,demo,venta,departamento,Depto 2D 1B en Chiguayante,3122.0,123319000,Chiguayante,Concepción,64 m²,2,1,https://example.invalid/demo/00592,2026-08-07,2026-09-01
DEMO-01880,demo,venta,casa,Casa 4D 2B en Lota,2918.0,115261000,Lota,Concepción,149 m²,4,2,https://example.invalid/demo/01880,2026-06-17,2026-08-03
DEMO-00904,demo,venta,casa,Casa 6D 4B en Concepción,7985.0,315407500,Concepción,Concepción,201 m²,6,4,https://example.invalid/demo/00904,2026-07-11,2026-09-01
DEMO-02820,demo,venta,departamento,Depto 4D 2B en Talcahuano,4917.0,194221500,Talcahuano,Concepción,103 m²,4,2,https://example.invalid/demo/02820,2026-06-28,2026-07-05
DEMO-01482,demo,venta,departamento,Depto 2D 1B en Hualpén,1720.0,67940000,Hualpén,Concepción,,2,1,https://example.invalid/demo/01482,2026-06-28,2026-07-05
DEMO-01229,demo,venta,departamento,Depto 3D 2B en Concepción,7461.0,294709500,Concepción,Concepción,82 m²,3,2,https://example.invalid/demo/01229,2026-05-13,2026-06-10
DEMO-01950,demo,venta,departamento,Depto 3D 2B en Penco,3295.0,130152500,Penco,Concepción,87 m²,3,2,https://example.invalid/demo/01950,2026-06-12,2026-06-28
DEMO-00354,demo,venta,casa,Casa 5D 3B en Chiguayante,7625.0,301187500,Chiguayante,Concepción,172 m²,5,3,https://example.invalid/demo/00354,2026-08-31,2026-09-01
DEMO-00737,demo,venta,casa,Casa 6D 4B en Concepción,10642.0,420359000,Concepción,Concepción,226 m²,6,4,https://example.invalid/demo/00737,2026-08-14,2026-09-01
DEMO-02737,demo,venta,casa,Casa 3D 2B en Talcahuano,3695.0,145952500,Talcahuano,Concepción,,3,2,https://example.invalid/demo/02737,2026-07-07,2026-07-16
DEMO-01140,demo,venta,departamento,Depto 1D 1B en Concepción,0,0,Concepción,Concepción,41 m²,1,1,https://example.invalid/demo/01140,2026-09-01,2026-09-01
DEMO-02371,demo,venta,departamento,Depto 4D 2B en San Pedro de la Paz,6620.0,261490000,San Pedro de la Paz,Concepción,123 m²,4,2,https://example.invalid/demo/02371,2026-05-10,2026-06-21
DEMO-01958,demo,venta,departamento,Depto 3D 2B en Penco,2613.0,103213500,Penco,Concepción,86 m²,3,2,https://example.invalid/demo/01958,2026-06-27,2026-08-16
DEMO-00261,demo,venta,casa,Casa 6D 4B en Chiguayante,6375.0,251812500,Chiguayante,Concepción,231 m²,6,4,https://example.invalid/demo/00261,2026-05-15,2026-05-19
DEMO-02196,demo,venta,casa,Casa 3D 2B en San Pedro de la Paz,6624.0,261648000,San Pedro de la Paz,Concepción,116 m²,3,2,https://example.invalid/demo/02196,2026-05-26,2026-07-04
DEMO-02558,demo,venta,casa,Casa 4D 2B en Santa Bárbara,1523.0,60158500,Santa Bárbara,Biobío,147 m²,4,2,https://example.invalid/demo/02558,2026-06-17,2026-06-24
DEMO-02573,demo,venta,casa,Casa 5D 3B en Santa Juana,2070.0,81765000,Santa Juana,Concepción,181 m²,5,3,https://example.invalid/demo/02573,2026-05-20,2026-06-01
DEMO-00366,demo,venta,casa,Casa 6D 4B en Chiguayante,11728.0,463256000,Chiguayante,Concepción,282 m²,6,4,https://example.invalid/demo/00366,2026-05-20,2026-05-22
DEMO-01297,demo,venta,departamento,Depto 2D 1B en Coronel,2091.0,82594500,Coronel,Concepción,44 m²,2,1,https://example.invalid/demo/01297,2026-06-15,2026-07-07
DEMO-01347,demo,venta,casa,Casa 4D 2B en Hualpén,5321.0,210179500,Hualpén,Concepción,137 m²,4,2,https://example.invalid/demo/01347,2026-06-02,2026-06-17
DEMO-03053,demo,venta,casa,Casa 5D 3B en Tomé,4461.0,176209500,Tomé,Concepción,,5,3,https://example.invalid/demo/03053,2026-05-27,2026-06-27
DEMO-01660,demo,venta,casa,Casa 2D 1B en Los Ángeles,1713.0,67663500,Los Ángeles,Biobío,57 m²,2,1,https://example.invalid/demo/01660,2026-07-30,2026-08-29
DEMO-01380,demo,venta,casa,Casa 6D 4B en Hualpén,9971.0,393854500,Hualpén,Concepción,291 m²,6,4,https://example.invalid/demo/01380,2026-05-29,2026-06-12
DEMO-00681,demo,arriendo,casa,Casa 2D 1B en Concepción,24.0,948000,Concepción,Concepción,83 m²,2,1,https://example.invalid/demo/00681,2026-05-29,2026-06-26
DEMO-03149,demo,venta,departamento,Depto 2D 1B en Tomé,1905.0,75247500,Tomé,Concepción,69 m²,2,1,https://example.invalid/demo/03149,2026-05-21,2026-06-14
DEMO-02950,demo,venta,casa,Casa 2D 1B en Tomé,1602.0,63279000,Tomé,Concepción,59 m²,2,1,https://example.invalid/demo/02950,2026-07-17,2026-08-08
DEMO-00450,demo,venta,departamento,Depto 2D 1B en Chiguayante,2632.0,103964000,Chiguayante,Concepción,49 m²,2,1,https://example.invalid/demo/00450,2026-06-25,2026-08-01
DEMO-02315,demo,venta,departamento,Depto 4D 2B en San Pedro de la Paz,9193.0,363123500,San Pedro de la Paz,Concepción,121 m²,4,2,https://example.invalid/demo/02315,2026-08-24,2026-09-01
DEMO-02225,demo,venta,casa,Casa 3D 2B en San Pedro de la Paz,5911.0,233484500,San Pedro de la Paz,Concepción,119 m²,3,2,https://example.invalid/demo/02225,2026-05-04,2026-05-15
DEMO-02313,demo,venta,departamento,Depto 2D 1B en San Pedro de la Paz,21,829500,San Pedro de la Paz,Concepción,45 m²,2,1,https://example.invalid/demo/02313,2026-06-20,2026-07-15
DEMO-00819,demo,venta,casa,Casa 3D 2B en Concepción,4647.0,183556500,Concepción,Concepción,,3,2,https://example.invalid/demo/00819,2026-07-12,2026-09-01
DEMO-01593,demo,venta,casa,Casa 5D 3B en Los Ángeles,8157.0,322201500,Los Ángeles,Biobío,,5,3,https://example.invalid/demo/01593,2026-07-12,2026-08-21
DEMO-02704,demo,venta,casa,Casa 2D 1B en Talcahuano,3005.0,118697500,Talcahuano,Concepción,,2,1,https://example.invalid/demo/02704,2026-05-12,2026-05-16
DEMO-01784,demo,venta,departamento,Depto 2D 1B en Los Ángeles,2390.0,94405000,Los Ángeles,Biobío,67 m²,2,1,https://example.invalid/demo/01784,2026-07-20,2026-08-15
DEMO-02712,demo,venta,casa,Casa 3D 2B en Talcahuano,4765.0,188217500,Talcahuano,Concepción,,3,2,https://example.invalid/demo/02712,2026-07-18,2026-09-01
DEMO-00544,demo,venta,departamento,Depto 4D 2B en Chiguayante,5140.0,203030000,Chiguayante,Concepción,102 m²,4,2,https://example.invalid/demo/00544,2026-08-27,2026-09-01
DEMO-01963,demo,venta,departamento,Depto 2D 1B en Penco,1493.0,58973500,Penco,Concepción,46 m²,2,1,https://example.invalid/demo/01963,2026-05-15,2026-07-14
DEMO-02419,demo,venta,departamento,Depto 3D 2B en San Pedro de la Paz,6929.0,273695500,San Pedro de la Paz,Concepción,82 m²,3,2,https://example.invalid/demo/02419,2026-07-23,2026-08-14
DEMO-02054,demo,venta,casa,Casa 5D 3B en San Pedro de la Paz,7722.0,305019000,San Pedro de la Paz,Concepción,187 m²,5,3,https://example.invalid/demo/02054,2026-06-07,2026-06-22
DEMO-02848,demo,venta,departamento,Depto 4D 2B en Talcahuano,4046.0,159817000,Talcahuano,Concepción,98 m²,4,2,https://example.invalid/demo/02848,2026-06-07,2026-07-10
DEMO-01523,demo,venta,casa,Casa 5D 3B en Hualqui,3043.0,120198500,Hualqui,Concepción,182 m²,5,3,https://example.invalid/demo/01523,2026-08-20,2026-08-27
DEMO-03056,demo,venta,casa,Casa 2D 1B en Tomé,1786.0,70547000,Tomé,Concepción,69 m²,2,1,https://example.invalid/demo/03056,2026-06-09,2026-07-04
DEMO-01994,demo,arriendo,casa,Casa 6D 4B en San Pedro de la Paz,36.8,1453600,San Pedro de la Paz,Concepción,222 m²,6,4,https://example.invalid/demo/01994,2026-05-14,2026-05-21
DEMO-01930,demo,venta,casa,Casa 3D 2B en Penco,3603.0,142318500,Penco,Concepción,96 m²,3,2,https://example.invalid/demo/01930,2026-08-25,2026-09-01
DEMO-00275,demo,venta,casa,Casa 4D 2B en Chiguayante,6136.0,242372000,Chiguayante,Concepción,143 m²,4,2,https://example.invalid/demo/00275,2026-07-22,2026-09-01
DEMO-01943,demo,venta,departamento,Depto 4D 2B en Penco,36,1422000,Penco,Concepción,111 m²,4,2,https://example.invalid/demo/01943,2026-08-18,2026-09-01
DEMO-03105,demo,venta,departamento,Depto 2D 1B en Tomé,1607.0,63476500,Tomé,Concepción,61 m²,2,1,https://example.invalid/demo/03105,2026-06-21,2026-07-07
DEMO-00750,demo,venta,casa,Casa 6D 4B en Concepción,11628.0,459306000,Concepción,Concepción,,6,4,https://example.invalid/demo/00750,2026-07-23,2026-07-30
DEMO-02310,demo,venta,departamento,Depto 5D 3B en San Pedro de la Paz,7528.0,297356000,San Pedro de la Paz,Concepción,127 m²,5,3,https://example.invalid/demo/02310,2026-07-10,2026-09-01
DEMO-02608,demo,venta,casa,Casa 3D 2B en Talcahuano,2773.0,109533500,Talcahuano,Concepción,111 m²,3,2,https://example.invalid/demo/02608,2026-08-16,2026-09-01
DEMO-01936,demo,venta,departamento,Depto 2D 1B en Penco,1854.0,73233000,Penco,Concepción,61 m²,2,1,https://example.invalid/demo/01936,2026-05-28,2026-07-16
DEMO-02286,demo,venta,departamento,Depto 3D 2B en San Pedro de la Paz,6826.0,269627000,San Pedro de la Paz,Concepción,90 m²,3,2,https://example.invalid/demo/02286,2026-08-09,2026-08-14
DEMO-03094,demo,venta,casa,Casa 2D 1B en Tomé,2240.0,88480000,Tomé,Concepción,77 m²,2,1,https://example.invalid/demo/03094,2026-05-26,2026-07-13
DEMO-01018,demo,venta,departamento,Depto 3D 2B en Concepción,6488.0,256276000,Concepción,Concepción,84 m²,3,2,https://example.invalid/demo/01018,2026-08-08,2026-09-01
DEMO-00398,demo,venta,casa,Casa 6D 4B en Chiguayante,6570.0,259515000,Chiguayante,Concepción,234 m²,6,4,https://example.invalid/demo/00398,2026-07-19,2026-08-31
DEMO-00005,demo,venta,casa,Casa 6D 4B en Arauco,4376.0,172852000,Arauco,Arauco,286 m²,6,4,https://example.invalid/demo/00005,2026-07-05,2026-07-14
DEMO-00997,demo,venta,departamento,Depto 2D 1B en Concepción,4759.0,187980500,Concepción,Concepción,,2,1,https://example.invalid/demo/00997,2026-07-24,2026-08-05
DEMO-02379,demo,venta,departamento,Depto 3D 2B en San Pedro de la Paz,5654.0,223333000,San Pedro de la Paz,Concepción,73 m²,3,2,https://example.invalid/demo/02379,2026-06-24,2026-07-29
DEMO-03054,demo,venta,casa,Casa 3D 2B en Tomé,2897.0,114431500,Tomé,Concepción,117 m²,3,2,https://example.invalid/demo/03054,2026-06-12,2026-08-07
DEMO-01829,demo,venta,departamento,Depto 3D 2B en Los Ángeles,4074.0,160923000,Los Ángeles,Biobío,78 m²,3,2,https://example.invalid/demo/01829,2026-07-19,2026-08-13
DEMO-02990,demo,venta,casa,Casa 6D 4B en Tomé,8706.0,343887000,Tomé,Concepción,257 m²,6,4,https://example.invalid/demo/02990,2026-05-26,2026-06-10
DEMO-02754,demo,venta,departamento,Depto 3D 2B en Talcahuano,4499.0,177710500,Talcahuano,Concepción,89 m²,3,2,https://example.invalid/demo/02754,2026-08-16,2026-09-01
DEMO-00479,demo,venta,departamento,Depto 2D 1B en Chiguayante,3038.0,120001000,Chiguayante,Concepción,50 m²,2,1,https://example.invalid/demo/00479,2026-08-25,2026-09-01
DEMO-02730,demo,venta,casa,Casa 6D 4B en Talcahuano,6364.0,251378000,Talcahuano,Concepción,199 m²,6,4,https://example.invalid/demo/02730,2026-05-19,2026-05-26
DEMO-00728,demo,venta,casa,Casa 5D 3B en Concepción,9347.0,369206500,Concepción,Concepción,166 m²,5,3,https://example.invalid/demo/00728,2026-08-25,2026-09-01
DEMO-01833,demo,venta,departamento,Depto 2D 1B en Los Ángeles,2484.0,98118000,Los Ángeles,Biobío,,2,1,https://example.invalid/demo/01833,2026-07-02,2026-07-08
DEMO-00863,demo,venta,casa,Casa 6D 4B en Concepción,8665.0,342267500,Concepción,Concepción,196 m²,6,4,https://example.invalid/demo/00863,2026-06-13,2026-07-05
DEMO-00322,demo,venta,casa,Casa 3D 2B en Chiguayante,4585.0,181107500,Chiguayante,Concepción,110 m²,3,2,https://example.invalid/demo/00322,2026-06-28,2026-06-28
DEMO-01545,demo,venta,casa,Casa 6D 4B en Los Ángeles,8842.0,349259000,Los Ángeles,Biobío,,6,4,https://example.invalid/demo/01545,2026-05-22,2026-06-20
DEMO-01658,demo,venta,casa,Casa 3D 2B en Los Ángeles,5590.0,220805000,Los Ángeles,Biobío,113 m²,3,2,https://example.invalid/demo/01658,2026-08-02,2026-08-10
DEMO-01562,demo,venta,casa,Casa 3D 2B en Los Ángeles,2713.0,107163500,Los Ángeles,Biobío,88 m²,3,2,https://example.invalid/demo/01562,2026-06-24,2026-07-13
DEMO-01451,demo,venta,departamento,Depto 3D 2B en Hualpén,3091.0,122094500,Hualpén,Concepción,75 m²,3,2,https://example.invalid/demo/01451,2026-06-06,2026-07-23
DEMO-02357,demo,venta,departamento,Depto 4D 2B en San Pedro de la Paz,6412.0,253274000,San Pedro de la Paz,Concepción,116 m²,4,2,https://example.invalid/demo/02357,2026-07-28,2026-07-29
DEMO-01200,demo,venta,departamento,Depto 4D 2B en Concepción,8883.0,350878500,Concepción,Concepción,116 m²,4,2,https://example.invalid/demo/01200,2026-07-13,2026-07-15
DEMO-02510,demo,venta,departamento,Depto 2D 1B en San Pedro de la Paz,3133.0,123753500,San Pedro de la Paz,Concepción,,2,1,https://example.invalid/demo/02510,2026-07-01,2026-07-29
DEMO-02385,demo,venta,departamento,Depto 3D 2B en San Pedro de la Paz,5119.0,202200500,San Pedro de la Paz,Concepción,74 m²,3,2,https://example.invalid/demo/02385,2026-07-06,2026-08-17
DEMO-00920,demo,venta,casa,Casa 4D 2B en Concepción,9278.0,366481000,Concepción,Concepción,131 m²,4,2,https://example.invalid/demo/00920,2026-05-19,2026-06-03
DEMO-00193,demo,venta,casa,Casa 6D 4B en Chiguayante,8647.0,341556500,Chiguayante,Concepción,241 m²,6,4,https://example.invalid/demo/00193,2026-06-26,2026-07-28
DEMO-02930,demo,venta,casa,Casa 6D 4B en Tomé,7010.0,276895000,Tomé,Concepción,281 m²,6,4,https://example.invalid/demo/02930,2026-06-10,2026-08-01
DEMO-02632,demo,venta,casa,Casa 3D 2B en Talcahuano,3373.0,133233500,Talcahuano,Concepción,104 m²,3,2,https://example.invalid/demo/02632,2026-07-29,2026-09-01
DEMO-02743,demo,venta,departamento,Depto 2D 1B en Talcahuano,1615.0,63792500,Talcahuano,Concepción,44 m²,2,1,https://example.invalid/demo/02743,2026-06-08,2026-07-22
DEMO-00578,demo,venta,departamento,Depto 4D 2B en Chiguayante,5119.0,202200500,Chiguayante,Concepción,101 m²,4,2,https://example.invalid/demo/00578,2026-06-16,2026-07-21
DEMO-00918,demo,venta,casa,Casa 2D 1B en Concepción,5469.0,216025500,Concepción,Concepción,79 m²,2,1,https://example.invalid/demo/00918,2026-08-13,2026-09-01
DEMO-01169,demo,venta,departamento,Depto 3D 2B en Concepción,8347.0,329706500,Concepción,Concepción,91 m²,3,2,https://example.invalid/demo/01169,2026-07-19,2026-08-14
DEMO-01282,demo,venta,casa,Casa 5D 3B en Coronel,5518.0,217961000,Coronel,Concepción,186 m²,5,3,https://example.invalid/demo/01282,2026-05-27,2026-07-01
DEMO-00714,demo,venta,casa,Casa 6D 4B en Concepción,7546.0,298067000,Concepción,Concepción,,6,4,https://example.invalid/demo/00714,2026-07-10,2026-08-15
DEMO-01519,demo,venta,casa,Casa 2D 1B en Hualqui,1508.0,59566000,Hualqui,Concepción,68 m²,2,1,https://example.invalid/demo/01519,2026-08-15,2026-08-18
DEMO-01240,demo,venta,casa,Casa 3D 2B en Coronel,2503.0,98868500,Coronel,Concepción,97 m²,3,2,https://example.invalid/demo/01240,2026-07-31,2026-09-01
DEMO-00389,demo,venta,casa,Casa 5D 3B en Chiguayante,5343.0,211048500,Chiguayante,Concepción,,5,3,https://example.invalid/demo/00389,2026-08-17,2026-09-01
DEMO-00442,demo,venta,departamento,Depto 2D 1B en Chiguayante,2578.0,101831000,Chiguayante,Concepción,51 m²,2,1,https://example.invalid/demo/00442,2026-06-09,2026-06-26
DEMO-02350,demo,venta,departamento,Depto 1D 1B en San Pedro de la Paz,2739.0,108190500,San Pedro de la Paz,Concepción,,1,1,https://example.invalid/demo/02350,2026-06-27,2026-07-22
DEMO-02564,demo,venta,casa,Casa 5D 3B en Santa Juana,5178.0,204531000,Santa Juana,Concepción,190 m²,5,3,https://example.invalid/demo/02564,2026-05-06,2026-05-21
DEMO-01970,demo,venta,departamento,Depto 2D 1B en Penco,0,0,Penco,Concepción,64 m²,2,1,https://example.invalid/demo/01970,2026-06-26,2026-08-16
DEMO-01259,demo,venta,casa,Casa 4D 2B en Coronel,2995.0,118302500,Coronel,Concepción,140 m²,4,2,https://example.invalid/demo/01259,2026-06-14,2026-06-30
DEMO-00328,demo,venta,casa,Casa 6D 4B en Chiguayante,0,0,Chiguayante,Concepción,281 m²,6,4,https://example.invalid/demo/00328,2026-08-27,2026-09-01
DEMO-01204,demo,venta,departamento,Depto 4D 2B en Concepción,9168.0,362136000,Concepción,Concepción,,4,2,https://example.invalid/demo/01204,2026-05-15,2026-07-10
DEMO-01280,demo,venta,casa,Casa 3D 2B en Coronel,2542.0,100409000,Coronel,Concepción,,3,2,https://example.invalid/demo/01280,2026-07-17,2026-09-01
DEMO-02305,demo,venta,departamento,Depto 3D 2B en San Pedro de la Paz,6001.0,237039500,San Pedro de la Paz,Concepción,91 m²,3,2,https://example.invalid/demo/02305,2026-08-10,2026-08-11
DEMO-02197,demo,venta,casa,Casa 6D 4B en San Pedro de la Paz,13502.0,533329000,San Pedro de la Paz,Concepción,,6,4,https://example.invalid/demo/02197,2026-06-05,2026-07-29
DEMO-01828,demo,venta,departamento,Depto 2D 1B en Los Ángeles,1777.0,70191500,Los Ángeles,Biobío,42 m²,2,1,https://example.invalid/demo/01828,2026-07-02,2026-08-10
DEMO-01242,demo,venta,casa,Casa 6D 4B en Coronel,5540.0,218830000,Coronel,Concepción,220 m²,6,4,https://example.invalid/demo/01242,2026-08-11,2026-08-11
DEMO-02301,demo,venta,departamento,Depto 2D 1B en San Pedro de la Paz,2288.0,90376000,San Pedro de la Paz,Concepción,47 m²,2,1,https://example.invalid/demo/02301,2026-05-23,2026-06-07
DEMO-00644,demo,venta,departamento,Depto 2D 1B en Chiguayante,3654.0,144333000,Chiguayante,Concepción,58 m²,2,1,https://example.invalid/demo/00644,2026-08-16,2026-09-01
DEMO-01782,demo,venta,departamento,Depto 3D 2B en Los Ángeles,4250.0,167875000,Los Ángeles,Biobío,82 m²,3,2,https://example.invalid/demo/01782,2026-05-18,2026-06-11
DEMO-01846,demo,venta,departamento,Depto 4D 2B en Los Ángeles,3455.0,136472500,Los Ángeles,Biobío,,4,2,https://example.invalid/demo/01846,2026-06-09,2026-07-02
DEMO-00305,demo,venta,casa,Casa 6D 4B en Chiguayante,9720.0,383940000,Chiguayante,Concepción,222 m²,6,4,https://example.invalid/demo/00305,2026-06-28,2026-08-24
DEMO-00127,demo,venta,casa,Casa 3D 2B en Chiguayante,0,0,Chiguayante,Concepción,103 m²,3,2,https://example.invalid/demo/00127,2026-08-14,2026-09-01
DEMO-02253,demo,venta,casa,Casa 5D 3B en San Pedro de la Paz,4828.0,190706000,San Pedro de la Paz,Concepción,,5,3,https://example.invalid/demo/02253,2026-08-19,2026-08-19
DEMO-01837,demo,venta,departamento,Depto 4D 2B en Los Ángeles,4101.0,161989500,Los Ángeles,Biobío,,4,2,https://example.invalid/demo/01837,2026-06-14,2026-06-15
DEMO-00567,demo,venta,departamento,Depto 2D 1B en Chiguayante,4334.0,171193000,Chiguayante,Concepción,61 m²,2,1,https://example.invalid/demo/00567,2026-05-19,2026-06-24
DEMO-02501,demo,venta,departamento,Depto 4D 2B en San Pedro de la Paz,6770.0,267415000,San Pedro de la Paz,Concepción,,4,2,https://example.invalid/demo/02501,2026-07-21,2026-07-27
DEMO-00249,demo,venta,casa,Casa 3D 2B en Chiguayante,3481.0,137499500,Chiguayante,Concepción,,3,2,https://example.invalid/demo/00249,2026-08-10,2026-09-01
DEMO-03141,demo,venta,departamento,Depto 4D 2B en Tomé,3706.0,146387000,Tomé,Concepción,114 m²,4,2,https://example.invalid/demo/03141,2026-05-07,2026-07-06
DEMO-01028,demo,venta,departamento,Depto 2D 1B en Concepción,3700.0,146150000,Concepción,Concepción,,2,1,https://example.invalid/demo/01028,2026-05-17,2026-07-02
DEMO-01799,demo,venta,departamento,Depto 3D 2B en Los Ángeles,2932.0,115814000,Los Ángeles,Biobío,81 m²,3,2,https://example.invalid/demo/01799,2026-06-14,2026-07-13
DEMO-02307,demo,venta,departamento,Depto 4D 2B en San Pedro de la Paz,9186.0,362847000,San Pedro de la Paz,Concepción,101 m²,4,2,https://example.invalid/demo/02307,2026-06-24,2026-08-03
DEMO-02329,demo,venta,departamento,Depto 4D 2B en San Pedro de la Paz,6065.0,239567500,San Pedro de la Paz,Concepción,109 m²,4,2,https://example.invalid/demo/02329,2026-06-07,2026-06-25
DEMO-00482,demo,venta,departamento,Depto 2D 1B en Chiguayante,5209.0,205755500,Chiguayante,Concepción,70 m²,2,1,https://example.invalid/demo/00482,2026-05-06,2026-06-19
DEMO-02051,demo,venta,casa,Casa 4D 2B en San Pedro de la Paz,5738.0,226651000,San Pedro de la Paz,Concepción,145 m²,4,2,https://example.invalid/demo/02051,2026-07-08,2026-07-31
DEMO-02406,demo,venta,departamento,Depto 2D 1B en San Pedro de la Paz,6287.0,248336500,San Pedro de la Paz,Concepción,,2,1,https://example.invalid/demo/02406,2026-06-19,2026-08-17
DEMO-01354,demo,venta,casa,Casa 3D 2B en Hualpén,2351.0,92864500,Hualpén,Concepción,95 m²,3,2,https://example.invalid/demo/01354,2026-05-10,2026-05-27
DEMO-02105,demo,venta,casa,Casa 2D 1B en San Pedro de la Paz,2376.0,93852000,San Pedro de la Paz,Concepción,68 m²,2,1,https://example.invalid/demo/02105,2026-09-01,2026-09-01
DEMO-02034,demo,venta,casa,Casa 2D 1B en San Pedro de la Paz,4492.0,177434000,San Pedro de la Paz,Concepción,,2,1,https://example.invalid/demo/02034,2026-07-03,2026-07-22
DEMO-02429,demo,venta,departamento,Depto 2D 1B en San Pedro de la Paz,3202.0,126479000,San Pedro de la Paz,Concepción,57 m²,2,1,https://example.invalid/demo/02429,2026-07-26,2026-09-01
DEMO-01928,demo,venta,casa,Casa 5D 3B en Penco,4173.0,164833500,Penco,Concepción,169 m²,5,3,https://example.invalid/demo/01928,2026-06-23,2026-08-17
DEMO-00871,demo,venta,casa,Casa 4D 2B en Concepción,9845.0,388877500,Concepción,Concepción,132 m²,4,2,https://example.invalid/demo/00871,2026-07-27,2026-08-16
DEMO-02161,demo,venta,casa,Casa 4D 2B en San Pedro de la Paz,6188.0,244426000,San Pedro de la Paz,Concepción,144 m²,4,2,https://example.invalid/demo/02161,2026-06-26,2026-07-13
DEMO-01277,demo,venta,casa,Casa 5D 3B en Coronel,4737.0,187111500,Coronel,Concepción,,5,3,https://example.invalid/demo/01277,2026-08-01,2026-08-17
DEMO-02576,demo,arriendo,casa,Casa 4D 2B en Talcahuano,13.8,545100,Talcahuano,Concepción,126 m²,4,2,https://example.invalid/demo/02576,2026-08-31,2026-09-01
DEMO-02672,demo,venta,casa,Casa 5D 3B en Talcahuano,6262.0,247349000,Talcahuano,Concepción,176 m²,5,3,https://example.invalid/demo/02672,2026-08-27,2026-08-30
DEMO-00807,demo,venta,casa,Casa 4D 2B en Concepción,9479.0,374420500,Concepción,Concepción,,4,2,https://example.invalid/demo/00807,2026-06-19,2026-07-27
DEMO-03033,demo,venta,casa,Casa 3D 2B en Tomé,4337.0,171311500,Tomé,Concepción,114 m²,3,2,https://example.invalid/demo/03033,2026-08-10,2026-09-01
DEMO-01104,demo,venta,departamento,Depto 2D 1B en Concepción,2004.0,79158000,Concepción,Concepción,44 m²,2,1,https://example.invalid/demo/01104,2026-08-06,2026-09-01
DEMO-00749,demo,venta,casa,Casa 6D 4B en Concepción,10795.0,426402500,Concepción,Concepción,265 m²,6,4,https://example.invalid/demo/00749,2026-08-30,2026-09-01
DEMO-02940,demo,venta,casa,Casa 6D 4B en Tomé,6165.0,243517500,Tomé,Concepción,193 m²,6,4,https://example.invalid/demo/02940,2026-08-11,2026-08-14
DEMO-00584,demo,venta,departamento,Depto 1D 1B en Chiguayante,1745.0,68927500,Chiguayante,Concepción,,1,1,https://example.invalid/demo/00584,2026-05-15,2026-07-12
DEMO-02173,demo,venta,casa,Casa 6D 4B en San Pedro de la Paz,6386.0,252247000,San Pedro de la Paz,Concepción,,6,4,https://example.invalid/demo/02173,2026-08-30,2026-09-01
DEMO-02763,demo,venta,departamento,Depto 4D 2B en Talcahuano,5084.0,200818000,Talcahuano,Concepción,,4,2,https://example.invalid/demo/02763,2026-06-30,2026-07-18
DEMO-01211,demo,venta,departamento,Depto 4D 2B en Concepción,8528.0,336856000,Concepción,Concepción,118 m²,4,2,https://example.invalid/demo/01211,2026-07-07,2026-08-29
DEMO-02760,demo,venta,departamento,Depto 3D 2B en Talcahuano,3845.0,151877500,Talcahuano,Concepción,94 m²,3,2,https://example.invalid/demo/02760,2026-05-13,2026-05-17
DEMO-00408,demo,venta,casa,Casa 3D 2B en Chiguayante,3448.0,136196000,Chiguayante,Concepción,,3,2,https://example.invalid/demo/00408,2026-07-15,2026-09-01
DEMO-02546,demo,venta,departamento,Depto 3D 2B en San Pedro de la Paz,8262.0,326349000,San Pedro de la Paz,Concepción,,3,2,https://example.invalid/demo/02546,2026-06-08,2026-07-31
DEMO-00895,demo,venta,casa,Casa 4D 2B en Concepción,4815.0,190192500,Concepción,Concepción,129 m²,4,2,https://example.invalid/demo/00895,2026-08-08,2026-09-01
DEMO-00486,demo,venta,departamento,Depto 2D 1B en Chiguayante,3647.0,144056500,Chiguayante,Concepción,62 m²,2,1,https://example.invalid/demo/00486,2026-06-03,2026-07-06
DEMO-00783,demo,venta,casa,Casa 4D 2B en Concepción,6752.0,266704000,Concepción,Concepción,,4,2,https://example.invalid/demo/00783,2026-07-17,2026-08-06
DEMO-00335,demo,venta,casa,Casa 2D 1B en Chiguayante,2850.0,112575000,Chiguayante,Concepción,81 m²,2,1,https://example.invalid/demo/00335,2026-05-09,2026-05-26
DEMO-01311,demo,venta,casa,Casa 6D 4B en Florida,4059.0,160330500,Florida,Concepción,200 m²,6,4,https://example.invalid/demo/01311,2026-05-16,2026-05-23
DEMO-02078,demo,venta,casa,Casa 5D 3B en San Pedro de la Paz,5309.0,209705500,San Pedro de la Paz,Concepción,,5,3,https://example.invalid/demo/02078,2026-05-24,2026-07-04
DEMO-01637,demo,venta,casa,Casa 3D 2B en Los Ángeles,3751.0,148164500,Los Ángeles,Biobío,100 m²,3,2,https://example.invalid/demo/01637,2026-05-21,2026-06-13
DEMO-01429,demo,venta,departamento,Depto 2D 1B en Hualpén,1812.0,71574000,Hualpén,Concepción,55 m²,2,1,https://example.invalid/demo/01429,2026-05-12,2026-05-12
DEMO-02359,demo,venta,departamento,Depto 2D 1B en San Pedro de la Paz,3629.0,143345500,San Pedro de la Paz,Concepción,52 m²,2,1,https://example.invalid/demo/02359,2026-07-18,2026-07-28
DEMO-00256,demo,venta,casa,Casa 5D 3B en Chiguayante,7678.0,303281000,Chiguayante,Concepción,191 m²,5,3,https://example.invalid/demo/00256,2026-07-04,2026-08-26
DEMO-00573,demo,venta,departamento,Depto 3D 2B en Chiguayante,3449.0,136235500,Chiguayante,Concepción,71 m²,3,2,https://example.invalid/demo/00573,2026-07-16,2026-08-03
DEMO-00337,demo,venta,casa,Casa 6D 4B en Chiguayante,10110.0,399345000,Chiguayante,Concepción,207 m²,6,4,https://example.invalid/demo/00337,2026-08-16,2026-08-28
DEMO-00173,demo,venta,casa,Casa 4D 2B en Chiguayante,5390.0,212905000,Chiguayante,Concepción,135 m²,4,2,https://example.invalid/demo/00173,2026-05-04,2026-05-27
DEMO-00878,demo,venta,casa,Casa 6D 4B en Concepción,10377.0,409891500,Concepción,Concepción,256 m²,6,4,https://example.invalid/demo/00878,2026-07-10,2026-08-21
DEMO-01302,demo,venta,departamento,Depto 3D 2B en Coronel,3987.0,157486500,Coronel,Concepción,90 m²,3,2,https://example.invalid/demo/01302,2026-08-29,2026-09-01
DEMO-00885,demo,venta,casa,Casa 6D 4B en Concepción,10679.0,421820500,Concepción,Concepción,221 m²,6,4,https://example.invalid/demo/00885,2026-07-17,2026-08-15
DEMO-01067,demo,venta,departamento,Depto 2D 1B en Concepción,4657.0,183951500,Concepción,Concepción,70 m²,2,1,https://example.invalid/demo/01067,2026-06-21,2026-07-05
DEMO-02404,demo,venta,departamento,Depto 2D 1B en San Pedro de la Paz,2233.0,88203500,San Pedro de la Paz,Concepción,65 m²,2,1,https://example.invalid/demo/02404,2026-05-23,2026-05-27
DEMO-00881,demo,venta,casa,Casa 4D 2B en Concepción,8441.0,333419500,Concepción,Concepción,130 m²,4,2,https://example.invalid/demo/00881,2026-08-15,2026-08-15
DEMO-02141,demo,venta,casa,Casa 6D 4B en San Pedro de la Paz,10484.0,414118000,San Pedro de la Paz,Concepción,257 m²,6,4,https://example.invalid/demo/02141,2026-06-11,2026-07-01
DEMO-00386,demo,venta,casa,Casa 6D 4B en Chiguayante,13450.0,531275000,Chiguayante,Concepción,297 m²,6,4,https://example.invalid/demo/00386,2026-07-03,2026-08-18
DEMO-01131,demo,venta,departamento,Depto 2D 1B en Concepción,0,0,Concepción,Concepción,62 m²,2,1,https://example.invalid/demo/01131,2026-08-30,2026-08-30
DEMO-03007,demo,venta,casa,Casa 4D 2B en Tomé,2638.0,104201000,Tomé,Concepción,147 m²,4,2,https://example.invalid/demo/03007,2026-08-18,2026-09-01
DEMO-00642,demo,venta,departamento,Depto 2D 1B en Chiguayante,3112.0,122924000,Chiguayante,Concepción,66 m²,2,1,https://example.invalid/demo/00642,2026-08-19,2026-09-01
DEMO-01718,demo,venta,departamento,Depto 2D 1B en Los Ángeles,2354.0,92983000,Los Ángeles,Biobío,56 m²,2,1,https://example.invalid/demo/01718,2026-07-07,2026-07-30
DEMO-01235,demo,venta,casa,Casa 5D 3B en Coronel,4180.0,165110000,Coronel,Concepción,190 m²,5,3,https://example.invalid/demo/01235,2026-06-16,2026-06-25
DEMO-02370,demo,venta,departamento,Depto 4D 2B en San Pedro de la Paz,5866.0,231707000,San Pedro de la Paz,Concepción,101 m²,4,2,https://example.invalid/demo/02370,2026-05-29,2026-06-25
DEMO-01191,demo,venta,departamento,Depto 3D 2B en Concepción,5538.0,218751000,Concepción,Concepción,78 m²,3,2,https://example.invalid/demo/01191,2026-08-13,2026-08-13
DEMO-00371,demo,venta,casa,Casa 4D 2B en Chiguayante,7379.0,291470500,Chiguayante,Concepción,151 m²,4,2,https://example.invalid/demo/00371,2026-07-06,2026-07-25
DEMO-01695,demo,venta,departamento,Depto 2D 1B en Los Ángeles,3375.0,133312500,Los Ángeles,Biobío,,2,1,https://example.invalid/demo/01695,2026-06-06,2026-06-06
DEMO-01273,demo,venta,casa,Casa 4D 2B en Coronel,2909.0,114905500,Coronel,Concepción,124 m²,4,2,https://example.invalid/demo/01273,2026-08-06,2026-08-14
DEMO-01974,demo,arriendo,casa,Casa 3D 2B en San Pedro de la Paz,14.8,584600,San Pedro de la Paz,Concepción,,3,2,https://example.invalid/demo/01974,2026-06-28,2026-07-21
DEMO-00296,demo,venta,casa,Casa 4D 2B en Chiguayante,4459.0,176130500,Chiguayante,Concepción,128 m²,4,2,https://example.invalid/demo/00296,2026-05-22,2026-06-12
DEMO-00174,demo,venta,casa,Casa 4D 2B en Chiguayante,8130.0,321135000,Chiguayante,Concepción,148 m²,4,2,https://example.invalid/demo/00174,2026-05-22,2026-06-25
DEMO-00790,demo,venta,casa,Casa 3D 2B en Concepción,6360.0,251220000,Concepción,Concepción,96 m²,3,2,https://example.invalid/demo/00790,2026-05-27,2026-07-25
DEMO-02033,demo,venta,casa,Casa 4D 2B en San Pedro de la Paz,5144.0,203188000,San Pedro de la Paz,Concepción,,4,2,https://example.invalid/demo/02033,2026-05-26,2026-06-02
DEMO-00988,demo,venta,departamento,Depto 3D 2B en Concepción,5705.0,225347500,Concepción,Concepción,84 m²,3,2,https://example.invalid/demo/00988,2026-06-08,2026-06-13
DEMO-00752,demo,venta,casa,Casa 5D 3B en Concepción,7260.0,286770000,Concepción,Concepción,169 m²,5,3,https://example.invalid/demo/00752,2026-08-28,2026-09-01
DEMO-02249,demo,venta,casa,Casa 3D 2B en San Pedro de la Paz,3671.0,145004500,San Pedro de la Paz,Concepción,97 m²,3,2,https://example.invalid/demo/02249,2026-06-16,2026-08-14
DEMO-02792,demo,venta,departamento,Depto 5D 3B en Talcahuano,6693.0,264373500,Talcahuano,Concepción,135 m²,5,3,https://example.invalid/demo/02792,2026-06-17,2026-08-07
DEMO-02916,demo,venta,casa,Casa 6D 4B en Tomé,5502.0,217329000,Tomé,Concepción,215 m²,6,4,https://example.invalid/demo/02916,2026-08-24,2026-09-01
DEMO-03004,demo,venta,casa,Casa 3D 2B en Tomé,3523.0,139158500,Tomé,Concepción,114 m²,3,2,https://example.invalid/demo/03004,2026-06-15,2026-06-19
DEMO-01803,demo,venta,departamento,Depto 2D 1B en Los Ángeles,2164.0,85478000,Los Ángeles,Biobío,46 m²,2,1,https://example.invalid/demo/01803,2026-05-11,2026-06-12
DEMO-01192,demo,venta,departamento,Depto 3D 2B en Concepción,7624.0,301148000,Concepción,Concepción,86 m²,3,2,https://example.invalid/demo/01192,2026-05-23,2026-07-17
DEMO-02664,demo,venta,casa,Casa 4D 2B en Talcahuano,3249.0,128335500,Talcahuano,Concepción,142 m²,4,2,https://example.invalid/demo/02664,2026-08-25,2026-09-01
DEMO-02475,demo,venta,departamento,Depto 4D 2B en San Pedro de la Paz,8050.0,317975000,San Pedro de la Paz,Concepción,116 m²,4,2,https://example.invalid/demo/02475,2026-05-17,2026-06-18
DEMO-01149,demo,venta,departamento,Depto 3D 2B en Concepción,4447.0,175656500,Concepción,Concepción,,3,2,https://example.invalid/demo/01149,2026-08-21,2026-09-01
DEMO-02544,demo,venta,departamento,Depto 3D 2B en San Pedro de la Paz,4446.0,175617000,San Pedro de la Paz,Concepción,82 m²,3,2,https://example.invalid/demo/02544,2026-07-22,2026-08-21
DEMO-02536,demo,venta,departamento,Depto 2D 1B en San Pedro de la Paz,3719.0,146900500,San Pedro de la Paz,Concepción,61 m²,2,1,https://example.invalid/demo/02536,2026-08-24,2026-09-01
DEMO-02973,demo,venta,casa,Casa 6D 4B en Tomé,6064.0,239528000,Tomé,Concepción,199 m²,6,4,https://example.invalid/demo/02973,2026-05-19,2026-07-12
DEMO-02717,demo,venta,casa,Casa 4D 2B en Talcahuano,2991.0,118144500,Talcahuano,Concepción,123 m²,4,2,https://example.invalid/demo/02717,2026-09-01,2026-09-01
DEMO-00499,demo,venta,departamento,Depto 3D 2B en Chiguayante,3373.0,133233500,Chiguayante,Concepción,,3,2,https://example.invalid/demo/00499,2026-05-11,2026-05-25
DEMO-02037,demo,venta,casa,Casa 6D 4B en San Pedro de la Paz,10090.0,398555000,San Pedro de la Paz,Concepción,,6,4,https://example.invalid/demo/02037,2026-08-02,2026-08-18
DEMO-01071,demo,venta,departamento,Depto 5D 3B en Concepción,6752.0,266704000,Concepción,Concepción,131 m²,5,3,https://example.invalid/demo/01071,2026-08-06,2026-09-01
DEMO-02449,demo,venta,departamento,Depto 3D 2B en San Pedro de la Paz,4496.0,177592000,San Pedro de la Paz,Concepción,90 m²,3,2,https://example.invalid/demo/02449,2026-07-25,2026-09-01
DEMO-01841,demo,venta,departamento,Depto 2D 1B en Los Ángeles,2111.0,83384500,Los Ángeles,Biobío,61 m²,2,1,https://example.invalid/demo/01841,2026-06-17,2026-06-19
DEMO-00652,demo,venta,departamento,Depto 2D 1B en Chiguayante,2194.0,86663000,Chiguayante,Concepción,,2,1,https://example.invalid/demo/00652,2026-07-27,2026-09-01
DEMO-03057,demo,venta,casa,Casa 6D 4B en Tomé,6237.0,246361500,Tomé,Concepción,205 m²,6,4,https://example.invalid/demo/03057,2026-08-05,2026-09-01
DEMO-01848,demo,venta,departamento,Depto 1D 1B en Los Ángeles,2036.0,80422000,Los Ángeles,Biobío,37 m²,1,1,https://example.invalid/demo/01848,2026-08-04,2026-09-01
DEMO-01742,demo,venta,departamento,Depto 3D 2B en Los Ángeles,3238.0,127901000,Los Ángeles,Biobío,89 m²,3,2,https://example.invalid/demo/01742,2026-05-16,2026-06-09
DEMO-00179,demo,venta,casa,Casa 2D 1B en Chiguayante,2694.0,106413000,Chiguayante,Concepción,67 m²,2,1,https://example.invalid/demo/00179,2026-05-17,2026-06-12
DEMO-01243,demo,venta,casa,Casa 3D 2B en Coronel,2327.0,91916500,Coronel,Concepción,108 m²,3,2,https://example.invalid/demo/01243,2026-07-10,2026-07-23
DEMO-01597,demo,venta,casa,Casa 6D 4B en Los Ángeles,9501.0,375289500,Los Ángeles,Biobío,,6,4,https://example.invalid/demo/01597,2026-05-11,2026-05-17
DEMO-02039,demo,venta,casa,Casa 6D 4B en San Pedro de la Paz,13047.0,515356500,San Pedro de la Paz,Concepción,280 m²,6,4,https://example.invalid/demo/02039,2026-06-16,2026-06-22
DEMO-02098,demo,venta,casa,Casa 4D 2B en San Pedro de la Paz,5843.0,230798500,San Pedro de la Paz,Concepción,129 m²,4,2,https://example.invalid/demo/02098,2026-08-28,2026-09-01
DEMO-03136,demo,venta,departamento,Depto 3D 2B en Tomé,3034.0,119843000,Tomé,Concepción,79 m²,3,2,https://example.invalid/demo/03136,2026-07-17,2026-08-18
DEMO-02890,demo,venta,casa,Casa 6D 4B en Tomé,5142.0,203109000,Tomé,Concepción,231 m²,6,4,https://example.invalid/demo/02890,2026-05-10,2026-07-06
DEMO-03025,demo,venta,casa,Casa 3D 2B en Tomé,2722.0,107519000,Tomé,Concepción,100 m²,3,2,https://example.invalid/demo/03025,2026-06-09,2026-07-28
DEMO-00877,demo,venta,casa,Casa 3D 2B en Concepción,4270.0,168665000,Concepción,Concepción,98 m²,3,2,https://example.invalid/demo/00877,2026-07-30,2026-07-31
DEMO-01000,demo,venta,departamento,Depto 2D 1B en Concepción,6811.0,269034500,Concepción,Concepción,61 m²,2,1,https://example.invalid/demo/01000,2026-07-10,2026-07-13
DEMO-02082,demo,venta,casa,Casa 6D 4B en San Pedro de la Paz,7908.0,312366000,San Pedro de la Paz,Concepción,288 m²,6,4,https://example.invalid/demo/02082,2026-07-20,2026-08-01
DEMO-02643,demo,venta,casa,Casa 5D 3B en Talcahuano,6255.0,247072500,Talcahuano,Concepción,189 m²,5,3,https://example.invalid/demo/02643,2026-05-04,2026-05-15
DEMO-01426,demo,venta,departamento,Depto 2D 1B en Hualpén,1853.0,73193500,Hualpén,Concepción,55 m²,2,1,https://example.invalid/demo/01426,2026-05-16,2026-05-27
DEMO-00196,demo,venta,casa,Casa 3D 2B en Chiguayante,2730.0,107835000,Chiguayante,Concepción,104 m²,3,2,https://example.invalid/demo/00196,2026-08-31,2026-09-01
DEMO-01310,demo,venta,casa,Casa 3D 2B en Florida,1794.0,70863000,Florida,Concepción,,3,2,https://example.invalid/demo/01310,2026-08-29,2026-09-01
DEMO-02782,demo,venta,departamento,Depto 3D 2B en Talcahuano,2659.0,105030500,Talcahuano,Concepción,87 m²,3,2,https://example.invalid/demo/02782,2026-06-11,2026-07-25
DEMO-02493,demo,venta,departamento,Depto 3D 2B en San Pedro de la Paz,3774.0,149073000,San Pedro de la Paz,Concepción,86 m²,3,2,https://example.invalid/demo/02493,2026-06-10,2026-07-22
DEMO-00555,demo,venta,departamento,Depto 2D 1B en Chiguayante,3288.0,129876000,Chiguayante,Concepción,61 m²,2,1,https://example.invalid/demo/00555,2026-05-26,2026-07-14
DEMO-02495,demo,venta,departamento,Depto 3D 2B en San Pedro de la Paz,4253.0,167993500,San Pedro de la Paz,Concepción,,3,2,https://example.invalid/demo/02495,2026-06-07,2026-07-15
DEMO-01470,demo,venta,departamento,Depto 2D 1B en Hualpén,2300.0,90850000,Hualpén,Concepción,,2,1,https://example.invalid/demo/01470,2026-08-16,2026-08-16
DEMO-02547,demo,venta,departamento,Depto 3D 2B en San Pedro de la Paz,3908.0,154366000,San Pedro de la Paz,Concepción,,3,2,https://example.invalid/demo/02547,2026-08-29,2026-08-29
DEMO-02102,demo,venta,casa,Casa 6D 4B en San Pedro de la Paz,14903.0,588668500,San Pedro de la Paz,Concepción,273 m²,6,4,https://example.invalid/demo/02102,2026-06-29,2026-06-30
DEMO-01673,demo,venta,casa,Casa 2D 1B en Los Ángeles,3256.0,128612000,Los Ángeles,Biobío,81 m²,2,1,https://example.invalid/demo/01673,2026-07-01,2026-07-03
DEMO-00939,demo,venta,casa,Casa 6D 4B en Concepción,13334.0,526693000,Concepción,Concepción,261 m²,6,4,https://example.invalid/demo/00939,2026-06-16,2026-06-24
DEMO-00977,demo,venta,departamento,Depto 3D 2B en Concepción,4628.0,182806000,Concepción,Concepción,78 m²,3,2,https://example.invalid/demo/00977,2026-07-30,2026-09-01
DEMO-02355,demo,venta,departamento,Depto 2D 1B en San Pedro de la Paz,1929.0,76195500,San Pedro de la Paz,Concepción,58 m²,2,1,https://example.invalid/demo/02355,2026-05-04,2026-06-08
DEMO-00429,demo,venta,casa,Casa 6D 4B en Chiguayante,7182.0,283689000,Chiguayante,Concepción,207 m²,6,4,https://example.invalid/demo/00429,2026-06-14,2026-06-26
DEMO-00603,demo,venta,departamento,Depto 4D 2B en Chiguayante,8910.0,351945000,Chiguayante,Concepción,,4,2,https://example.invalid/demo/00603,2026-05-08,2026-05-23
DEMO-01326,demo,venta,casa,Casa 2D 1B en Hualpén,2101.0,82989500,Hualpén,Concepción,64 m²,2,1,https://example.invalid/demo/01326,2026-07-06,2026-07-18
DEMO-02963,demo,venta,casa,Casa 5D 3B en Tomé,4995.0,197302500,Tomé,Concepción,,5,3,https://example.invalid/demo/02963,2026-07-14,2026-07-16
DEMO-00394,demo,venta,casa,Casa 3D 2B en Chiguayante,3410.0,134695000,Chiguayante,Concepción,116 m²,3,2,https://example.invalid/demo/00394,2026-07-28,2026-09-01
DEMO-03077,demo,venta,casa,Casa 3D 2B en Tomé,3978.0,157131000,Tomé,Concepción,120 m²,3,2,https://example.invalid/demo/03077,2026-07-26,2026-08-20
DEMO-00397,demo,venta,casa,Casa 2D 1B en Chiguayante,2263.0,89388500,Chiguayante,Concepción,61 m²,2,1,https://example.invalid/demo/00397,2026-08-28,2026-09-01
DEMO-02932,demo,venta,casa,Casa 4D 2B en Tomé,5049.0,199435500,Tomé,Concepción,145 m²,4,2,https://example.invalid/demo/02932,2026-06-27,2026-08-04
DEMO-01606,demo,venta,casa,Casa 4D 2B en Los Ángeles,3987.0,157486500,Los Ángeles,Biobío,150 m²,4,2,https://example.invalid/demo/01606,2026-07-26,2026-08-15
DEMO-00204,demo,venta,casa,Casa 2D 1B en Chiguayante,2133.0,84253500,Chiguayante,Concepción,64 m²,2,1,https://example.invalid/demo/00204,2026-05-12,2026-06-08
DEMO-03093,demo,venta,casa,Casa 2D 1B en Tomé,1878.0,74181000,Tomé,Concepción,,2,1,https://example.invalid/demo/03093,2026-07-05,2026-07-27
DEMO-00514,demo,venta,departamento,Depto 2D 1B en Chiguayante,2946.0,116367000,Chiguayante,Concepción,67 m²,2,1,https://example.invalid/demo/00514,2026-08-07,2026-08-18
DEMO-01475,demo,venta,departamento,Depto 3D 2B en Hualpén,4307.0,170126500,Hualpén,Concepción,,3,2,https://example.invalid/demo/01475,2026-08-22,2026-09-01
DEMO-02956,demo,venta,casa,Casa 4D 2B en Tomé,2863.0,113088500,Tomé,Concepción,139 m²,4,2,https://example.invalid/demo/02956,2026-06-30,2026-07-04
DEMO-01613,demo,venta,casa,Casa 3D 2B en Los Ángeles,4333.0,171153500,Los Ángeles,Biobío,118 m²,3,2,https://example.invalid/demo/01613,2026-08-29,2026-09-01
DEMO-00111,demo,venta,casa,Casa 6D 4B en Chiguayante,7780.0,307310000,Chiguayante,Concepción,197 m²,6,4,https://example.invalid/demo/00111,2026-07-23,2026-08-09
DEMO-02201,demo,venta,casa,Casa 6D 4B en San Pedro de la Paz,9615.0,379792500,San Pedro de la Paz,Concepción,235 m²,6,4,https://example.invalid/demo/02201,2026-08-14,2026-09-01
DEMO-01654,demo,venta,casa,Casa 5D 3B en Los Ángeles,4560.0,180120000,Los Ángeles,Biobío,166 m²,5,3,https://example.invalid/demo/01654,2026-06-02,2026-07-01
DEMO-00562,demo,venta,departamento,Depto 2D 1B en Chiguayante,3816.0,150732000,Chiguayante,Concepción,63 m²,2,1,https://example.invalid/demo/00562,2026-06-24,2026-07-14
DEMO-01688,demo,arriendo,departamento,Depto 2D 1B en Los Ángeles,9.3,367350,Los Ángeles,Biobío,64 m²,2,1,https://example.invalid/demo/01688,2026-05-13,2026-05-19
DEMO-00837,demo,venta,casa,Casa 6D 4B en Concepción,9378.0,370431000,Concepción,Concepción,,6,4,https://example.invalid/demo/00837,2026-06-26,2026-07-02
DEMO-00763,demo,venta,casa,Casa 6D 4B en Concepción,0,0,Concepción,Concepción,285 m²,6,4,https://example.invalid/demo/00763,2026-07-19,2026-07-28
DEMO-02827,demo,venta,departamento,Depto 3D 2B en Talcahuano,3470.0,137065000,Talcahuano,Concepción,84 m²,3,2,https://example.invalid/demo/02827,2026-06-23,2026-07-28
DEMO-00805,demo,venta,casa,Casa 4D 2B en Concepción,6422.0,253669000,Concepción,Concepción,152 m²,4,2,https://example.invalid/demo/00805,2026-08-29,2026-09-01
DEMO-02878,demo,venta,casa,Casa 3D 2B en Tomé,2924.0,115498000,Tomé,Concepción,103 m²,3,2,https://example.invalid/demo/02878,2026-07-17,2026-09-01
DEMO-02575,demo,arriendo,casa,Casa 6D 4B en Talcahuano,30.1,1188950,Talcahuano,Concepción,242 m²,6,4,https://example.invalid/demo/02575,2026-07-03,2026-08-15
DEMO-02583,demo,venta,casa,Casa 2D 1B en Talcahuano,4173.0,164833500,Talcahuano,Concepción,81 m²,2,1,https://example.invalid/demo/02583,2026-07-03,2026-07-16
DEMO-01808,demo,venta,departamento,Depto 3D 2B en Los Ángeles,3325.0,131337500,Los Ángeles,Biobío,90 m²,3,2,https://example.invalid/demo/01808,2026-08-07,2026-09-01
DEMO-02069,demo,venta,casa,Casa 5D 3B en San Pedro de la Paz,0,0,San Pedro de la Paz,Concepción,190 m²,5,3,https://example.invalid/demo/02069,2026-07-19,2026-09-01
DEMO-02944,demo,venta,casa,Casa 6D 4B en Tomé,8459.0,334130500,Tomé,Concepción,262 m²,6,4,https://example.invalid/demo/02944,2026-05-27,2026-05-27
DEMO-02003,demo,venta,casa,Casa 4D 2B en San Pedro de la Paz,4495.0,177552500,San Pedro de la Paz,Concepción,137 m²,4,2,https://example.invalid/demo/02003,2026-08-26,2026-09-01
DEMO-01479,demo,venta,departamento,Depto 2D 1B en Hualpén,4155.0,164122500,Hualpén,Concepción,59 m²,2,1,https://example.invalid/demo/01479,2026-06-27,2026-07-21
DEMO-01708,demo,venta,departamento,Depto 2D 1B en Los Ángeles,1558.0,61541000,Los Ángeles,Biobío,51 m²,2,1,https://example.invalid/demo/01708,2026-07-17,2026-07-29
DEMO-00969,demo,venta,departamento,Depto 2D 1B en Concepción,7853.0,310193500,Concepción,Concepción,68 m²,2,1,https://example.invalid/demo/00969,2026-07-05,2026-08-30
DEMO-02635,demo,venta,casa,Casa 6D 4B en Talcahuano,6986.0,275947000,Talcahuano,Concepción,230 m²,6,4,https://example.invalid/demo/02635,2026-05-17,2026-06-16
DEMO-02577,demo,venta,casa,Casa 6D 4B en Talcahuano,5628.0,222306000,Talcahuano,Concepción,209 m²,6,4,https://example.invalid/demo/02577,2026-08-22,2026-09-01
DEMO-03075,demo,venta,casa,Casa 3D 2B en Tomé,2889.0,114115500,Tomé,Concepción,94 m²,3,2,https://example.invalid/demo/03075,2026-08-28,2026-09-01
DEMO-02387,demo,venta,departamento,Depto 4D 2B en San Pedro de la Paz,7606.0,300437000,San Pedro de la Paz,Concepción,102 m²,4,2,https://example.invalid/demo/02387,2026-06-28,2026-07-04
DEMO-00595,demo,venta,departamento,Depto 3D 2B en Chiguayante,4074.0,160923000,Chiguayante,Concepción,74 m²,3,2,https://example.invalid/demo/00595,2026-07-01,2026-07-10
DEMO-01173,demo,venta,departamento,Depto 3D 2B en Concepción,7091.0,280094500,Concepción,Concepción,89 m²,3,2,https://example.invalid/demo/01173,2026-06-01,2026-06-10
DEMO-00912,demo,venta,casa,Casa 4D 2B en Concepción,7191.0,284044500,Concepción,Concepción,133 m²,4,2,https://example.invalid/demo/00912,2026-06-24,2026-08-07
DEMO-00957,demo,arriendo,departamento,Depto 2D 1B en Concepción,12.2,481900,Concepción,Concepción,42 m²,2,1,https://example.invalid/demo/00957,2026-05-06,2026-06-06
DEMO-00589,demo,venta,departamento,Depto 3D 2B en Chiguayante,4149.0,163885500,Chiguayante,Concepción,84 m²,3,2,https://example.invalid/demo/00589,2026-05-22,2026-06-07
DEMO-02594,demo,venta,casa,Casa 6D 4B en Talcahuano,9853.0,389193500,Talcahuano,Concepción,247 m²,6,4,https://example.invalid/demo/02594,2026-06-10,2026-07-22
DEMO-01530,demo,venta,casa,Casa 3D 2B en Hualqui,2775.0,109612500,Hualqui,Concepción,116 m²,3,2,https://example.invalid/demo/01530,2026-05-13,2026-05-21
DEMO-02176,demo,venta,casa,Casa 4D 2B en San Pedro de la Paz,4051.0,160014500,San Pedro de la Paz,Concepción,123 m²,4,2,https://example.invalid/demo/02176,2026-07-11,2026-07-19
DEMO-03124,demo,venta,departamento,Depto 3D 2B en Tomé,2868.0,113286000,Tomé,Concepción,91 m²,3,2,https://example.invalid/demo/03124,2026-06-27,2026-07-04
DEMO-01659,demo,venta,casa,Casa 6D 4B en Los Ángeles,10303.0,406968500,Los Ángeles,Biobío,275 m²,6,4,https://example.invalid/demo/01659,2026-08-12,2026-09-01
DEMO-00028,demo,venta,casa,Casa 5D 3B en Cañete,33,1303500,Cañete,Arauco,178 m²,5,3,https://example.invalid/demo/00028,2026-08-05,2026-09-01
DEMO-02457,demo,venta,departamento,Depto 2D 1B en San Pedro de la Paz,2997.0,118381500,San Pedro de la Paz,Concepción,62 m²,2,1,https://example.invalid/demo/02457,2026-07-16,2026-08-09
DEMO-01012,demo,venta,departamento,Depto 2D 1B en Concepción,2838.0,112101000,Concepción,Concepción,62 m²,2,1,https://example.invalid/demo/01012,2026-08-17,2026-09-01
DEMO-01222,demo,venta,departamento,Depto 2D 1B en Concepción,2650.0,104675000,Concepción,Concepción,53 m²,2,1,https://example.invalid/demo/01222,2026-05-14,2026-06-13
DEMO-01053,demo,venta,departamento,Depto 2D 1B en Concepción,5128.0,202556000,Concepción,Concepción,70 m²,2,1,https://example.invalid/demo/01053,2026-06-14,2026-07-04
DEMO-02358,demo,venta,departamento,Depto 1D 1B en San Pedro de la Paz,2581.0,101949500,San Pedro de la Paz,Concepción,40 m²,1,1,https://example.invalid/demo/02358,2026-05-28,2026-07-12
DEMO-01746,demo,venta,departamento,Depto 2D 1B en Los Ángeles,2464.0,97328000,Los Ángeles,Biobío,,2,1,https://example.invalid/demo/01746,2026-07-20,2026-09-01
DEMO-01756,demo,venta,departamento,Depto 2D 1B en Los Ángeles,2693.0,106373500,Los Ángeles,Biobío,60 m²,2,1,https://example.invalid/demo/01756,2026-07-29,2026-08-22
DEMO-00178,demo,venta,casa,Casa 6D 4B en Chiguayante,8317.0,328521500,Chiguayante,Concepción,255 m²,6,4,https://example.invalid/demo/00178,2026-05-05,2026-06-08
DEMO-00778,demo,venta,casa,Casa 6D 4B en Concepción,7994.0,315763000,Concepción,Concepción,,6,4,https://example.invalid/demo/00778,2026-08-20,2026-09-01
DEMO-01261,demo,venta,casa,Casa 4D 2B en Coronel,3351.0,132364500,Coronel,Concepción,140 m²,4,2,https://example.invalid/demo/01261,2026-08-20,2026-09-01
DEMO-02797,demo,venta,departamento,Depto 2D 1B en Talcahuano,1964.0,77578000,Talcahuano,Concepción,,2,1,https://example.invalid/demo/02797,2026-06-08,2026-07-13
DEMO-02240,demo,venta,casa,Casa 6D 4B en San Pedro de la Paz,12742.0,503309000,San Pedro de la Paz,Concepción,,6,4,https://example.invalid/demo/02240,2026-06-29,2026-07-24
DEMO-02453,demo,venta,departamento,Depto 1D 1B en San Pedro de la Paz,1432.0,56564000,San Pedro de la Paz,Concepción,39 m²,1,1,https://example.invalid/demo/02453,2026-06-29,2026-08-01
DEMO-00042,demo,arriendo,casa,Casa 6D 4B en Chiguayante,45.1,1781450,Chiguayante,Concepción,219 m²,6,4,https://example.invalid/demo/00042,2026-05-26,2026-07-16
DEMO-03031,demo,venta,casa,Casa 5D 3B en Tomé,3507.0,138526500,Tomé,Concepción,179 m²,5,3,https://example.invalid/demo/03031,2026-07-18,2026-08-01
DEMO-01418,demo,venta,departamento,Depto 2D 1B en Hualpén,3334.0,131693000,Hualpén,Concepción,60 m²,2,1,https://example.invalid/demo/01418,2026-07-19,2026-08-25
DEMO-02509,demo,venta,departamento,Depto 3D 2B en San Pedro de la Paz,4654.0,183833000,San Pedro de la Paz,Concepción,94 m²,3,2,https://example.invalid/demo/02509,2026-07-04,2026-08-21
DEMO-02952,demo,venta,casa,Casa 5D 3B en Tomé,4987.0,196986500,Tomé,Concepción,162 m²,5,3,https://example.invalid/demo/02952,2026-06-09,2026-06-30
DEMO-02288,demo,venta,departamento,Depto 4D 2B en San Pedro de la Paz,6101.0,240989500,San Pedro de la Paz,Concepción,103 m²,4,2,https://example.invalid/demo/02288,2026-06-19,2026-08-07
DEMO-01661,demo,venta,casa,Casa 5D 3B en Los Ángeles,5189.0,204965500,Los Ángeles,Biobío,181 m²,5,3,https://example.invalid/demo/01661,2026-07-03,2026-08-18
DEMO-02208,demo,venta,casa,Casa 3D 2B en San Pedro de la Paz,5649.0,223135500,San Pedro de la Paz,Concepción,,3,2,https://example.invalid/demo/02208,2026-08-29,2026-09-01
DEMO-03068,demo,venta,casa,Casa 5D 3B en Tomé,6592.0,260384000,Tomé,Concepción,190 m²,5,3,https://example.invalid/demo/03068,2026-07-15,2026-08-15
DEMO-01188,demo,venta,departamento,Depto 4D 2B en Concepción,6461.0,255209500,Concepción,Concepción,125 m²,4,2,https://example.invalid/demo/01188,2026-08-08,2026-09-01
DEMO-01013,demo,venta,departamento,Depto 3D 2B en Concepción,6189.0,244465500,Concepción,Concepción,,3,2,https://example.invalid/demo/01013,2026-07-26,2026-09-01
DEMO-01920,demo,venta,casa,Casa 6D 4B en Penco,7071.0,279304500,Penco,Concepción,,6,4,https://example.invalid/demo/01920,2026-06-24,2026-08-15
DEMO-01862,demo,venta,departamento,Depto 3D 2B en Los Ángeles,3005.0,118697500,Los Ángeles,Biobío,72 m²,3,2,https://example.invalid/demo/01862,2026-06-03,2026-06-08
DEMO-00613,demo,venta,departamento,Depto 3D 2B en Chiguayante,5590.0,220805000,Chiguayante,Concepción,71 m²,3,2,https://example.invalid/demo/00613,2026-08-09,2026-08-14
DEMO-00242,demo,venta,casa,Casa 5D 3B en Chiguayante,4897.0,193431500,Chiguayante,Concepción,,5,3,https://example.invalid/demo/00242,2026-05-28,2026-07-26
DEMO-02836,demo,venta,departamento,Depto 2D 1B en Talcahuano,2696.0,106492000,Talcahuano,Concepción,56 m²,2,1,https://example.invalid/demo/02836,2026-07-01,2026-08-08
DEMO-01651,demo,venta,casa,Casa 3D 2B en Los Ángeles,3078.0,121581000,Los Ángeles,Biobío,105 m²,3,2,https://example.invalid/demo/01651,2026-05-25,2026-06-20
DEMO-00081,demo,venta,casa,Casa 5D 3B en Chiguayante,6294.0,248613000,Chiguayante,Concepción,183 m²,5,3,https://example.invalid/demo/00081,2026-07-22,2026-09-01
DEMO-02659,demo,venta,casa,Casa 6D 4B en Talcahuano,57,2251500,Talcahuano,Concepción,261 m²,6,4,https://example.invalid/demo/02659,2026-08-12,2026-09-01
DEMO-02353,demo,venta,departamento,Depto 3D 2B en San Pedro de la Paz,3846.0,151917000,San Pedro de la Paz,Concepción,86 m²,3,2,https://example.invalid/demo/02353,2026-08-21,2026-08-25
DEMO-02562,demo,venta,casa,Casa 4D 2B en Santa Juana,2755.0,108822500,Santa Juana,Concepción,141 m²,4,2,https://example.invalid/demo/02562,2026-06-07,2026-06-09
DEMO-00632,demo,venta,departamento,Depto 3D 2B en Chiguayante,6771.0,267454500,Chiguayante,Concepción,90 m²,3,2,https://example.invalid/demo/00632,2026-05-31,2026-06-01
DEMO-02132,demo,venta,casa,Casa 5D 3B en San Pedro de la Paz,5733.0,226453500,San Pedro de la Paz,Concepción,180 m²,5,3,https://example.invalid/demo/02132,2026-08-21,2026-08-29
DEMO-01913,demo,venta,casa,Casa 6D 4B en Penco,44,1738000,Penco,Concepción,205 m²,6,4,https://example.invalid/demo/01913,2026-07-02,2026-08-16
DEMO-00083,demo,venta,casa,Casa 4D 2B en Chiguayante,4975.0,196512500,Chiguayante,Concepción,147 m²,4,2,https://example.invalid/demo/00083,2026-06-19,2026-06-22
DEMO-01831,demo,venta,departamento,Depto 4D 2B en Los Ángeles,3888.0,153576000,Los Ángeles,Biobío,98 m²,4,2,https://example.invalid/demo/01831,2026-06-06,2026-07-31
DEMO-00419,demo,venta,casa,Casa 6D 4B en Chiguayante,8242.0,325559000,Chiguayante,Concepción,,6,4,https://example.invalid/demo/00419,2026-08-19,2026-09-01
DEMO-00152,demo,venta,casa,Casa 4D 2B en Chiguayante,4388.0,173326000,Chiguayante,Concepción,146 m²,4,2,https://example.invalid/demo/00152,2026-05-26,2026-07-11
DEMO-01087,demo,venta,departamento,Depto 2D 1B en Concepción,4105.0,162147500,Concepción,Concepción,70 m²,2,1,https://example.invalid/demo/01087,2026-06-15,2026-07-18
DEMO-02361,demo,venta,departamento,Depto 4D 2B en San Pedro de la Paz,5691.0,224794500,San Pedro de la Paz,Concepción,104 m²,4,2,https://example.invalid/demo/02361,2026-06-11,2026-07-17
DEMO-02621,demo,venta,casa,Casa 5D 3B en Talcahuano,4577.0,180791500,Talcahuano,Concepción,184 m²,5,3,https://example.invalid/demo/02621,2026-07-17,2026-08-18
DEMO-02614,demo,venta,casa,Casa 4D 2B en Talcahuano,4697.0,185531500,Talcahuano,Concepción,131 m²,4,2,https://example.invalid/demo/02614,2026-05-05,2026-05-14
DEMO-01512,demo,venta,casa,Casa 4D 2B en Hualqui,3993.0,157723500,Hualqui,Concepción,144 m²,4,2,https://example.invalid/demo/01512,2026-07-19,2026-07-30
DEMO-02522,demo,venta,departamento,Depto 3D 2B en San Pedro de la Paz,2838.0,112101000,San Pedro de la Paz,Concepción,,3,2,https://example.invalid/demo/02522,2026-06-29,2026-08-22
DEMO-00052,demo,arriendo,casa,Casa 4D 2B en Chiguayante,24.8,979600,Chiguayante,Concepción,131 m²,4,2,https://example.invalid/demo/00052,2026-06-19,2026-07-08
DEMO-00025,demo,venta,casa,Casa 4D 2B en Cabrero,2647.0,104556500,Cabrero,Biobío,152 m²,4,2,https://example.invalid/demo/00025,2026-08-06,2026-09-01
DEMO-02838,demo,venta,departamento,Depto 5D 3B en Talcahuano,8212.0,324374000,Talcahuano,Concepción,128 m²,5,3,https://example.invalid/demo/02838,2026-08-02,2026-08-25
DEMO-00614,demo,venta,departamento,Depto 2D 1B en Chiguayante,2751.0,108664500,Chiguayante,Concepción,53 m²,2,1,https://example.invalid/demo/00614,2026-08-02,2026-08-10
DEMO-02213,demo,venta,casa,Casa 6D 4B en San Pedro de la Paz,11949.0,471985500,San Pedro de la Paz,Concepción,199 m²,6,4,https://example.invalid/demo/02213,2026-07-10,2026-07-24
DEMO-02996,demo,venta,casa,Casa 3D 2B en Tomé,0,0,Tomé,Concepción,92 m²,3,2,https://example.invalid/demo/02996,2026-06-16,2026-06-19
DEMO-01849,demo,venta,departamento,Depto 2D 1B en Los Ángeles,2203.0,87018500,Los Ángeles,Biobío,66 m²,2,1,https://example.invalid/demo/01849,2026-06-24,2026-07-02
DEMO-01712,demo,venta,departamento,Depto 2D 1B en Los Ángeles,2705.0,106847500,Los Ángeles,Biobío,48 m²,2,1,https://example.invalid/demo/01712,2026-06-25,2026-07-30
DEMO-00236,demo,venta,casa,Casa 4D 2B en Chiguayante,6099.0,240910500,Chiguayante,Concepción,131 m²,4,2,https://example.invalid/demo/00236,2026-07-27,2026-09-01
DEMO-00515,demo,venta,departamento,Depto 3D 2B en Chiguayante,5425.0,214287500,Chiguayante,Concepción,80 m²,3,2,https://example.invalid/demo/00515,2026-05-08,2026-07-03
DEMO-01755,demo,venta,departamento,Depto 2D 1B en Los Ángeles,2413.0,95313500,Los Ángeles,Biobío,57 m²,2,1,https://example.invalid/demo/01755,2026-07-30,2026-09-01
DEMO-02492,demo,venta,departamento,Depto 3D 2B en San Pedro de la Paz,3480.0,137460000,San Pedro de la Paz,Concepción,94 m²,3,2,https://example.invalid/demo/02492,2026-06-16,2026-06-20
DEMO-01795,demo,venta,departamento,Depto 3D 2B en Los Ángeles,3486.0,137697000,Los Ángeles,Biobío,,3,2,https://example.invalid/demo/01795,2026-05-16,2026-05-28
DEMO-02236,demo,venta,casa,Casa 6D 4B en San Pedro de la Paz,9932.0,392314000,San Pedro de la Paz,Concepción,294 m²,6,4,https://example.invalid/demo/02236,2026-05-09,2026-05-26
DEMO-00628,demo,venta,departamento,Depto 3D 2B en Chiguayante,4730.0,186835000,Chiguayante,Concepción,93 m²,3,2,https://example.invalid/demo/00628,2026-05-27,2026-07-15
DEMO-02204,demo,venta,casa,Casa 3D 2B en San Pedro de la Paz,0,0,San Pedro de la Paz,Concepción,120 m²,3,2,https://example.invalid/demo/02204,2026-05-16,2026-05-19
DEMO-01581,demo,venta,casa,Casa 4D 2B en Los Ángeles,3173.0,125333500,Los Ángeles,Biobío,,4,2,https://example.invalid/demo/01581,2026-07-17,2026-08-28
DEMO-02787,demo,venta,departamento,Depto 2D 1B en Talcahuano,2753.0,108743500,Talcahuano,Concepción,57 m²,2,1,https://example.invalid/demo/02787,2026-07-07,2026-08-14
DEMO-00487,demo,venta,departamento,Depto 4D 2B en Chiguayante,3762.0,148599000,Chiguayante,Concepción,115 m²,4,2,https://example.invalid/demo/00487,2026-05-06,2026-05-20
DEMO-00051,demo,arriendo,casa,Casa 6D 4B en Chiguayante,52.0,2054000,Chiguayante,Concepción,247 m²,6,4,https://example.invalid/demo/00051,2026-08-07,2026-08-30
DEMO-00331,demo,venta,casa,Casa 6D 4B en Chiguayante,8305.0,328047500,Chiguayante,Concepción,276 m²,6,4,https://example.invalid/demo/00331,2026-06-02,2026-06-07
DEMO-02532,demo,venta,departamento,Depto 3D 2B en San Pedro de la Paz,47,1856500,San Pedro de la Paz,Concepción,82 m²,3,2,https://example.invalid/demo/02532,2026-06-29,2026-08-20
DEMO-01239,demo,venta,casa,Casa 2D 1B en Coronel,2455.0,96972500,Coronel,Concepción,,2,1,https://example.invalid/demo/01239,2026-06-11,2026-08-05
DEMO-01765,demo,venta,departamento,Depto 3D 2B en Los Ángeles,4987.0,196986500,Los Ángeles,Biobío,83 m²,3,2,https://example.invalid/demo/01765,2026-08-13,2026-09-01
DEMO-01005,demo,venta,departamento,Depto 2D 1B en Concepción,3410.0,134695000,Concepción,Concepción,50 m²,2,1,https://example.invalid/demo/01005,2026-06-05,2026-06-20
DEMO-01607,demo,venta,casa,Casa 3D 2B en Los Ángeles,2909.0,114905500,Los Ángeles,Biobío,93 m²,3,2,https://example.invalid/demo/01607,2026-06-04,2026-07-17
DEMO-02135,demo,venta,casa,Casa 4D 2B en San Pedro de la Paz,7181.0,283649500,San Pedro de la Paz,Concepción,152 m²,4,2,https://example.invalid/demo/02135,2026-07-18,2026-09-01
DEMO-00597,demo,venta,departamento,Depto 1D 1B en Chiguayante,2771.0,109454500,Chiguayante,Concepción,40 m²,1,1,https://example.invalid/demo/00597,2026-08-09,2026-08-17
DEMO-00620,demo,venta,departamento,Depto 2D 1B en Chiguayante,3514.0,138803000,Chiguayante,Concepción,,2,1,https://example.invalid/demo/00620,2026-05-10,2026-06-09
DEMO-02756,demo,venta,departamento,Depto 2D 1B en Talcahuano,1634.0,64543000,Talcahuano,Concepción,,2,1,https://example.invalid/demo/02756,2026-05-11,2026-05-13
DEMO-01522,demo,venta,casa,Casa 2D 1B en Hualqui,1894.0,74813000,Hualqui,Concepción,,2,1,https://example.invalid/demo/01522,2026-06-08,2026-07-06
DEMO-01447,demo,venta,departamento,Depto 2D 1B en Hualpén,2096.0,82792000,Hualpén,Concepción,49 m²,2,1,https://example.invalid/demo/01447,2026-08-07,2026-08-10
DEMO-01360,demo,venta,casa,Casa 6D 4B en Hualpén,11161.0,440859500,Hualpén,Concepción,279 m²,6,4,https://example.invalid/demo/01360,2026-07-23,2026-09-01
DEMO-03003,demo,venta,casa,Casa 6D 4B en Tomé,5204.0,205558000,Tomé,Concepción,220 m²,6,4,https://example.invalid/demo/03003,2026-05-05,2026-06-14
DEMO-01572,demo,venta,casa,Casa 3D 2B en Los Ángeles,2518.0,99461000,Los Ángeles,Biobío,105 m²,3,2,https://example.invalid/demo/01572,2026-07-13,2026-09-01
DEMO-02477,demo,venta,departamento,Depto 4D 2B en San Pedro de la Paz,12260.0,484270000,San Pedro de la Paz,Concepción,126 m²,4,2,https://example.invalid/demo/02477,2026-06-22,2026-06-24
DEMO-02870,demo,venta,departamento,Depto 4D 2B en Talcahuano,3932.0,155314000,Talcahuano,Concepción,107 m²,4,2,https://example.invalid/demo/02870,2026-08-17,2026-08-29
DEMO-00287,demo,venta,casa,Casa 5D 3B en Chiguayante,8690.0,343255000,Chiguayante,Concepción,162 m²,5,3,https://example.invalid/demo/00287,2026-06-15,2026-08-05
DEMO-00288,demo,venta,casa,Casa 5D 3B en Chiguayante,7494.0,296013000,Chiguayante,Concepción,185 m²,5,3,https://example.invalid/demo/00288,2026-06-28,2026-07-14
DEMO-00967,demo,venta,departamento,Depto 3D 2B en Concepción,5499.0,217210500,Concepción,Concepción,86 m²,3,2,https://example.invalid/demo/00967,2026-06-03,2026-06-29
DEMO-01632,demo,venta,casa,Casa 2D 1B en Los Ángeles,3119.0,123200500,Los Ángeles,Biobío,84 m²,2,1,https://example.invalid/demo/01632,2026-08-15,2026-09-01
DEMO-02262,demo,arriendo,departamento,Depto 3D 2B en San Pedro de la Paz,18.5,730750,San Pedro de la Paz,Concepción,80 m²,3,2,https://example.invalid/demo/02262,2026-08-13,2026-09-01
DEMO-00384,demo,venta,casa,Casa 4D 2B en Chiguayante,4460.0,176170000,Chiguayante,Concepción,149 m²,4,2,https://example.invalid/demo/00384,2026-06-19,2026-06-27
DEMO-02044,demo,venta,casa,Casa 5D 3B en San Pedro de la Paz,7441.0,293919500,San Pedro de la Paz,Concepción,171 m²,5,3,https://example.invalid/demo/02044,2026-08-12,2026-09-01
DEMO-01511,demo,venta,casa,Casa 6D 4B en Hualqui,4255.0,168072500,Hualqui,Concepción,260 m²,6,4,https://example.invalid/demo/01511,2026-07-03,2026-08-03
DEMO-00944,demo,venta,casa,Casa 4D 2B en Concepción,6381.0,252049500,Concepción,Concepción,144 m²,4,2,https://example.invalid/demo/00944,2026-07-17,2026-08-05
DEMO-03110,demo,venta,departamento,Depto 3D 2B en Tomé,3148.0,124346000,Tomé,Concepción,72 m²,3,2,https://example.invalid/demo/03110,2026-07-15,2026-08-28
DEMO-02774,demo,venta,departamento,Depto 2D 1B en Talcahuano,3529.0,139395500,Talcahuano,Concepción,69 m²,2,1,https://example.invalid/demo/02774,2026-05-19,2026-07-14
DEMO-02140,demo,venta,casa,Casa 4D 2B en San Pedro de la Paz,5193.0,205123500,San Pedro de la Paz,Concepción,147 m²,4,2,https://example.invalid/demo/02140,2026-07-08,2026-07-29
DEMO-02287,demo,venta,departamento,Depto 2D 1B en San Pedro de la Paz,4766.0,188257000,San Pedro de la Paz,Concepción,,2,1,https://example.invalid/demo/02287,2026-08-11,2026-09-01
DEMO-00255,demo,venta,casa,Casa 6D 4B en Chiguayante,10015.0,395592500,Chiguayante,Concepción,,6,4,https://example.invalid/demo/00255,2026-05-31,2026-06-27
DEMO-02922,demo,venta,casa,Casa 6D 4B en Tomé,5264.0,207928000,Tomé,Concepción,231 m²,6,4,https://example.invalid/demo/02922,2026-05-14,2026-06-10
DEMO-01452,demo,venta,departamento,Depto 4D 2B en Hualpén,5072.0,200344000,Hualpén,Concepción,101 m²,4,2,https://example.invalid/demo/01452,2026-07-08,2026-08-17
DEMO-01142,demo,venta,departamento,Depto 2D 1B en Concepción,4342.0,171509000,Concepción,Concepción,60 m²,2,1,https://example.invalid/demo/01142,2026-05-22,2026-05-29
DEMO-00857,demo,venta,casa,Casa 4D 2B en Concepción,7337.0,289811500,Concepción,Concepción,145 m²,4,2,https://example.invalid/demo/00857,2026-05-13,2026-06-16
DEMO-01705,demo,venta,departamento,Depto 3D 2B en Los Ángeles,2371.0,93654500,Los Ángeles,Biobío,72 m²,3,2,https://example.invalid/demo/01705,2026-08-29,2026-08-30
DEMO-01729,demo,venta,departamento,Depto 3D 2B en Los Ángeles,4547.0,179606500,Los Ángeles,Biobío,74 m²,3,2,https://example.invalid/demo/01729,2026-08-09,2026-09-01
DEMO-00666,demo,venta,departamento,Depto 4D 2B en Chiguayante,6873.0,271483500,Chiguayante,Concepción,122 m²,4,2,https://example.invalid/demo/00666,2026-07-10,2026-08-19
DEMO-00909,demo,venta,casa,Casa 3D 2B en Concepción,4775.0,188612500,Concepción,Concepción,,3,2,https://example.invalid/demo/00909,2026-06-17,2026-06-17
DEMO-02613,demo,venta,casa,Casa 3D 2B en Talcahuano,2904.0,114708000,Talcahuano,Concepción,112 m²,3,2,https://example.invalid/demo/02613,2026-07-15,2026-08-17
DEMO-00443,demo,venta,departamento,Depto 2D 1B en Chiguayante,2265.0,89467500,Chiguayante,Concepción,,2,1,https://example.invalid/demo/00443,2026-06-05,2026-06-14
DEMO-02424,demo,venta,departamento,Depto 4D 2B en San Pedro de la Paz,7428.0,293406000,San Pedro de la Paz,Concepción,124 m²,4,2,https://example.invalid/demo/02424,2026-07-13,2026-08-06
DEMO-02789,demo,venta,departamento,Depto 2D 1B en Talcahuano,3434.0,135643000,Talcahuano,Concepción,70 m²,2,1,https://example.invalid/demo/02789,2026-08-20,2026-09-01
DEMO-01166,demo,venta,departamento,Depto 2D 1B en Concepción,4730.0,186835000,Concepción,Concepción,68 m²,2,1,https://example.invalid/demo/01166,2026-06-04,2026-06-05
DEMO-01876,demo,venta,casa,Casa 5D 3B en Lota,3153.0,124543500,Lota,Concepción,159 m²,5,3,https://example.invalid/demo/01876,2026-05-06,2026-05-20
DEMO-02373,demo,venta,departamento,Depto 3D 2B en San Pedro de la Paz,4403.0,173918500,San Pedro de la Paz,Concepción,76 m²,3,2,https://example.invalid/demo/02373,2026-07-14,2026-08-20
DEMO-01788,demo,venta,departamento,Depto 2D 1B en Los Ángeles,2758.0,108941000,Los Ángeles,Biobío,67 m²,2,1,https://example.invalid/demo/01788,2026-05-22,2026-07-16
DEMO-03138,demo,venta,departamento,Depto 2D 1B en Tomé,1739.0,68690500,Tomé,Concepción,61 m²,2,1,https://example.invalid/demo/03138,2026-08-22,2026-09-01
DEMO-01355,demo,venta,casa,Casa 3D 2B en Hualpén,3477.0,137341500,Hualpén,Concepción,112 m²,3,2,https://example.invalid/demo/01355,2026-08-28,2026-09-01
DEMO-00686,demo,arriendo,casa,Casa 3D 2B en Concepción,18.3,722850,Concepción,Concepción,90 m²,3,2,https://example.invalid/demo/00686,2026-07-30,2026-09-01
DEMO-00999,demo,venta,departamento,Depto 3D 2B en Concepción,4955.0,195722500,Concepción,Concepción,81 m²,3,2,https://example.invalid/demo/00999,2026-06-04,2026-08-02
DEMO-02801,demo,venta,departamento,Depto 2D 1B en Talcahuano,2311.0,91284500,Talcahuano,Concepción,66 m²,2,1,https://example.invalid/demo/02801,2026-08-28,2026-09-01
DEMO-02876,demo,venta,casa,Casa 6D 4B en Tomé,5629.0,222345500,Tomé,Concepción,221 m²,6,4,https://example.invalid/demo/02876,2026-05-13,2026-05-21
DEMO-01492,demo,venta,departamento,Depto 4D 2B en Hualpén,4515.0,178342500,Hualpén,Concepción,101 m²,4,2,https://example.invalid/demo/01492,2026-08-25,2026-09-01
DEMO-00605,demo,venta,departamento,Depto 2D 1B en Chiguayante,2266.0,89507000,Chiguayante,Concepción,59 m²,2,1,https://example.invalid/demo/00605,2026-05-23,2026-07-10
DEMO-00217,demo,venta,casa,Casa 6D 4B en Chiguayante,10719.0,423400500,Chiguayante,Concepción,264 m²,6,4,https://example.invalid/demo/00217,2026-06-11,2026-06-18
DEMO-00041,demo,arriendo,casa,Casa 3D 2B en Chiguayante,14.7,580650,Chiguayante,Concepción,96 m²,3,2,https://example.invalid/demo/00041,2026-07-26,2026-09-01
DEMO-01264,demo,venta,casa,Casa 3D 2B en Coronel,2120.0,83740000,Coronel,Concepción,,3,2,https://example.invalid/demo/01264,2026-08-03,2026-08-12
DEMO-02058,demo,venta,casa,Casa 4D 2B en San Pedro de la Paz,4598.0,181621000,San Pedro de la Paz,Concepción,135 m²,4,2,https://example.invalid/demo/02058,2026-06-27,2026-07-23
DEMO-00579,demo,venta,departamento,Depto 2D 1B en Chiguayante,2938.0,116051000,Chiguayante,Concepción,,2,1,https://example.invalid/demo/00579,2026-08-10,2026-09-01
DEMO-00478,demo,venta,departamento,Depto 3D 2B en Chiguayante,5545.0,219027500,Chiguayante,Concepción,74 m²,3,2,https://example.invalid/demo/00478,2026-05-25,2026-06-17
DEMO-02142,demo,venta,casa,Casa 6D 4B en San Pedro de la Paz,14928.0,589656000,San Pedro de la Paz,Concepción,204 m²,6,4,https://example.invalid/demo/02142,2026-05-27,2026-06-20
DEMO-02885,demo,venta,casa,Casa 3D 2B en Tomé,2000.0,79000000,Tomé,Concepción,,3,2,https://example.invalid/demo/02885,2026-06-26,2026-07-13
DEMO-00206,demo,venta,casa,Casa 6D 4B en Chiguayante,7081.0,279699500,Chiguayante,Concepción,,6,4,https://example.invalid/demo/00206,2026-08-13,2026-09-01
DEMO-03072,demo,venta,casa,Casa 4D 2B en Tomé,3253.0,128493500,Tomé,Concepción,,4,2,https://example.invalid/demo/03072,2026-08-25,2026-09-01
DEMO-00875,demo,venta,casa,Casa 3D 2B en Concepción,3699.0,146110500,Concepción,Concepción,100 m²,3,2,https://example.invalid/demo/00875,2026-05-09,2026-05-19
DEMO-02027,demo,venta,casa,Casa 6D 4B en San Pedro de la Paz,11464.0,452828000,San Pedro de la Paz,Concepción,253 m²,6,4,https://example.invalid/demo/02027,2026-05-18,2026-05-24
DEMO-01582,demo,venta,casa,Casa 3D 2B en Los Ángeles,3241.0,128019500,Los Ángeles,Biobío,94 m²,3,2,https://example.invalid/demo/01582,2026-08-20,2026-09-01
DEMO-02503,demo,venta,departamento,Depto 4D 2B en San Pedro de la Paz,5700.0,225150000,San Pedro de la Paz,Concepción,105 m²,4,2,https://example.invalid/demo/02503,2026-08-13,2026-09-01
DEMO-01642,demo,venta,casa,Casa 3D 2B en Los Ángeles,4323.0,170758500,Los Ángeles,Biobío,,3,2,https://example.invalid/demo/01642,2026-08-05,2026-09-01
DEMO-01377,demo,venta,casa,Casa 6D 4B en Hualpén,10236.0,404322000,Hualpén,Concepción,238 m²,6,4,https://example.invalid/demo/01377,2026-05-04,2026-06-04
DEMO-00932,demo,venta,casa,Casa 6D 4B en Concepción,14445.0,570577500,Concepción,Concepción,290 m²,6,4,https://example.invalid/demo/00932,2026-07-08,2026-07-09
DEMO-01801,demo,venta,departamento,Depto 4D 2B en Los Ángeles,3552.0,140304000,Los Ángeles,Biobío,115 m²,4,2,https://example.invalid/demo/01801,2026-06-06,2026-07-11
DEMO-00106,demo,venta,casa,Casa 4D 2B en Chiguayante,5968.0,235736000,Chiguayante,Concepción,145 m²,4,2,https://example.invalid/demo/00106,2026-08-29,2026-09-01
DEMO-02354,demo,venta,departamento,Depto 3D 2B en San Pedro de la Paz,3227.0,127466500,San Pedro de la Paz,Concepción,71 m²,3,2,https://example.invalid/demo/02354,2026-06-30,2026-08-08
DEMO-01554,demo,venta,casa,Casa 3D 2B en Los Ángeles,3510.0,138645000,Los Ángeles,Biobío,109 m²,3,2,https://example.invalid/demo/01554,2026-05-17,2026-05-18
DEMO-01376,demo,venta,casa,Casa 3D 2B en Hualpén,0,0,Hualpén,Concepción,99 m²,3,2,https://example.invalid/demo/01376,2026-07-21,2026-08-20
DEMO-02960,demo,venta,casa,Casa 5D 3B en Tomé,0,0,Tomé,Concepción,159 m²,5,3,https://example.invalid/demo/02960,2026-08-01,2026-08-26
DEMO-02267,demo,venta,departamento,Depto 4D 2B en San Pedro de la Paz,6703.0,264768500,San Pedro de la Paz,Concepción,101 m²,4,2,https://example.invalid/demo/02267,2026-06-28,2026-08-05
DEMO-00606,demo,venta,departamento,Depto 3D 2B en Chiguayante,4638.0,183201000,Chiguayante,Concepción,89 m²,3,2,https://example.invalid/demo/00606,2026-05-30,2026-06-03
DEMO-01227,demo,venta,departamento,Depto 3D 2B en Concepción,5732.0,226414000,Concepción,Concepción,77 m²,3,2,https://example.invalid/demo/01227,2026-06-08,2026-07-22
DEMO-02405,demo,venta,departamento,Depto 2D 1B en San Pedro de la Paz,3489.0,137815500,San Pedro de la Paz,Concepción,53 m²,2,1,https://example.invalid/demo/02405,2026-07-20,2026-09-01
DEMO-01877,demo,venta,casa,Casa 4D 2B en Lota,3186.0,125847000,Lota,Concepción,157 m²,4,2,https://example.invalid/demo/01877,2026-06-23,2026-08-03
DEMO-01011,demo,venta,departamento,Depto 2D 1B en Concepción,4724.0,186598000,Concepción,Concepción,63 m²,2,1,https://example.invalid/demo/01011,2026-07-07,2026-09-01
DEMO-02418,demo,venta,departamento,Depto 2D 1B en San Pedro de la Paz,1608.0,63516000,San Pedro de la Paz,Concepción,,2,1,https://example.invalid/demo/02418,2026-06-30,2026-07-24
DEMO-00266,demo,venta,casa,Casa 6D 4B en Chiguayante,0,0,Chiguayante,Concepción,,6,4,https://example.invalid/demo/00266,2026-06-20,2026-08-04
DEMO-01056,demo,venta,departamento,Depto 3D 2B en Concepción,0,0,Concepción,Concepción,91 m²,3,2,https://example.invalid/demo/01056,2026-05-07,2026-06-16
DEMO-00531,demo,venta,departamento,Depto 4D 2B en Chiguayante,5450.0,215275000,Chiguayante,Concepción,123 m²,4,2,https://example.invalid/demo/00531,2026-08-21,2026-09-01
DEMO-02250,demo,venta,casa,Casa 4D 2B en San Pedro de la Paz,5513.0,217763500,San Pedro de la Paz,Concepción,154 m²,4,2,https://example.invalid/demo/02250,2026-06-18,2026-07-29
DEMO-02488,demo,venta,departamento,Depto 3D 2B en San Pedro de la Paz,5149.0,203385500,San Pedro de la Paz,Concepción,74 m²,3,2,https://example.invalid/demo/02488,2026-07-23,2026-07-28
DEMO-02111,demo,venta,casa,Casa 5D 3B en San Pedro de la Paz,8591.0,339344500,San Pedro de la Paz,Concepción,,5,3,https://example.invalid/demo/02111,2026-07-27,2026-07-31
DEMO-01361,demo,venta,casa,Casa 4D 2B en Hualpén,5238.0,206901000,Hualpén,Concepción,124 m²,4,2,https://example.invalid/demo/01361,2026-07-28,2026-08-14
DEMO-00175,demo,venta,casa,Casa 2D 1B en Chiguayante,3484.0,137618000,Chiguayante,Concepción,81 m²,2,1,https://example.invalid/demo/00175,2026-06-12,2026-08-09
DEMO-02366,demo,venta,departamento,Depto 2D 1B en San Pedro de la Paz,3441.0,135919500,San Pedro de la Paz,Concepción,69 m²,2,1,https://example.invalid/demo/02366,2026-06-24,2026-08-09
DEMO-00462,demo,venta,departamento,Depto 4D 2B en Chiguayante,5446.0,215117000,Chiguayante,Concepción,113 m²,4,2,https://example.invalid/demo/00462,2026-05-19,2026-07-06
DEMO-03010,demo,venta,casa,Casa 5D 3B en Tomé,3550.0,140225000,Tomé,Concepción,,5,3,https://example.invalid/demo/03010,2026-06-08,2026-06-10
DEMO-00732,demo,venta,casa,Casa 5D 3B en Concepción,6625.0,261687500,Concepción,Concepción,176 m²,5,3,https://example.invalid/demo/00732,2026-05-10,2026-05-11
DEMO-00451,demo,venta,departamento,Depto 2D 1B en Chiguayante,2000.0,79000000,Chiguayante,Concepción,54 m²,2,1,https://example.invalid/demo/00451,2026-08-31,2026-09-01
DEMO-01399,demo,venta,departamento,Depto 4D 2B en Hualpén,7944.0,313788000,Hualpén,Concepción,103 m²,4,2,https://example.invalid/demo/01399,2026-08-07,2026-09-01
DEMO-02670,demo,venta,casa,Casa 4D 2B en Talcahuano,4592.0,181384000,Talcahuano,Concepción,134 m²,4,2,https://example.invalid/demo/02670,2026-05-22,2026-06-08
DEMO-01074,demo,venta,departamento,Depto 2D 1B en Concepción,5035.0,198882500,Concepción,Concepción,58 m²,2,1,https://example.invalid/demo/01074,2026-08-02,2026-08-28
DEMO-02875,demo,venta,casa,Casa 5D 3B en Tomé,4709.0,186005500,Tomé,Concepción,177 m²,5,3,https://example.invalid/demo/02875,2026-07-26,2026-08-22
DEMO-00622,demo,venta,departamento,Depto 2D 1B en Chiguayante,4895.0,193352500,Chiguayante,Concepción,64 m²,2,1,https://example.invalid/demo/00622,2026-05-20,2026-06-10
DEMO-00693,demo,arriendo,casa,Casa 3D 2B en Concepción,19.5,770250,Concepción,Concepción,107 m²,3,2,https://example.invalid/demo/00693,2026-07-27,2026-08-20
DEMO-02662,demo,venta,casa,Casa 5D 3B en Talcahuano,4054.0,160133000,Talcahuano,Concepción,183 m²,5,3,https://example.invalid/demo/02662,2026-07-25,2026-09-01
DEMO-00621,demo,venta,departamento,Depto 3D 2B en Chiguayante,5661.0,223609500,Chiguayante,Concepción,83 m²,3,2,https://example.invalid/demo/00621,2026-08-13,2026-09-01
DEMO-02478,demo,venta,departamento,Depto 3D 2B en San Pedro de la Paz,8113.0,320463500,San Pedro de la Paz,Concepción,90 m²,3,2,https://example.invalid/demo/02478,2026-05-05,2026-07-01
DEMO-00326,demo,venta,casa,Casa 6D 4B en Chiguayante,0,0,Chiguayante,Concepción,,6,4,https://example.invalid/demo/00326,2026-07-14,2026-07-24
DEMO-00418,demo,venta,casa,Casa 3D 2B en Chiguayante,5102.0,201529000,Chiguayante,Concepción,114 m²,3,2,https://example.invalid/demo/00418,2026-06-29,2026-07-20
DEMO-00026,demo,venta,casa,Casa 5D 3B en Cabrero,3087.0,121936500,Cabrero,Biobío,175 m²,5,3,https://example.invalid/demo/00026,2026-08-28,2026-09-01
DEMO-02080,demo,venta,casa,Casa 3D 2B en San Pedro de la Paz,4895.0,193352500,San Pedro de la Paz,Concepción,102 m²,3,2,https://example.invalid/demo/02080,2026-08-08,2026-09-01
DEMO-02597,demo,venta,casa,Casa 2D 1B en Talcahuano,3064.0,121028000,Talcahuano,Concepción,87 m²,2,1,https://example.invalid/demo/02597,2026-07-15,2026-09-01
DEMO-00608,demo,venta,departamento,Depto 5D 3B en Chiguayante,7632.0,301464000,Chiguayante,Concepción,129 m²,5,3,https://example.invalid/demo/00608,2026-07-15,2026-07-24
DEMO-03046,demo,venta,casa,Casa 4D 2B en Tomé,2757.0,108901500,Tomé,Concepción,128 m²,4,2,https://example.invalid/demo/03046,2026-08-09,2026-09-01
DEMO-00115,demo,venta,casa,Casa 3D 2B en Chiguayante,4383.0,173128500,Chiguayante,Concepción,90 m²,3,2,https://example.invalid/demo/00115,2026-08-28,2026-09-01
DEMO-02004,demo,venta,casa,Casa 4D 2B en San Pedro de la Paz,5376.0,212352000,San Pedro de la Paz,Concepción,152 m²,4,2,https://example.invalid/demo/02004,2026-08-21,2026-09-01
DEMO-01078,demo,venta,departamento,Depto 3D 2B en Concepción,6596.0,260542000,Concepción,Concepción,81 m²,3,2,https://example.invalid/demo/01078,2026-07-09,2026-08-09
DEMO-02785,demo,venta,departamento,Depto 3D 2B en Talcahuano,3128.0,123556000,Talcahuano,Concepción,,3,2,https://example.invalid/demo/02785,2026-06-06,2026-06-29
DEMO-02205,demo,venta,casa,Casa 3D 2B en San Pedro de la Paz,5345.0,211127500,San Pedro de la Paz,Concepción,108 m²,3,2,https://example.invalid/demo/02205,2026-08-14,2026-09-01
DEMO-00717,demo,venta,casa,Casa 6D 4B en Concepción,9804.0,387258000,Concepción,Concepción,275 m²,6,4,https://example.invalid/demo/00717,2026-05-16,2026-05-17
DEMO-00508,demo,venta,departamento,Depto 3D 2B en Chiguayante,6124.0,241898000,Chiguayante,Concepción,96 m²,3,2,https://example.invalid/demo/00508,2026-08-23,2026-09-01
DEMO-02935,demo,venta,casa,Casa 6D 4B en Tomé,7324.0,289298000,Tomé,Concepción,,6,4,https://example.invalid/demo/02935,2026-06-07,2026-07-20
DEMO-01409,demo,venta,departamento,Depto 3D 2B en Hualpén,3906.0,154287000,Hualpén,Concepción,92 m²,3,2,https://example.invalid/demo/01409,2026-05-13,2026-07-02
DEMO-00561,demo,venta,departamento,Depto 2D 1B en Chiguayante,3313.0,130863500,Chiguayante,Concepción,60 m²,2,1,https://example.invalid/demo/00561,2026-05-28,2026-06-24
DEMO-01922,demo,venta,casa,Casa 3D 2B en Penco,4195.0,165702500,Penco,Concepción,105 m²,3,2,https://example.invalid/demo/01922,2026-06-22,2026-07-13
DEMO-01608,demo,venta,casa,Casa 5D 3B en Los Ángeles,4090.0,161555000,Los Ángeles,Biobío,189 m²,5,3,https://example.invalid/demo/01608,2026-08-02,2026-08-29
DEMO-00638,demo,venta,departamento,Depto 2D 1B en Chiguayante,1477.0,58341500,Chiguayante,Concepción,45 m²,2,1,https://example.invalid/demo/00638,2026-08-12,2026-09-01
DEMO-00040,demo,arriendo,casa,Casa 2D 1B en Chiguayante,12.0,474000,Chiguayante,Concepción,78 m²,2,1,https://example.invalid/demo/00040,2026-06-07,2026-08-02
DEMO-02206,demo,venta,casa,Casa 5D 3B en San Pedro de la Paz,9759.0,385480500,San Pedro de la Paz,Concepción,167 m²,5,3,https://example.invalid/demo/02206,2026-06-20,2026-08-19
DEMO-00171,demo,venta,casa,Casa 3D 2B en Chiguayante,3470.0,137065000,Chiguayante,Concepción,91 m²,3,2,https://example.invalid/demo/00171,2026-07-04,2026-08-08
DEMO-01728,demo,venta,departamento,Depto 2D 1B en Los Ángeles,2187.0,86386500,Los Ángeles,Biobío,47 m²,2,1,https://example.invalid/demo/01728,2026-07-05,2026-08-31
DEMO-02195,demo,venta,casa,Casa 5D 3B en San Pedro de la Paz,9802.0,387179000,San Pedro de la Paz,Concepción,188 m²,5,3,https://example.invalid/demo/02195,2026-07-06,2026-07-14
DEMO-01189,demo,venta,departamento,Depto 1D 1B en Concepción,2384.0,94168000,Concepción,Concepción,33 m²,1,1,https://example.invalid/demo/01189,2026-07-10,2026-07-15
DEMO-00241,demo,venta,casa,Casa 4D 2B en Chiguayante,5819.0,229850500,Chiguayante,Concepción,141 m²,4,2,https://example.invalid/demo/00241,2026-05-16,2026-06-28
DEMO-01955,demo,venta,departamento,Depto 3D 2B en Penco,2798.0,110521000,Penco,Concepción,,3,2,https://example.invalid/demo/01955,2026-05-07,2026-06-24
DEMO-01095,demo,venta,departamento,Depto 3D 2B en Concepción,6885.0,271957500,Concepción,Concepción,,3,2,https://example.invalid/demo/01095,2026-08-07,2026-09-01
DEMO-01985,demo,arriendo,casa,Casa 6D 4B en San Pedro de la Paz,49.5,1955250,San Pedro de la Paz,Concepción,288 m²,6,4,https://example.invalid/demo/01985,2026-08-13,2026-09-01
DEMO-02043,demo,venta,casa,Casa 2D 1B en San Pedro de la Paz,2610.0,103095000,San Pedro de la Paz,Concepción,76 m²,2,1,https://example.invalid/demo/02043,2026-07-29,2026-09-01
DEMO-00758,demo,venta,casa,Casa 4D 2B en Concepción,6491.0,256394500,Concepción,Concepción,134 m²,4,2,https://example.invalid/demo/00758,2026-06-13,2026-08-05
DEMO-01262,demo,venta,casa,Casa 3D 2B en Coronel,2841.0,112219500,Coronel,Concepción,,3,2,https://example.invalid/demo/01262,2026-06-06,2026-07-12
DEMO-02928,demo,venta,casa,Casa 6D 4B en Tomé,6323.0,249758500,Tomé,Concepción,,6,4,https://example.invalid/demo/02928,2026-08-22,2026-09-01
DEMO-01892,demo,venta,casa,Casa 6D 4B en Penco,4768.0,188336000,Penco,Concepción,252 m²,6,4,https://example.invalid/demo/01892,2026-07-11,2026-09-01
DEMO-01726,demo,venta,departamento,Depto 3D 2B en Los Ángeles,4629.0,182845500,Los Ángeles,Biobío,95 m²,3,2,https://example.invalid/demo/01726,2026-08-08,2026-08-31
DEMO-00134,demo,venta,casa,Casa 4D 2B en Chiguayante,8031.0,317224500,Chiguayante,Concepción,123 m²,4,2,https://example.invalid/demo/00134,2026-05-06,2026-06-03
DEMO-02740,demo,venta,departamento,Depto 3D 2B en Talcahuano,5255.0,207572500,Talcahuano,Concepción,95 m²,3,2,https://example.invalid/demo/02740,2026-06-11,2026-07-31
DEMO-00785,demo,venta,casa,Casa 5D 3B en Concepción,6669.0,263425500,Concepción,Concepción,186 m²,5,3,https://example.invalid/demo/00785,2026-08-03,2026-09-01
DEMO-00603,demo,venta,departamento,Depto 4D 2B en Chiguayante,8910.0,351945000,Chiguayante,Concepción,,4,2,https://example.invalid/demo/00603,2026-05-08,2026-05-23
DEMO-01978,demo,arriendo,casa,Casa 6D 4B en San Pedro de la Paz,48.5,1915750,San Pedro de la Paz,Concepción,,6,4,https://example.invalid/demo/01978,2026-06-12,2026-07-28
DEMO-01430,demo,venta,departamento,Depto 4D 2B en Hualpén,5138.0,202951000,Hualpén,Concepción,,4,2,https://example.invalid/demo/01430,2026-06-21,2026-07-05
DEMO-01587,demo,venta,casa,Casa 4D 2B en Los Ángeles,4839.0,191140500,Los Ángeles,Biobío,,4,2,https://example.invalid/demo/01587,2026-08-17,2026-09-01
DEMO-01856,demo,venta,departamento,Depto 2D 1B en Los Ángeles,3374.0,133273000,Los Ángeles,Biobío,,2,1,https://example.invalid/demo/01856,2026-08-24,2026-08-31
DEMO-01083,demo,venta,departamento,Depto 4D 2B en Concepción,10553.0,416843500,Concepción,Concepción,118 m²,4,2,https://example.invalid/demo/01083,2026-06-12,2026-06-29
DEMO-00276,demo,venta,casa,Casa 4D 2B en Chiguayante,5128.0,202556000,Chiguayante,Concepción,142 m²,4,2,https://example.invalid/demo/00276,2026-08-22,2026-09-01
DEMO-00153,demo,venta,casa,Casa 5D 3B en Chiguayante,5745.0,226927500,Chiguayante,Concepción,169 m²,5,3,https://example.invalid/demo/00153,2026-09-01,2026-09-01
DEMO-00433,demo,venta,casa,Casa 6D 4B en Chiguayante,4859.0,191930500,Chiguayante,Concepción,222 m²,6,4,https://example.invalid/demo/00433,2026-06-15,2026-07-31
DEMO-03127,demo,venta,departamento,Depto 2D 1B en Tomé,1905.0,75247500,Tomé,Concepción,57 m²,2,1,https://example.invalid/demo/03127,2026-05-31,2026-07-26
DEMO-02899,demo,venta,casa,Casa 6D 4B en Tomé,6460.0,255170000,Tomé,Concepción,247 m²,6,4,https://example.invalid/demo/02899,2026-07-04,2026-07-23
DEMO-02209,demo,venta,casa,Casa 4D 2B en San Pedro de la Paz,7698.0,304071000,San Pedro de la Paz,Concepción,130 m²,4,2,https://example.invalid/demo/02209,2026-07-26,2026-07-27
DEMO-02888,demo,venta,casa,Casa 6D 4B en Tomé,4061.0,160409500,Tomé,Concepción,215 m²,6,4,https://example.invalid/demo/02888,2026-08-22,2026-09-01
DEMO-00844,demo,venta,casa,Casa 6D 4B en Concepción,8563.0,338238500,Concepción,Concepción,229 m²,6,4,https://example.invalid/demo/00844,2026-08-18,2026-08-23
DEMO-01154,demo,venta,departamento,Depto 2D 1B en Concepción,2500.0,98750000,Concepción,Concepción,53 m²,2,1,https://example.invalid/demo/01154,2026-08-13,2026-09-01
DEMO-02667,demo,venta,casa,Casa 5D 3B en Talcahuano,4089.0,161515500,Talcahuano,Concepción,163 m²,5,3,https://example.invalid/demo/02667,2026-07-29,2026-08-23
DEMO-01226,demo,venta,departamento,Depto 3D 2B en Concepción,4557.0,180001500,Concepción,Concepción,83 m²,3,2,https://example.invalid/demo/01226,2026-07-06,2026-07-20
DEMO-00922,demo,venta,casa,Casa 3D 2B en Concepción,6624.0,261648000,Concepción,Concepción,120 m²,3,2,https://example.invalid/demo/00922,2026-06-18,2026-08-17
DEMO-01279,demo,venta,casa,Casa 3D 2B en Coronel,0,0,Coronel,Concepción,,3,2,https://example.invalid/demo/01279,2026-08-03,2026-09-01
DEMO-02548,demo,venta,departamento,Depto 3D 2B en San Pedro de la Paz,0,0,San Pedro de la Paz,Concepción,75 m²,3,2,https://example.invalid/demo/02548,2026-06-04,2026-07-02
DEMO-01168,demo,venta,departamento,Depto 3D 2B en Concepción,4366.0,172457000,Concepción,Concepción,77 m²,3,2,https://example.invalid/demo/01168,2026-06-21,2026-06-22
DEMO-02123,demo,venta,casa,Casa 3D 2B en San Pedro de la Paz,4470.0,176565000,San Pedro de la Paz,Concepción,113 m²,3,2,https://example.invalid/demo/02123,2026-07-18,2026-08-30
DEMO-00421,demo,venta,casa,Casa 5D 3B en Chiguayante,4651.0,183714500,Chiguayante,Concepción,,5,3,https://example.invalid/demo/00421,2026-08-02,2026-09-01
DEMO-02010,demo,venta,casa,Casa 6D 4B en San Pedro de la Paz,6278.0,247981000,San Pedro de la Paz,Concepción,197 m²,6,4,https://example.invalid/demo/02010,2026-07-23,2026-08-26
DEMO-00569,demo,venta,departamento,Depto 3D 2B en Chiguayante,44,1738000,Chiguayante,Concepción,86 m²,3,2,https://example.invalid/demo/00569,2026-05-24,2026-07-14
DEMO-02299,demo,venta,departamento,Depto 2D 1B en San Pedro de la Paz,2149.0,84885500,San Pedro de la Paz,Concepción,52 m²,2,1,https://example.invalid/demo/02299,2026-05-17,2026-06-28
DEMO-02965,demo,venta,casa,Casa 4D 2B en Tomé,4385.0,173207500,Tomé,Concepción,146 m²,4,2,https://example.invalid/demo/02965,2026-08-15,2026-08-19
DEMO-00253,demo,venta,casa,Casa 5D 3B en Chiguayante,8692.0,343334000,Chiguayante,Concepción,176 m²,5,3,https://example.invalid/demo/00253,2026-06-04,2026-06-27
DEMO-00516,demo,venta,departamento,Depto 2D 1B en Chiguayante,1782.0,70389000,Chiguayante,Concepción,63 m²,2,1,https://example.invalid/demo/00516,2026-06-09,2026-06-19
DEMO-00376,demo,venta,casa,Casa 3D 2B en Chiguayante,5292.0,209034000,Chiguayante,Concepción,,3,2,https://example.invalid/demo/00376,2026-08-18,2026-09-01
DEMO-02219,demo,venta,casa,Casa 4D 2B en San Pedro de la Paz,6651.0,262714500,San Pedro de la Paz,Concepción,131 m²,4,2,https://example.invalid/demo/02219,2026-06-28,2026-07-03
DEMO-03073,demo,venta,casa,Casa 3D 2B en Tomé,2964.0,117078000,Tomé,Concepción,108 m²,3,2,https://example.invalid/demo/03073,2026-09-01,2026-09-01
DEMO-02046,demo,venta,casa,Casa 3D 2B en San Pedro de la Paz,5155.0,203622500,San Pedro de la Paz,Concepción,114 m²,3,2,https://example.invalid/demo/02046,2026-08-07,2026-08-17
DEMO-02605,demo,venta,casa,Casa 6D 4B en Talcahuano,10829.0,427745500,Talcahuano,Concepción,209 m²,6,4,https://example.invalid/demo/02605,2026-06-22,2026-07-10
DEMO-01075,demo,venta,departamento,Depto 3D 2B en Concepción,5714.0,225703000,Concepción,Concepción,83 m²,3,2,https://example.invalid/demo/01075,2026-05-27,2026-07-02
DEMO-00218,demo,venta,casa,Casa 5D 3B en Chiguayante,6146.0,242767000,Chiguayante,Concepción,160 m²,5,3,https://example.invalid/demo/00218,2026-07-23,2026-07-30
DEMO-01680,demo,venta,casa,Casa 4D 2B en Los Ángeles,4075.0,160962500,Los Ángeles,Biobío,126 m²,4,2,https://example.invalid/demo/01680,2026-08-18,2026-08-29
DEMO-01101,demo,venta,departamento,Depto 3D 2B en Concepción,4362.0,172299000,Concepción,Concepción,71 m²,3,2,https://example.invalid/demo/01101,2026-07-14,2026-08-11
DEMO-01670,demo,venta,casa,Casa 3D 2B en Los Ángeles,4006.0,158237000,Los Ángeles,Biobío,122 m²,3,2,https://example.invalid/demo/01670,2026-08-11,2026-09-01
DEMO-01214,demo,venta,departamento,Depto 4D 2B en Concepción,5196.0,205242000,Concepción,Concepción,100 m²,4,2,https://example.invalid/demo/01214,2026-06-08,2026-06-21
DEMO-00648,demo,venta,departamento,Depto 4D 2B en Chiguayante,5281.0,208599500,Chiguayante,Concepción,112 m²,4,2,https://example.invalid/demo/00648,2026-07-05,2026-08-17
DEMO-00358,demo,venta,casa,Casa 4D 2B en Chiguayante,4592.0,181384000,Chiguayante,Concepción,140 m²,4,2,https://example.invalid/demo/00358,2026-08-05,2026-08-27
DEMO-02295,demo,venta,departamento,Depto 3D 2B en San Pedro de la Paz,7011.0,276934500,San Pedro de la Paz,Concepción,91 m²,3,2,https://example.invalid/demo/02295,2026-07-27,2026-09-01
DEMO-00412,demo,venta,casa,Casa 6D 4B en Chiguayante,7395.0,292102500,Chiguayante,Concepción,219 m²,6,4,https://example.invalid/demo/00412,2026-08-28,2026-09-01
DEMO-02873,demo,venta,casa,Casa 5D 3B en Tomé,6837.0,270061500,Tomé,Concepción,160 m²,5,3,https://example.invalid/demo/02873,2026-05-04,2026-06-04
DEMO-01097,demo,venta,departamento,Depto 2D 1B en Concepción,2584.0,102068000,Concepción,Concepción,46 m²,2,1,https://example.invalid/demo/01097,2026-08-13,2026-08-13
DEMO-01122,demo,venta,departamento,Depto 4D 2B en Concepción,5253.0,207493500,Concepción,Concepción,98 m²,4,2,https://example.invalid/demo/01122,2026-05-27,2026-06-14
DEMO-01234,demo,venta,casa,Casa 6D 4B en Coronel,6784.0,267968000,Coronel,Concepción,291 m²,6,4,https://example.invalid/demo/01234,2026-06-29,2026-07-29
DEMO-02604,demo,venta,casa,Casa 4D 2B en Talcahuano,3464.0,136828000,Talcahuano,Concepción,128 m²,4,2,https://example.invalid/demo/02604,2026-06-02,2026-07-20
DEMO-02128,demo,venta,casa,Casa 5D 3B en San Pedro de la Paz,0,0,San Pedro de la Paz,Concepción,173 m²,5,3,https://example.invalid/demo/02128,2026-06-28,2026-08-06
DEMO-02975,demo,venta,casa,Casa 3D 2B en Tomé,1900.0,75050000,Tomé,Concepción,92 m²,3,2,https://example.invalid/demo/02975,2026-05-16,2026-06-21
DEMO-02945,demo,venta,casa,Casa 6D 4B en Tomé,3949.0,155985500,Tomé,Concepción,236 m²,6,4,https://example.invalid/demo/02945,2026-06-27,2026-08-18
DEMO-00884,demo,venta,casa,Casa 5D 3B en Concepción,9619.0,379950500,Concepción,Concepción,159 m²,5,3,https://example.invalid/demo/00884,2026-07-17,2026-09-01
DEMO-00304,demo,venta,casa,Casa 3D 2B en Chiguayante,4991.0,197144500,Chiguayante,Concepción,115 m²,3,2,https://example.invalid/demo/00304,2026-05-05,2026-06-30
DEMO-00747,demo,venta,casa,Casa 3D 2B en Concepción,3559.0,140580500,Concepción,Concepción,95 m²,3,2,https://example.invalid/demo/00747,2026-08-30,2026-09-01
DEMO-01156,demo,venta,departamento,Depto 4D 2B en Concepción,6824.0,269548000,Concepción,Concepción,120 m²,4,2,https://example.invalid/demo/01156,2026-07-18,2026-07-24
DEMO-02574,demo,arriendo,casa,Casa 3D 2B en Talcahuano,14.4,568800,Talcahuano,Concepción,107 m²,3,2,https://example.invalid/demo/02574,2026-09-01,2026-09-01
DEMO-00300,demo,venta,casa,Casa 3D 2B en Chiguayante,4130.0,163135000,Chiguayante,Concepción,119 m²,3,2,https://example.invalid/demo/00300,2026-06-12,2026-07-14
DEMO-00065,demo,arriendo,casa,Casa 3D 2B en Chiguayante,16.9,667550,Chiguayante,Concepción,89 m²,3,2,https://example.invalid/demo/00065,2026-05-28,2026-07-09
DEMO-00132,demo,venta,casa,Casa 6D 4B en Chiguayante,8531.0,336974500,Chiguayante,Concepción,193 m²,6,4,https://example.invalid/demo/00132,2026-08-11,2026-09-01
DEMO-02167,demo,venta,casa,Casa 3D 2B en San Pedro de la Paz,6203.0,245018500,San Pedro de la Paz,Concepción,115 m²,3,2,https://example.invalid/demo/02167,2026-06-02,2026-06-05
DEMO-00830,demo,venta,casa,Casa 3D 2B en Concepción,5419.0,214050500,Concepción,Concepción,118 m²,3,2,https://example.invalid/demo/00830,2026-06-04,2026-06-14
DEMO-02376,demo,venta,departamento,Depto 3D 2B en San Pedro de la Paz,5576.0,220252000,San Pedro de la Paz,Concepción,81 m²,3,2,https://example.invalid/demo/02376,2026-05-16,2026-05-27
DEMO-01307,demo,venta,casa,Casa 4D 2B en Florida,1843.0,72798500,Florida,Concepción,126 m²,4,2,https://example.invalid/demo/01307,2026-06-27,2026-08-09
DEMO-01505,demo,venta,casa,Casa 6D 4B en Hualqui,8161.0,322359500,Hualqui,Concepción,,6,4,https://example.invalid/demo/01505,2026-05-12,2026-06-07
DEMO-02946,demo,venta,casa,Casa 6D 4B en Tomé,4849.0,191535500,Tomé,Concepción,212 m²,6,4,https://example.invalid/demo/02946,2026-06-20,2026-07-19
DEMO-00504,demo,venta,departamento,Depto 1D 1B en Chiguayante,2182.0,86189000,Chiguayante,Concepción,37 m²,1,1,https://example.invalid/demo/00504,2026-08-06,2026-09-01
DEMO-00938,demo,venta,casa,Casa 3D 2B en Concepción,5528.0,218356000,Concepción,Concepción,122 m²,3,2,https://example.invalid/demo/00938,2026-07-19,2026-09-01
DEMO-01159,demo,venta,departamento,Depto 4D 2B en Concepción,3855.0,152272500,Concepción,Concepción,98 m²,4,2,https://example.invalid/demo/01159,2026-08-23,2026-09-01
DEMO-00688,demo,arriendo,casa,Casa 3D 2B en Concepción,15.3,604350,Concepción,Concepción,97 m²,3,2,https://example.invalid/demo/00688,2026-06-03,2026-07-01
DEMO-01179,demo,venta,departamento,Depto 2D 1B en Concepción,2763.0,109138500,Concepción,Concepción,60 m²,2,1,https://example.invalid/demo/01179,2026-05-26,2026-05-28
DEMO-01626,demo,venta,casa,Casa 4D 2B en Los Ángeles,5866.0,231707000,Los Ángeles,Biobío,148 m²,4,2,https://example.invalid/demo/01626,2026-08-07,2026-09-01
DEMO-00843,demo,venta,casa,Casa 4D 2B en Concepción,5267.0,208046500,Concepción,Concepción,123 m²,4,2,https://example.invalid/demo/00843,2026-08-01,2026-08-06
DEMO-01251,demo,venta,casa,Casa 6D 4B en Coronel,6373.0,251733500,Coronel,Concepción,249 m²,6,4,https://example.invalid/demo/01251,2026-07-31,2026-07-31
DEMO-02087,demo,venta,casa,Casa 3D 2B en San Pedro de la Paz,4293.0,169573500,San Pedro de la Paz,Concepción,97 m²,3,2,https://example.invalid/demo/02087,2026-07-05,2026-08-03
DEMO-00838,demo,venta,casa,Casa 3D 2B en Concepción,3821.0,150929500,Concepción,Concepción,94 m²,3,2,https://example.invalid/demo/00838,2026-07-12,2026-08-18
DEMO-02088,demo,venta,casa,Casa 6D 4B en San Pedro de la Paz,6373.0,251733500,San Pedro de la Paz,Concepción,250 m²,6,4,https://example.invalid/demo/02088,2026-06-03,2026-07-02
DEMO-02844,demo,venta,departamento,Depto 2D 1B en Talcahuano,2528.0,99856000,Talcahuano,Concepción,,2,1,https://example.invalid/demo/02844,2026-07-22,2026-09-01
DEMO-02766,demo,venta,departamento,Depto 2D 1B en Talcahuano,1968.0,77736000,Talcahuano,Concepción,44 m²,2,1,https://example.invalid/demo/02766,2026-06-23,2026-08-06
DEMO-02153,demo,venta,casa,Casa 5D 3B en San Pedro de la Paz,4582.0,180989000,San Pedro de la Paz,Concepción,178 m²,5,3,https://example.invalid/demo/02153,2026-08-03,2026-09-01
DEMO-00645,demo,venta,departamento,Depto 2D 1B en Chiguayante,3027.0,119566500,Chiguayante,Concepción,,2,1,https://example.invalid/demo/00645,2026-08-21,2026-08-28
DEMO-02127,demo,venta,casa,Casa 4D 2B en San Pedro de la Paz,9028.0,356606000,San Pedro de la Paz,Concepción,154 m²,4,2,https://example.invalid/demo/02127,2026-06-22,2026-08-03
DEMO-01175,demo,venta,departamento,Depto 5D 3B en Concepción,6773.0,267533500,Concepción,Concepción,136 m²,5,3,https://example.invalid/demo/01175,2026-08-13,2026-08-28
DEMO-02436,demo,venta,departamento,Depto 2D 1B en San Pedro de la Paz,3247.0,128256500,San Pedro de la Paz,Concepción,54 m²,2,1,https://example.invalid/demo/02436,2026-08-22,2026-09-01
DEMO-00365,demo,venta,casa,Casa 5D 3B en Chiguayante,5990.0,236605000,Chiguayante,Concepción,189 m²,5,3,https://example.invalid/demo/00365,2026-06-13,2026-06-29
DEMO-01942,demo,venta,departamento,Depto 4D 2B en Penco,4197.0,165781500,Penco,Concepción,113 m²,4,2,https://example.invalid/demo/01942,2026-07-28,2026-07-29
DEMO-01353,demo,venta,casa,Casa 2D 1B en Hualpén,3463.0,136788500,Hualpén,Concepción,87 m²,2,1,https://example.invalid/demo/01353,2026-06-26,2026-08-06
DEMO-01723,demo,venta,departamento,Depto 4D 2B en Los Ángeles,3943.0,155748500,Los Ángeles,Biobío,99 m²,4,2,https://example.invalid/demo/01723,2026-05-19,2026-07-18
DEMO-01006,demo,venta,departamento,Depto 3D 2B en Concepción,5889.0,232615500,Concepción,Concepción,96 m²,3,2,https://example.invalid/demo/01006,2026-06-29,2026-07-26
DEMO-02642,demo,venta,casa,Casa 2D 1B en Talcahuano,2593.0,102423500,Talcahuano,Concepción,87 m²,2,1,https://example.invalid/demo/02642,2026-08-23,2026-09-01
DEMO-02216,demo,venta,casa,Casa 6D 4B en San Pedro de la Paz,15266.0,603007000,San Pedro de la Paz,Concepción,293 m²,6,4,https://example.invalid/demo/02216,2026-08-27,2026-09-01
DEMO-02199,demo,venta,casa,Casa 6D 4B en San Pedro de la Paz,10124.0,399898000,San Pedro de la Paz,Concepción,247 m²,6,4,https://example.invalid/demo/02199,2026-05-23,2026-07-05
DEMO-01076,demo,venta,departamento,Depto 3D 2B en Concepción,4764.0,188178000,Concepción,Concepción,78 m²,3,2,https://example.invalid/demo/01076,2026-08-30,2026-09-01
DEMO-01182,demo,venta,departamento,Depto 2D 1B en Concepción,5439.0,214840500,Concepción,Concepción,59 m²,2,1,https://example.invalid/demo/01182,2026-08-01,2026-09-01
DEMO-01851,demo,venta,departamento,Depto 4D 2B en Los Ángeles,3019.0,119250500,Los Ángeles,Biobío,,4,2,https://example.invalid/demo/01851,2026-08-13,2026-08-13
DEMO-02448,demo,venta,departamento,Depto 2D 1B en San Pedro de la Paz,5993.0,236723500,San Pedro de la Paz,Concepción,67 m²,2,1,https://example.invalid/demo/02448,2026-08-17,2026-09-01
DEMO-02221,demo,venta,casa,Casa 5D 3B en San Pedro de la Paz,5984.0,236368000,San Pedro de la Paz,Concepción,184 m²,5,3,https://example.invalid/demo/02221,2026-08-27,2026-09-01
DEMO-01041,demo,venta,departamento,Depto 2D 1B en Concepción,4656.0,183912000,Concepción,Concepción,70 m²,2,1,https://example.invalid/demo/01041,2026-08-08,2026-09-01
DEMO-02032,demo,venta,casa,Casa 5D 3B en San Pedro de la Paz,10775.0,425612500,San Pedro de la Paz,Concepción,175 m²,5,3,https://example.invalid/demo/02032,2026-06-06,2026-07-09
DEMO-02846,demo,venta,departamento,Depto 3D 2B en Talcahuano,2584.0,102068000,Talcahuano,Concepción,,3,2,https://example.invalid/demo/02846,2026-08-30,2026-09-01
DEMO-01258,demo,venta,casa,Casa 3D 2B en Coronel,3412.0,134774000,Coronel,Concepción,,3,2,https://example.invalid/demo/01258,2026-07-20,2026-08-24
DEMO-02316,demo,venta,departamento,Depto 4D 2B en San Pedro de la Paz,5804.0,229258000,San Pedro de la Paz,Concepción,121 m²,4,2,https://example.invalid/demo/02316,2026-07-14,2026-08-29
DEMO-01015,demo,venta,departamento,Depto 2D 1B en Concepción,2675.0,105662500,Concepción,Concepción,68 m²,2,1,https://example.invalid/demo/01015,2026-07-12,2026-08-26
DEMO-00475,demo,venta,departamento,Depto 1D 1B en Chiguayante,1815.0,71692500,Chiguayante,Concepción,39 m²,1,1,https://example.invalid/demo/00475,2026-07-18,2026-08-26
DEMO-00641,demo,venta,departamento,Depto 2D 1B en Chiguayante,2728.0,107756000,Chiguayante,Concepción,58 m²,2,1,https://example.invalid/demo/00641,2026-05-19,2026-06-15
DEMO-00151,demo,venta,casa,Casa 6D 4B en Chiguayante,8446.0,333617000,Chiguayante,Concepción,221 m²,6,4,https://example.invalid/demo/00151,2026-07-31,2026-09-01
DEMO-01123,demo,venta,departamento,Depto 2D 1B en Concepción,5713.0,225663500,Concepción,Concepción,65 m²,2,1,https://example.invalid/demo/01123,2026-05-29,2026-06-03
DEMO-01364,demo,venta,casa,Casa 6D 4B en Hualpén,7674.0,303123000,Hualpén,Concepción,212 m²,6,4,https://example.invalid/demo/01364,2026-07-11,2026-09-01
DEMO-02653,demo,venta,casa,Casa 3D 2B en Talcahuano,3177.0,125491500,Talcahuano,Concepción,95 m²,3,2,https://example.invalid/demo/02653,2026-08-28,2026-09-01
DEMO-01216,demo,venta,departamento,Depto 4D 2B en Concepción,6658.0,262991000,Concepción,Concepción,118 m²,4,2,https://example.invalid/demo/01216,2026-05-15,2026-07-14
DEMO-00410,demo,venta,casa,Casa 5D 3B en Chiguayante,6438.0,254301000,Chiguayante,Concepción,189 m²,5,3,https://example.invalid/demo/00410,2026-06-13,2026-06-19
DEMO-02834,demo,venta,departamento,Depto 3D 2B en Talcahuano,3634.0,143543000,Talcahuano,Concepción,75 m²,3,2,https://example.invalid/demo/02834,2026-07-01,2026-07-06
DEMO-02352,demo,venta,departamento,Depto 4D 2B en San Pedro de la Paz,7262.0,286849000,San Pedro de la Paz,Concepción,112 m²,4,2,https://example.invalid/demo/02352,2026-06-18,2026-06-28
DEMO-00540,demo,venta,departamento,Depto 3D 2B en Chiguayante,3692.0,145834000,Chiguayante,Concepción,82 m²,3,2,https://example.invalid/demo/00540,2026-07-16,2026-07-19
DEMO-01949,demo,venta,departamento,Depto 3D 2B en Penco,3154.0,124583000,Penco,Concepción,78 m²,3,2,https://example.invalid/demo/01949,2026-05-27,2026-07-17
DEMO-03101,demo,venta,casa,Casa 3D 2B en Tomé,2830.0,111785000,Tomé,Concepción,107 m²,3,2,https://example.invalid/demo/03101,2026-07-18,2026-08-11
DEMO-01668,demo,venta,casa,Casa 4D 2B en Los Ángeles,4129.0,163095500,Los Ángeles,Biobío,125 m²,4,2,https://example.invalid/demo/01668,2026-06-16,2026-06-18
DEMO-01359,demo,venta,casa,Casa 4D 2B en Hualpén,5499.0,217210500,Hualpén,Concepción,132 m²,4,2,https://example.invalid/demo/01359,2026-06-09,2026-07-27
DEMO-00407,demo,venta,casa,Casa 3D 2B en Chiguayante,4320.0,170640000,Chiguayante,Concepción,108 m²,3,2,https://example.invalid/demo/00407,2026-06-13,2026-07-18
DEMO-00197,demo,venta,casa,Casa 4D 2B en Chiguayante,3966.0,156657000,Chiguayante,Concepción,135 m²,4,2,https://example.invalid/demo/00197,2026-05-30,2026-07-04
DEMO-00575,demo,venta,departamento,Depto 3D 2B en Chiguayante,3985.0,157407500,Chiguayante,Concepción,,3,2,https://example.invalid/demo/00575,2026-08-16,2026-09-01
DEMO-02233,demo,venta,casa,Casa 5D 3B en San Pedro de la Paz,9593.0,378923500,San Pedro de la Paz,Concepción,186 m²,5,3,https://example.invalid/demo/02233,2026-07-06,2026-07-14
DEMO-02499,demo,venta,departamento,Depto 2D 1B en San Pedro de la Paz,3308.0,130666000,San Pedro de la Paz,Concepción,,2,1,https://example.invalid/demo/02499,2026-05-04,2026-06-15
DEMO-02982,demo,venta,casa,Casa 3D 2B en Tomé,2862.0,113049000,Tomé,Concepción,120 m²,3,2,https://example.invalid/demo/02982,2026-07-08,2026-07-11
DEMO-02431,demo,venta,departamento,Depto 4D 2B en San Pedro de la Paz,4782.0,188889000,San Pedro de la Paz,Concepción,103 m²,4,2,https://example.invalid/demo/02431,2026-07-24,2026-09-01
DEMO-02831,demo,venta,departamento,Depto 2D 1B en Talcahuano,3358.0,132641000,Talcahuano,Concepción,64 m²,2,1,https://example.invalid/demo/02831,2026-07-11,2026-07-25
DEMO-02114,demo,venta,casa,Casa 3D 2B en San Pedro de la Paz,3701.0,146189500,San Pedro de la Paz,Concepción,93 m²,3,2,https://example.invalid/demo/02114,2026-08-13,2026-09-01
DEMO-02984,demo,venta,casa,Casa 4D 2B en Tomé,3701.0,146189500,Tomé,Concepción,128 m²,4,2,https://example.invalid/demo/02984,2026-06-11,2026-07-30
DEMO-02994,demo,venta,casa,Casa 6D 4B en Tomé,11203.0,442518500,Tomé,Concepción,251 m²,6,4,https://example.invalid/demo/02994,2026-06-01,2026-06-08
DEMO-03061,demo,venta,casa,Casa 4D 2B en Tomé,3329.0,131495500,Tomé,Concepción,134 m²,4,2,https://example.invalid/demo/03061,2026-07-27,2026-09-01
DEMO-00823,demo,venta,casa,Casa 6D 4B en Concepción,10710.0,423045000,Concepción,Concepción,297 m²,6,4,https://example.invalid/demo/00823,2026-08-17,2026-08-31
DEMO-02103,demo,venta,casa,Casa 2D 1B en San Pedro de la Paz,2497.0,98631500,San Pedro de la Paz,Concepción,59 m²,2,1,https://example.invalid/demo/02103,2026-06-26,2026-07-04
DEMO-00755,demo,venta,casa,Casa 3D 2B en Concepción,5259.0,207730500,Concepción,Concepción,,3,2,https://example.invalid/demo/00755,2026-06-17,2026-07-06
DEMO-01158,demo,venta,departamento,Depto 4D 2B en Concepción,8120.0,320740000,Concepción,Concepción,122 m²,4,2,https://example.invalid/demo/01158,2026-08-09,2026-08-24
DEMO-00498,demo,venta,departamento,Depto 2D 1B en Chiguayante,1794.0,70863000,Chiguayante,Concepción,57 m²,2,1,https://example.invalid/demo/00498,2026-05-10,2026-05-30
DEMO-01754,demo,venta,departamento,Depto 4D 2B en Los Ángeles,4831.0,190824500,Los Ángeles,Biobío,,4,2,https://example.invalid/demo/01754,2026-08-06,2026-09-01
DEMO-02497,demo,venta,departamento,Depto 3D 2B en San Pedro de la Paz,4451.0,175814500,San Pedro de la Paz,Concepción,93 m²,3,2,https://example.invalid/demo/02497,2026-06-28,2026-08-12
DEMO-01834,demo,venta,departamento,Depto 2D 1B en Los Ángeles,2676.0,105702000,Los Ángeles,Biobío,64 m²,2,1,https://example.invalid/demo/01834,2026-05-14,2026-05-23
DEMO-00382,demo,venta,casa,Casa 5D 3B en Chiguayante,7615.0,300792500,Chiguayante,Concepción,,5,3,https://example.invalid/demo/00382,2026-08-06,2026-08-16
DEMO-00094,demo,venta,casa,Casa 3D 2B en Chiguayante,4805.0,189797500,Chiguayante,Concepción,122 m²,3,2,https://example.invalid/demo/00094,2026-07-11,2026-07-20
DEMO-02961,demo,venta,casa,Casa 6D 4B en Tomé,7420.0,293090000,Tomé,Concepción,235 m²,6,4,https://example.invalid/demo/02961,2026-07-25,2026-09-01
DEMO-01835,demo,venta,departamento,Depto 3D 2B en Los Ángeles,3745.0,147927500,Los Ángeles,Biobío,,3,2,https://example.invalid/demo/01835,2026-08-08,2026-08-08
DEMO-02215,demo,venta,casa,Casa 3D 2B en San Pedro de la Paz,6303.0,248968500,San Pedro de la Paz,Concepción,120 m²,3,2,https://example.invalid/demo/02215,2026-07-26,2026-09-01
DEMO-02591,demo,venta,casa,Casa 5D 3B en Talcahuano,5942.0,234709000,Talcahuano,Concepción,160 m²,5,3,https://example.invalid/demo/02591,2026-08-05,2026-08-06
DEMO-00503,demo,venta,departamento,Depto 2D 1B en Chiguayante,2696.0,106492000,Chiguayante,Concepción,62 m²,2,1,https://example.invalid/demo/00503,2026-07-21,2026-07-21
DEMO-01976,demo,arriendo,casa,Casa 3D 2B en San Pedro de la Paz,13.9,549050,San Pedro de la Paz,Concepción,103 m²,3,2,https://example.invalid/demo/01976,2026-06-09,2026-07-19
DEMO-00751,demo,venta,casa,Casa 2D 1B en Concepción,4998.0,197421000,Concepción,Concepción,87 m²,2,1,https://example.invalid/demo/00751,2026-05-17,2026-06-23
DEMO-00738,demo,venta,casa,Casa 5D 3B en Concepción,7817.0,308771500,Concepción,Concepción,181 m²,5,3,https://example.invalid/demo/00738,2026-06-27,2026-07-06
DEMO-02696,demo,venta,casa,Casa 4D 2B en Talcahuano,3364.0,132878000,Talcahuano,Concepción,131 m²,4,2,https://example.invalid/demo/02696,2026-05-08,2026-05-29
DEMO-02736,demo,venta,casa,Casa 3D 2B en Talcahuano,2184.0,86268000,Talcahuano,Concepción,,3,2,https://example.invalid/demo/02736,2026-08-14,2026-09-01
DEMO-01624,demo,venta,casa,Casa 4D 2B en Los Ángeles,2220.0,87690000,Los Ángeles,Biobío,128 m²,4,2,https://example.invalid/demo/01624,2026-08-16,2026-09-01
DEMO-03107,demo,venta,departamento,Depto 2D 1B en Tomé,1382.0,54589000,Tomé,Concepción,52 m²,2,1,https://example.invalid/demo/03107,2026-05-17,2026-07-05
DEMO-02714,demo,venta,casa,Casa 4D 2B en Talcahuano,4828.0,190706000,Talcahuano,Concepción,,4,2,https://example.invalid/demo/02714,2026-05-10,2026-05-25
DEMO-01108,demo,venta,departamento,Depto 2D 1B en Concepción,2446.0,96617000,Concepción,Concepción,57 m²,2,1,https://example.invalid/demo/01108,2026-08-29,2026-09-01
DEMO-00611,demo,venta,departamento,Depto 3D 2B en Chiguayante,6553.0,258843500,Chiguayante,Concepción,,3,2,https://example.invalid/demo/00611,2026-08-11,2026-08-13
DEMO-00357,demo,venta,casa,Casa 5D 3B en Chiguayante,7759.0,306480500,Chiguayante,Concepción,170 m²,5,3,https://example.invalid/demo/00357,2026-08-20,2026-09-01
DEMO-01454,demo,venta,departamento,Depto 3D 2B en Hualpén,4779.0,188770500,Hualpén,Concepción,,3,2,https://example.invalid/demo/01454,2026-08-25,2026-09-01
DEMO-00116,demo,venta,casa,Casa 6D 4B en Chiguayante,13302.0,525429000,Chiguayante,Concepción,272 m²,6,4,https://example.invalid/demo/00116,2026-05-09,2026-07-02
DEMO-00798,demo,venta,casa,Casa 4D 2B en Concepción,10691.0,422294500,Concepción,Concepción,156 m²,4,2,https://example.invalid/demo/00798,2026-06-15,2026-07-31
DEMO-01772,demo,venta,departamento,Depto 2D 1B en Los Ángeles,1200.0,47400000,Los Ángeles,Biobío,,2,1,https://example.invalid/demo/01772,2026-07-04,2026-07-19
DEMO-00512,demo,venta,departamento,Depto 4D 2B en Chiguayante,5665.0,223767500,Chiguayante,Concepción,113 m²,4,2,https://example.invalid/demo/00512,2026-05-24,2026-06-07
DEMO-01412,demo,venta,departamento,Depto 2D 1B en Hualpén,2132.0,84214000,Hualpén,Concepción,63 m²,2,1,https://example.invalid/demo/01412,2026-07-10,2026-07-22
DEMO-01293,demo,venta,casa,Casa 5D 3B en Coronel,3542.0,139909000,Coronel,Concepción,158 m²,5,3,https://example.invalid/demo/01293,2026-05-13,2026-06-29
DEMO-00130,demo,venta,casa,Casa 4D 2B en Chiguayante,6841.0,270219500,Chiguayante,Concepción,144 m²,4,2,https://example.invalid/demo/00130,2026-07-03,2026-07-21
DEMO-01709,demo,venta,departamento,Depto 4D 2B en Los Ángeles,3871.0,152904500,Los Ángeles,Biobío,123 m²,4,2,https://example.invalid/demo/01709,2026-05-08,2026-07-01
DEMO-01934,demo,venta,casa,Casa 6D 4B en Penco,6262.0,247349000,Penco,Concepción,216 m²,6,4,https://example.invalid/demo/01934,2026-07-23,2026-08-28
DEMO-02437,demo,venta,departamento,Depto 2D 1B en San Pedro de la Paz,3284.0,129718000,San Pedro de la Paz,Concepción,65 m²,2,1,https://example.invalid/demo/02437,2026-05-17,2026-06-18
DEMO-02031,demo,venta,casa,Casa 5D 3B en San Pedro de la Paz,7437.0,293761500,San Pedro de la Paz,Concepción,,5,3,https://example.invalid/demo/02031,2026-05-26,2026-06-03
DEMO-02347,demo,venta,departamento,Depto 2D 1B en San Pedro de la Paz,3187.0,125886500,San Pedro de la Paz,Concepción,67 m²,2,1,https://example.invalid/demo/02347,2026-06-05,2026-06-18
DEMO-02164,demo,venta,casa,Casa 6D 4B en San Pedro de la Paz,21893.0,864773500,San Pedro de la Paz,Concepción,267 m²,6,4,https://example.invalid/demo/02164,2026-05-24,2026-07-12
DEMO-02542,demo,venta,departamento,Depto 3D 2B en San Pedro de la Paz,5193.0,205123500,San Pedro de la Paz,Concepción,83 m²,3,2,https://example.invalid/demo/02542,2026-08-10,2026-09-01
DEMO-01002,demo,venta,departamento,Depto 2D 1B en Concepción,2272.0,89744000,Concepción,Concepción,69 m²,2,1,https://example.invalid/demo/01002,2026-05-24,2026-07-14
DEMO-00623,demo,venta,departamento,Depto 2D 1B en Chiguayante,3127.0,123516500,Chiguayante,Concepción,58 m²,2,1,https://example.invalid/demo/00623,2026-05-13,2026-05-28
DEMO-02705,demo,venta,casa,Casa 4D 2B en Talcahuano,4769.0,188375500,Talcahuano,Concepción,132 m²,4,2,https://example.invalid/demo/02705,2026-05-09,2026-06-08
DEMO-01918,demo,venta,casa,Casa 3D 2B en Penco,4271.0,168704500,Penco,Concepción,108 m²,3,2,https://example.invalid/demo/01918,2026-07-23,2026-08-24
DEMO-02322,demo,venta,departamento,Depto 2D 1B en San Pedro de la Paz,3873.0,152983500,San Pedro de la Paz,Concepción,61 m²,2,1,https://example.invalid/demo/02322,2026-09-01,2026-09-01
DEMO-00653,demo,venta,departamento,Depto 3D 2B en Chiguayante,4802.0,189679000,Chiguayante,Concepción,80 m²,3,2,https://example.invalid/demo/00653,2026-06-11,2026-07-26
DEMO-00730,demo,venta,casa,Casa 6D 4B en Concepción,19436.0,767722000,Concepción,Concepción,311 m²,6,4,https://example.invalid/demo/00730,2026-06-10,2026-07-17
DEMO-00138,demo,venta,casa,Casa 5D 3B en Chiguayante,4683.0,184978500,Chiguayante,Concepción,159 m²,5,3,https://example.invalid/demo/00138,2026-05-18,2026-06-09
DEMO-00119,demo,venta,casa,Casa 2D 1B en Chiguayante,2726.0,107677000,Chiguayante,Concepción,82 m²,2,1,https://example.invalid/demo/00119,2026-08-31,2026-09-01
DEMO-01062,demo,venta,departamento,Depto 3D 2B en Concepción,4241.0,167519500,Concepción,Concepción,79 m²,3,2,https://example.invalid/demo/01062,2026-08-04,2026-09-01
DEMO-02133,demo,venta,casa,Casa 4D 2B en San Pedro de la Paz,4918.0,194261000,San Pedro de la Paz,Concepción,125 m²,4,2,https://example.invalid/demo/02133,2026-06-20,2026-08-17
DEMO-01037,demo,venta,departamento,Depto 3D 2B en Concepción,3114.0,123003000,Concepción,Concepción,71 m²,3,2,https://example.invalid/demo/01037,2026-08-06,2026-08-18
DEMO-00591,demo,venta,departamento,Depto 3D 2B en Chiguayante,4227.0,166966500,Chiguayante,Concepción,91 m²,3,2,https://example.invalid/demo/00591,2026-07-03,2026-08-31
DEMO-01287,demo,venta,casa,Casa 4D 2B en Coronel,4252.0,167954000,Coronel,Concepción,137 m²,4,2,https://example.invalid/demo/01287,2026-05-25,2026-05-29
DEMO-03109,demo,venta,departamento,Depto 2D 1B en Tomé,1401.0,55339500,Tomé,Concepción,64 m²,2,1,https://example.invalid/demo/03109,2026-07-30,2026-08-09
DEMO-00536,demo,venta,departamento,Depto 3D 2B en Chiguayante,3029.0,119645500,Chiguayante,Concepción,77 m²,3,2,https://example.invalid/demo/00536,2026-05-05,2026-05-15
DEMO-01219,demo,venta,departamento,Depto 3D 2B en Concepción,4354.0,171983000,Concepción,Concepción,84 m²,3,2,https://example.invalid/demo/01219,2026-08-20,2026-09-01
DEMO-02460,demo,venta,departamento,Depto 3D 2B en San Pedro de la Paz,3574.0,141173000,San Pedro de la Paz,Concepción,73 m²,3,2,https://example.invalid/demo/02460,2026-07-12,2026-09-01
DEMO-00505,demo,venta,departamento,Depto 3D 2B en Chiguayante,5389.0,212865500,Chiguayante,Concepción,,3,2,https://example.invalid/demo/00505,2026-05-30,2026-07-28
DEMO-02865,demo,venta,departamento,Depto 2D 1B en Talcahuano,3320.0,131140000,Talcahuano,Concepción,69 m²,2,1,https://example.invalid/demo/02865,2026-05-24,2026-06-09
DEMO-02776,demo,venta,departamento,Depto 3D 2B en Talcahuano,3849.0,152035500,Talcahuano,Concepción,,3,2,https://example.invalid/demo/02776,2026-06-11,2026-07-14
DEMO-02710,demo,venta,casa,Casa 4D 2B en Talcahuano,3925.0,155037500,Talcahuano,Concepción,127 m²,4,2,https://example.invalid/demo/02710,2026-07-01,2026-07-01
DEMO-00142,demo,venta,casa,Casa 4D 2B en Chiguayante,4715.0,186242500,Chiguayante,Concepción,142 m²,4,2,https://example.invalid/demo/00142,2026-05-12,2026-06-21
DEMO-02086,demo,venta,casa,Casa 3D 2B en San Pedro de la Paz,3890.0,153655000,San Pedro de la Paz,Concepción,115 m²,3,2,https://example.invalid/demo/02086,2026-06-24,2026-08-09
DEMO-01100,demo,venta,departamento,Depto 4D 2B en Concepción,4863.0,192088500,Concepción,Concepción,99 m²,4,2,https://example.invalid/demo/01100,2026-08-04,2026-09-01
DEMO-00191,demo,venta,casa,Casa 4D 2B en Chiguayante,3435.0,135682500,Chiguayante,Concepción,146 m²,4,2,https://example.invalid/demo/00191,2026-07-04,2026-08-26
DEMO-02237,demo,venta,casa,Casa 5D 3B en San Pedro de la Paz,10990.0,434105000,San Pedro de la Paz,Concepción,166 m²,5,3,https://example.invalid/demo/02237,2026-08-26,2026-08-28
DEMO-02276,demo,venta,departamento,Depto 2D 1B en San Pedro de la Paz,3880.0,153260000,San Pedro de la Paz,Concepción,59 m²,2,1,https://example.invalid/demo/02276,2026-07-06,2026-07-24
DEMO-03086,demo,venta,casa,Casa 6D 4B en Tomé,5694.0,224913000,Tomé,Concepción,217 m²,6,4,https://example.invalid/demo/03086,2026-07-13,2026-08-12
DEMO-00250,demo,venta,casa,Casa 4D 2B en Chiguayante,5360.0,211720000,Chiguayante,Concepción,154 m²,4,2,https://example.invalid/demo/00250,2026-07-24,2026-08-04
DEMO-02165,demo,venta,casa,Casa 3D 2B en San Pedro de la Paz,4637.0,183161500,San Pedro de la Paz,Concepción,122 m²,3,2,https://example.invalid/demo/02165,2026-08-21,2026-09-01
DEMO-01299,demo,venta,departamento,Depto 3D 2B en Coronel,2919.0,115300500,Coronel,Concepción,93 m²,3,2,https://example.invalid/demo/01299,2026-07-01,2026-07-04
DEMO-00719,demo,venta,casa,Casa 3D 2B en Concepción,4549.0,179685500,Concepción,Concepción,113 m²,3,2,https://example.invalid/demo/00719,2026-08-05,2026-09-01
DEMO-01332,demo,venta,casa,Casa 4D 2B en Hualpén,4691.0,185294500,Hualpén,Concepción,140 m²,4,2,https://example.invalid/demo/01332,2026-06-12,2026-07-08
DEMO-01972,demo,arriendo,casa,Casa 3D 2B en San Pedro de la Paz,25.3,999350,San Pedro de la Paz,Concepción,110 m²,3,2,https://example.invalid/demo/01972,2026-07-18,2026-08-02
DEMO-02152,demo,venta,casa,Casa 3D 2B en San Pedro de la Paz,4172.0,164794000,San Pedro de la Paz,Concepción,117 m²,3,2,https://example.invalid/demo/02152,2026-07-22,2026-08-18
DEMO-02858,demo,venta,departamento,Depto 2D 1B en Talcahuano,2444.0,96538000,Talcahuano,Concepción,,2,1,https://example.invalid/demo/02858,2026-05-08,2026-07-01
DEMO-01694,demo,venta,departamento,Depto 3D 2B en Los Ángeles,4113.0,162463500,Los Ángeles,Biobío,90 m²,3,2,https://example.invalid/demo/01694,2026-05-30,2026-06-18
DEMO-03140,demo,venta,departamento,Depto 2D 1B en Tomé,2813.0,111113500,Tomé,Concepción,64 m²,2,1,https://example.invalid/demo/03140,2026-06-20,2026-06-21
DEMO-01050,demo,venta,departamento,Depto 3D 2B en Concepción,5116.0,202082000,Concepción,Concepción,72 m²,3,2,https://example.invalid/demo/01050,2026-06-30,2026-07-14
DEMO-01979,demo,arriendo,casa,Casa 4D 2B en San Pedro de la Paz,28.2,1113900,San Pedro de la Paz,Concepción,153 m²,4,2,https://example.invalid/demo/01979,2026-08-03,2026-09-01
DEMO-01197,demo,venta,departamento,Depto 3D 2B en Concepción,7611.0,300634500,Concepción,Concepción,94 m²,3,2,https://example.invalid/demo/01197,2026-05-10,2026-06-04
DEMO-01334,demo,venta,casa,Casa 6D 4B en Hualpén,9976.0,394052000,Hualpén,Concepción,258 m²,6,4,https://example.invalid/demo/01334,2026-06-08,2026-08-05
DEMO-02750,demo,venta,departamento,Depto 3D 2B en Talcahuano,2421.0,95629500,Talcahuano,Concepción,75 m²,3,2,https://example.invalid/demo/02750,2026-06-13,2026-07-07
DEMO-01830,demo,venta,departamento,Depto 4D 2B en Los Ángeles,4975.0,196512500,Los Ángeles,Biobío,,4,2,https://example.invalid/demo/01830,2026-08-29,2026-09-01
DEMO-02579,demo,venta,casa,Casa 6D 4B en Talcahuano,5794.0,228863000,Talcahuano,Concepción,281 m²,6,4,https://example.invalid/demo/02579,2026-05-19,2026-07-13
DEMO-00323,demo,venta,casa,Casa 4D 2B en Chiguayante,4715.0,186242500,Chiguayante,Concepción,124 m²,4,2,https://example.invalid/demo/00323,2026-06-06,2026-07-27
DEMO-02683,demo,venta,casa,Casa 3D 2B en Talcahuano,2380.0,94010000,Talcahuano,Concepción,,3,2,https://example.invalid/demo/02683,2026-05-16,2026-06-06
DEMO-00947,demo,venta,casa,Casa 5D 3B en Concepción,8522.0,336619000,Concepción,Concepción,181 m²,5,3,https://example.invalid/demo/00947,2026-07-28,2026-09-01
DEMO-03114,demo,venta,departamento,Depto 4D 2B en Tomé,5357.0,211601500,Tomé,Concepción,100 m²,4,2,https://example.invalid/demo/03114,2026-07-28,2026-08-29
DEMO-02292,demo,venta,departamento,Depto 2D 1B en San Pedro de la Paz,2428.0,95906000,San Pedro de la Paz,Concepción,54 m²,2,1,https://example.invalid/demo/02292,2026-08-28,2026-09-01
DEMO-01871,demo,venta,departamento,Depto 2D 1B en Los Ángeles,2360.0,93220000,Los Ángeles,Biobío,61 m²,2,1,https://example.invalid/demo/01871,2026-07-23,2026-08-23
DEMO-02824,demo,venta,departamento,Depto 3D 2B en Talcahuano,2500.0,98750000,Talcahuano,Concepción,78 m²,3,2,https://example.invalid/demo/02824,2026-08-08,2026-08-08
DEMO-02762,demo,venta,departamento,Depto 2D 1B en Talcahuano,2773.0,109533500,Talcahuano,Concepción,68 m²,2,1,https://example.invalid/demo/02762,2026-06-11,2026-06-22
DEMO-02934,demo,venta,casa,Casa 2D 1B en Tomé,2038.0,80501000,Tomé,Concepción,,2,1,https://example.invalid/demo/02934,2026-06-09,2026-07-08
DEMO-00953,demo,arriendo,departamento,Depto 2D 1B en Concepción,10.5,414750,Concepción,Concepción,,2,1,https://example.invalid/demo/00953,2026-07-31,2026-09-01
DEMO-01374,demo,venta,casa,Casa 6D 4B en Hualpén,7341.0,289969500,Hualpén,Concepción,201 m²,6,4,https://example.invalid/demo/01374,2026-07-06,2026-07-29
DEMO-01882,demo,venta,casa,Casa 4D 2B en Negrete,1820.0,71890000,Negrete,Biobío,131 m²,4,2,https://example.invalid/demo/01882,2026-06-01,2026-06-17
DEMO-02463,demo,venta,departamento,Depto 2D 1B en San Pedro de la Paz,3276.0,129402000,San Pedro de la Paz,Concepción,57 m²,2,1,https://example.invalid/demo/02463,2026-08-15,2026-09-01
DEMO-00291,demo,venta,casa,Casa 4D 2B en Chiguayante,6473.0,255683500,Chiguayante,Concepción,131 m²,4,2,https://example.invalid/demo/00291,2026-05-11,2026-06-22
DEMO-03063,demo,venta,casa,Casa 3D 2B en Tomé,2309.0,91205500,Tomé,Concepción,104 m²,3,2,https://example.invalid/demo/03063,2026-07-11,2026-08-19
DEMO-01439,demo,venta,departamento,Depto 2D 1B en Hualpén,3047.0,120356500,Hualpén,Concepción,65 m²,2,1,https://example.invalid/demo/01439,2026-05-24,2026-06-10
DEMO-00523,demo,venta,departamento,Depto 3D 2B en Chiguayante,4615.0,182292500,Chiguayante,Concepción,,3,2,https://example.invalid/demo/00523,2026-08-18,2026-08-20
DEMO-00465,demo,venta,departamento,Depto 2D 1B en Chiguayante,3722.0,147019000,Chiguayante,Concepción,,2,1,https://example.invalid/demo/00465,2026-08-14,2026-09-01
DEMO-03022,demo,venta,casa,Casa 6D 4B en Tomé,5474.0,216223000,Tomé,Concepción,193 m²,6,4,https://example.invalid/demo/03022,2026-06-24,2026-07-28
DEMO-02633,demo,venta,casa,Casa 6D 4B en Talcahuano,9724.0,384098000,Talcahuano,Concepción,274 m²,6,4,https://example.invalid/demo/02633,2026-06-29,2026-07-31
DEMO-00576,demo,venta,departamento,Depto 2D 1B en Chiguayante,3485.0,137657500,Chiguayante,Concepción,67 m²,2,1,https://example.invalid/demo/00576,2026-05-12,2026-06-01
DEMO-02264,demo,arriendo,departamento,Depto 2D 1B en San Pedro de la Paz,13.1,517450,San Pedro de la Paz,Concepción,,2,1,https://example.invalid/demo/02264,2026-07-08,2026-09-01
DEMO-00014,demo,venta,casa,Casa 5D 3B en Cabrero,2961.0,116959500,Cabrero,Biobío,170 m²,5,3,https://example.invalid/demo/00014,2026-07-30,2026-09-01
DEMO-00484,demo,venta,departamento,Depto 2D 1B en Chiguayante,2927.0,115616500,Chiguayante,Concepción,,2,1,https://example.invalid/demo/00484,2026-06-04,2026-06-23
DEMO-02505,demo,venta,departamento,Depto 2D 1B en San Pedro de la Paz,3061.0,120909500,San Pedro de la Paz,Concepción,,2,1,https://example.invalid/demo/02505,2026-06-22,2026-07-10
DEMO-00222,demo,venta,casa,Casa 6D 4B en Chiguayante,8277.0,326941500,Chiguayante,Concepción,230 m²,6,4,https://example.invalid/demo/00222,2026-07-19,2026-08-13
DEMO-01459,demo,venta,departamento,Depto 2D 1B en Hualpén,2735.0,108032500,Hualpén,Concepción,70 m²,2,1,https://example.invalid/demo/01459,2026-05-16,2026-06-04
DEMO-01906,demo,venta,casa,Casa 3D 2B en Penco,3106.0,122687000,Penco,Concepción,108 m²,3,2,https://example.invalid/demo/01906,2026-08-16,2026-08-26
DEMO-00277,demo,venta,casa,Casa 4D 2B en Chiguayante,5179.0,204570500,Chiguayante,Concepción,132 m²,4,2,https://example.invalid/demo/00277,2026-06-14,2026-07-18
DEMO-00464,demo,venta,departamento,Depto 3D 2B en Chiguayante,4036.0,159422000,Chiguayante,Concepción,81 m²,3,2,https://example.invalid/demo/00464,2026-08-18,2026-09-01
DEMO-00646,demo,venta,departamento,Depto 2D 1B en Chiguayante,3022.0,119369000,Chiguayante,Concepción,,2,1,https://example.invalid/demo/00646,2026-06-07,2026-07-18
DEMO-01730,demo,venta,departamento,Depto 3D 2B en Los Ángeles,4022.0,158869000,Los Ángeles,Biobío,86 m²,3,2,https://example.invalid/demo/01730,2026-06-05,2026-07-21
DEMO-01735,demo,venta,departamento,Depto 3D 2B en Los Ángeles,3784.0,149468000,Los Ángeles,Biobío,89 m²,3,2,https://example.invalid/demo/01735,2026-08-22,2026-09-01
DEMO-00336,demo,venta,casa,Casa 6D 4B en Chiguayante,17166.0,678057000,Chiguayante,Concepción,256 m²,6,4,https://example.invalid/demo/00336,2026-06-19,2026-07-31
DEMO-00454,demo,venta,departamento,Depto 3D 2B en Chiguayante,3933.0,155353500,Chiguayante,Concepción,73 m²,3,2,https://example.invalid/demo/00454,2026-08-21,2026-09-01
DEMO-01748,demo,venta,departamento,Depto 2D 1B en Los Ángeles,2874.0,113523000,Los Ángeles,Biobío,70 m²,2,1,https://example.invalid/demo/01748,2026-06-04,2026-06-15
DEMO-00565,demo,venta,departamento,Depto 2D 1B en Chiguayante,4914.0,194103000,Chiguayante,Concepción,66 m²,2,1,https://example.invalid/demo/00565,2026-05-27,2026-07-09
DEMO-01348,demo,venta,casa,Casa 3D 2B en Hualpén,4533.0,179053500,Hualpén,Concepción,117 m²,3,2,https://example.invalid/demo/01348,2026-05-09,2026-06-01
DEMO-01009,demo,venta,departamento,Depto 2D 1B en Concepción,2594.0,102463000,Concepción,Concepción,,2,1,https://example.invalid/demo/01009,2026-07-03,2026-07-29
DEMO-02392,demo,venta,departamento,Depto 3D 2B en San Pedro de la Paz,5135.0,202832500,San Pedro de la Paz,Concepción,72 m²,3,2,https://example.invalid/demo/02392,2026-06-04,2026-08-01
DEMO-02187,demo,venta,casa,Casa 3D 2B en San Pedro de la Paz,5868.0,231786000,San Pedro de la Paz,Concepción,116 m²,3,2,https://example.invalid/demo/02187,2026-07-21,2026-08-30
DEMO-00506,demo,venta,departamento,Depto 4D 2B en Chiguayante,5318.0,210061000,Chiguayante,Concepción,109 m²,4,2,https://example.invalid/demo/00506,2026-07-14,2026-08-24
DEMO-02232,demo,venta,casa,Casa 6D 4B en San Pedro de la Paz,11997.0,473881500,San Pedro de la Paz,Concepción,213 m²,6,4,https://example.invalid/demo/02232,2026-06-28,2026-06-30
DEMO-00054,demo,arriendo,casa,Casa 4D 2B en Chiguayante,25.6,1011200,Chiguayante,Concepción,157 m²,4,2,https://example.invalid/demo/00054,2026-06-24,2026-08-09
DEMO-00283,demo,venta,casa,Casa 6D 4B en Chiguayante,12212.0,482374000,Chiguayante,Concepción,220 m²,6,4,https://example.invalid/demo/00283,2026-05-27,2026-06-03
DEMO-02752,demo,venta,departamento,Depto 3D 2B en Talcahuano,3091.0,122094500,Talcahuano,Concepción,75 m²,3,2,https://example.invalid/demo/02752,2026-06-03,2026-06-19
DEMO-02012,demo,venta,casa,Casa 2D 1B en San Pedro de la Paz,2568.0,101436000,San Pedro de la Paz,Concepción,70 m²,2,1,https://example.invalid/demo/02012,2026-06-25,2026-07-02
DEMO-00600,demo,venta,departamento,Depto 2D 1B en Chiguayante,2648.0,104596000,Chiguayante,Concepción,52 m²,2,1,https://example.invalid/demo/00600,2026-06-09,2026-06-18
DEMO-01462,demo,venta,departamento,Depto 2D 1B en Hualpén,1258.0,49691000,Hualpén,Concepción,44 m²,2,1,https://example.invalid/demo/01462,2026-05-22,2026-06-04
DEMO-00835,demo,venta,casa,Casa 5D 3B en Concepción,13107.0,517726500,Concepción,Concepción,,5,3,https://example.invalid/demo/00835,2026-05-09,2026-07-05
DEMO-03071,demo,venta,casa,Casa 2D 1B en Tomé,2854.0,112733000,Tomé,Concepción,86 m²,2,1,https://example.invalid/demo/03071,2026-05-24,2026-06-14
DEMO-02026,demo,venta,casa,Casa 6D 4B en San Pedro de la Paz,7651.0,302214500,San Pedro de la Paz,Concepción,195 m²,6,4,https://example.invalid/demo/02026,2026-08-28,2026-09-01
DEMO-02511,demo,venta,departamento,Depto 3D 2B en San Pedro de la Paz,3909.0,154405500,San Pedro de la Paz,Concepción,92 m²,3,2,https://example.invalid/demo/02511,2026-08-23,2026-09-01
DEMO-00440,demo,arriendo,departamento,Depto 3D 2B en Chiguayante,20.6,813700,Chiguayante,Concepción,,3,2,https://example.invalid/demo/00440,2026-08-02,2026-09-01
DEMO-00804,demo,venta,casa,Casa 6D 4B en Concepción,6352.0,250904000,Concepción,Concepción,223 m²,6,4,https://example.invalid/demo/00804,2026-06-15,2026-07-12
DEMO-01790,demo,venta,departamento,Depto 3D 2B en Los Ángeles,3971.0,156854500,Los Ángeles,Biobío,88 m²,3,2,https://example.invalid/demo/01790,2026-06-09,2026-07-19
DEMO-01057,demo,venta,departamento,Depto 3D 2B en Concepción,49,1935500,Concepción,Concepción,87 m²,3,2,https://example.invalid/demo/01057,2026-05-30,2026-06-26
DEMO-01986,demo,arriendo,casa,Casa 4D 2B en San Pedro de la Paz,28.4,1121800,San Pedro de la Paz,Concepción,145 m²,4,2,https://example.invalid/demo/01986,2026-07-14,2026-08-28
DEMO-02257,demo,venta,casa,Casa 3D 2B en San Pedro de la Paz,4052.0,160054000,San Pedro de la Paz,Concepción,,3,2,https://example.invalid/demo/02257,2026-07-29,2026-08-22
DEMO-00282,demo,venta,casa,Casa 3D 2B en Chiguayante,4633.0,183003500,Chiguayante,Concepción,,3,2,https://example.invalid/demo/00282,2026-07-29,2026-08-10
DEMO-02800,demo,venta,departamento,Depto 2D 1B en Talcahuano,2635.0,104082500,Talcahuano,Concepción,65 m²,2,1,https://example.invalid/demo/02800,2026-07-27,2026-08-17
DEMO-02011,demo,venta,casa,Casa 5D 3B en San Pedro de la Paz,8929.0,352695500,San Pedro de la Paz,Concepción,165 m²,5,3,https://example.invalid/demo/02011,2026-05-10,2026-07-09
DEMO-02239,demo,venta,casa,Casa 4D 2B en San Pedro de la Paz,7440.0,293880000,San Pedro de la Paz,Concepción,132 m²,4,2,https://example.invalid/demo/02239,2026-05-28,2026-05-31
DEMO-01573,demo,venta,casa,Casa 6D 4B en Los Ángeles,4917.0,194221500,Los Ángeles,Biobío,202 m²,6,4,https://example.invalid/demo/01573,2026-09-01,2026-09-01
DEMO-00610,demo,venta,departamento,Depto 4D 2B en Chiguayante,0,0,Chiguayante,Concepción,124 m²,4,2,https://example.invalid/demo/00610,2026-07-07,2026-08-06
DEMO-01566,demo,venta,casa,Casa 3D 2B en Los Ángeles,2453.0,96893500,Los Ángeles,Biobío,100 m²,3,2,https://example.invalid/demo/01566,2026-07-28,2026-09-01
DEMO-01446,demo,venta,departamento,Depto 2D 1B en Hualpén,3610.0,142595000,Hualpén,Concepción,70 m²,2,1,https://example.invalid/demo/01446,2026-06-02,2026-07-25
DEMO-01202,demo,venta,departamento,Depto 3D 2B en Concepción,4048.0,159896000,Concepción,Concepción,76 m²,3,2,https://example.invalid/demo/01202,2026-06-14,2026-07-11
DEMO-00224,demo,venta,casa,Casa 4D 2B en Chiguayante,4294.0,169613000,Chiguayante,Concepción,127 m²,4,2,https://example.invalid/demo/00224,2026-07-23,2026-09-01
DEMO-00430,demo,venta,casa,Casa 6D 4B en Chiguayante,10107.0,399226500,Chiguayante,Concepción,254 m²,6,4,https://example.invalid/demo/00430,2026-06-09,2026-06-13
DEMO-03074,demo,venta,casa,Casa 4D 2B en Tomé,4314.0,170403000,Tomé,Concepción,,4,2,https://example.invalid/demo/03074,2026-07-09,2026-08-03
DEMO-02559,demo,venta,casa,Casa 3D 2B en Santa Juana,1645.0,64977500,Santa Juana,Concepción,,3,2,https://example.invalid/demo/02559,2026-05-05,2026-06-07
DEMO-02107,demo,venta,casa,Casa 6D 4B en San Pedro de la Paz,7149.0,282385500,San Pedro de la Paz,Concepción,267 m²,6,4,https://example.invalid/demo/02107,2026-08-27,2026-09-01
DEMO-01690,demo,venta,departamento,Depto 4D 2B en Los Ángeles,4040.0,159580000,Los Ángeles,Biobío,103 m²,4,2,https://example.invalid/demo/01690,2026-05-13,2026-06-27
DEMO-01684,demo,venta,casa,Casa 3D 2B en Los Ángeles,5041.0,199119500,Los Ángeles,Biobío,105 m²,3,2,https://example.invalid/demo/01684,2026-08-25,2026-09-01
DEMO-00596,demo,venta,departamento,Depto 2D 1B en Chiguayante,2141.0,84569500,Chiguayante,Concepción,60 m²,2,1,https://example.invalid/demo/00596,2026-07-23,2026-08-05
DEMO-00436,demo,arriendo,departamento,Depto 2D 1B en Chiguayante,16.5,651750,Chiguayante,Concepción,69 m²,2,1,https://example.invalid/demo/00436,2026-08-20,2026-09-01
DEMO-02401,demo,venta,departamento,Depto 2D 1B en San Pedro de la Paz,3442.0,135959000,San Pedro de la Paz,Concepción,55 m²,2,1,https://example.invalid/demo/02401,2026-05-26,2026-06-19
DEMO-01289,demo,venta,casa,Casa 6D 4B en Coronel,3403.0,134418500,Coronel,Concepción,199 m²,6,4,https://example.invalid/demo/01289,2026-05-05,2026-06-04
DEMO-01785,demo,venta,departamento,Depto 3D 2B en Los Ángeles,3048.0,120396000,Los Ángeles,Biobío,75 m²,3,2,https://example.invalid/demo/01785,2026-07-30,2026-08-19
DEMO-00416,demo,venta,casa,Casa 2D 1B en Chiguayante,2218.0,87611000,Chiguayante,Concepción,77 m²,2,1,https://example.invalid/demo/00416,2026-06-23,2026-08-03
DEMO-01288,demo,venta,casa,Casa 4D 2B en Coronel,3180.0,125610000,Coronel,Concepción,,4,2,https://example.invalid/demo/01288,2026-08-17,2026-09-01
DEMO-00637,demo,venta,departamento,Depto 2D 1B en Chiguayante,3596.0,142042000,Chiguayante,Concepción,64 m²,2,1,https://example.invalid/demo/00637,2026-06-18,2026-07-01
DEMO-00636,demo,venta,departamento,Depto 2D 1B en Chiguayante,4359.0,172180500,Chiguayante,Concepción,69 m²,2,1,https://example.invalid/demo/00636,2026-06-16,2026-08-14
DEMO-01190,demo,venta,departamento,Depto 2D 1B en Concepción,5193.0,205123500,Concepción,Concepción,54 m²,2,1,https://example.invalid/demo/01190,2026-06-05,2026-06-29
DEMO-01025,demo,venta,departamento,Depto 3D 2B en Concepción,4195.0,165702500,Concepción,Concepción,76 m²,3,2,https://example.invalid/demo/01025,2026-08-14,2026-08-22
DEMO-03011,demo,venta,casa,Casa 6D 4B en Tomé,8379.0,330970500,Tomé,Concepción,213 m²,6,4,https://example.invalid/demo/03011,2026-06-18,2026-08-02
DEMO-03009,demo,venta,casa,Casa 2D 1B en Tomé,3112.0,122924000,Tomé,Concepción,87 m²,2,1,https://example.invalid/demo/03009,2026-08-12,2026-09-01
DEMO-00343,demo,venta,casa,Casa 3D 2B en Chiguayante,3964.0,156578000,Chiguayante,Concepción,,3,2,https://example.invalid/demo/00343,2026-05-29,2026-07-25
DEMO-03045,demo,venta,casa,Casa 3D 2B en Tomé,2233.0,88203500,Tomé,Concepción,108 m²,3,2,https://example.invalid/demo/03045,2026-06-09,2026-07-08
DEMO-02300,demo,venta,departamento,Depto 3D 2B en San Pedro de la Paz,4116.0,162582000,San Pedro de la Paz,Concepción,,3,2,https://example.invalid/demo/02300,2026-06-02,2026-07-27
DEMO-02094,demo,venta,casa,Casa 3D 2B en San Pedro de la Paz,4068.0,160686000,San Pedro de la Paz,Concepción,96 m²,3,2,https://example.invalid/demo/02094,2026-08-20,2026-09-01
DEMO-02861,demo,venta,departamento,Depto 2D 1B en Talcahuano,1685.0,66557500,Talcahuano,Concepción,45 m²,2,1,https://example.invalid/demo/02861,2026-06-11,2026-08-08
DEMO-00180,demo,venta,casa,Casa 5D 3B en Chiguayante,7298.0,288271000,Chiguayante,Concepción,187 m²,5,3,https://example.invalid/demo/00180,2026-06-20,2026-08-04
DEMO-02019,demo,venta,casa,Casa 2D 1B en San Pedro de la Paz,3348.0,132246000,San Pedro de la Paz,Concepción,68 m²,2,1,https://example.invalid/demo/02019,2026-08-14,2026-08-15
DEMO-01392,demo,venta,casa,Casa 5D 3B en Hualpén,5496.0,217092000,Hualpén,Concepción,178 m²,5,3,https://example.invalid/demo/01392,2026-07-03,2026-08-17
DEMO-02863,demo,venta,departamento,Depto 2D 1B en Talcahuano,1968.0,77736000,Talcahuano,Concepción,67 m²,2,1,https://example.invalid/demo/02863,2026-05-13,2026-07-07
DEMO-01410,demo,venta,departamento,Depto 4D 2B en Hualpén,2770.0,109415000,Hualpén,Concepción,105 m²,4,2,https://example.invalid/demo/01410,2026-05-23,2026-06-16
DEMO-03122,demo,venta,departamento,Depto 3D 2B en Tomé,3207.0,126676500,Tomé,Concepción,,3,2,https://example.invalid/demo/03122,2026-07-03,2026-07-04
DEMO-00169,demo,venta,casa,Casa 6D 4B en Chiguayante,8277.0,326941500,Chiguayante,Concepción,205 m²,6,4,https://example.invalid/demo/00169,2026-08-23,2026-09-01
DEMO-00135,demo,venta,casa,Casa 3D 2B en Chiguayante,4290.0,169455000,Chiguayante,Concepción,114 m²,3,2,https://example.invalid/demo/00135,2026-08-11,2026-09-01
DEMO-02665,demo,venta,casa,Casa 6D 4B en Talcahuano,8667.0,342346500,Talcahuano,Concepción,,6,4,https://example.invalid/demo/02665,2026-06-04,2026-07-26
DEMO-02396,demo,venta,departamento,Depto 2D 1B en San Pedro de la Paz,4591.0,181344500,San Pedro de la Paz,Concepción,64 m²,2,1,https://example.invalid/demo/02396,2026-08-14,2026-09-01
DEMO-00946,demo,venta,casa,Casa 6D 4B en Concepción,11183.0,441728500,Concepción,Concepción,233 m²,6,4,https://example.invalid/demo/00946,2026-07-06,2026-08-28
DEMO-01215,demo,venta,departamento,Depto 2D 1B en Concepción,3694.0,145913000,Concepción,Concepción,53 m²,2,1,https://example.invalid/demo/01215,2026-05-16,2026-06-03
DEMO-00992,demo,venta,departamento,Depto 2D 1B en Concepción,1862.0,73549000,Concepción,Concepción,43 m²,2,1,https://example.invalid/demo/00992,2026-07-25,2026-09-01
DEMO-01881,demo,venta,casa,Casa 3D 2B en Negrete,1720.0,67940000,Negrete,Biobío,108 m²,3,2,https://example.invalid/demo/01881,2026-07-13,2026-08-19
DEMO-02746,demo,venta,departamento,Depto 2D 1B en Talcahuano,1590.0,62805000,Talcahuano,Concepción,,2,1,https://example.invalid/demo/02746,2026-05-11,2026-06-21
DEMO-00367,demo,venta,casa,Casa 3D 2B en Chiguayante,3695.0,145952500,Chiguayante,Concepción,,3,2,https://example.invalid/demo/00367,2026-08-22,2026-09-01
DEMO-02765,demo,venta,departamento,Depto 3D 2B en Talcahuano,4688.0,185176000,Talcahuano,Concepción,92 m²,3,2,https://example.invalid/demo/02765,2026-09-01,2026-09-01
DEMO-01404,demo,venta,departamento,Depto 4D 2B en Hualpén,4393.0,173523500,Hualpén,Concepción,111 m²,4,2,https://example.invalid/demo/01404,2026-06-24,2026-07-12
DEMO-01743,demo,venta,departamento,Depto 2D 1B en Los Ángeles,2017.0,79671500,Los Ángeles,Biobío,50 m²,2,1,https://example.invalid/demo/01743,2026-07-23,2026-08-04
DEMO-01640,demo,venta,casa,Casa 3D 2B en Los Ángeles,3129.0,123595500,Los Ángeles,Biobío,120 m²,3,2,https://example.invalid/demo/01640,2026-06-06,2026-07-18
DEMO-01939,demo,venta,departamento,Depto 3D 2B en Penco,0,0,Penco,Concepción,92 m²,3,2,https://example.invalid/demo/01939,2026-07-12,2026-08-17
DEMO-00457,demo,venta,departamento,Depto 2D 1B en Chiguayante,2874.0,113523000,Chiguayante,Concepción,65 m²,2,1,https://example.invalid/demo/00457,2026-05-06,2026-05-27
DEMO-01312,demo,venta,casa,Casa 6D 4B en Florida,3412.0,134774000,Florida,Concepción,202 m²,6,4,https://example.invalid/demo/01312,2026-06-12,2026-07-12
DEMO-02108,demo,venta,casa,Casa 3D 2B en San Pedro de la Paz,3100.0,122450000,San Pedro de la Paz,Concepción,113 m²,3,2,https://example.invalid/demo/02108,2026-07-01,2026-08-06
DEMO-01274,demo,venta,casa,Casa 6D 4B en Coronel,4523.0,178658500,Coronel,Concepción,197 m²,6,4,https://example.invalid/demo/01274,2026-05-04,2026-06-06
DEMO-00698,demo,arriendo,casa,Casa 2D 1B en Concepción,14.8,584600,Concepción,Concepción,69 m²,2,1,https://example.invalid/demo/00698,2026-08-09,2026-09-01
DEMO-00852,demo,venta,casa,Casa 3D 2B en Concepción,5681.0,224399500,Concepción,Concepción,,3,2,https://example.invalid/demo/00852,2026-07-18,2026-07-20
DEMO-01826,demo,venta,departamento,Depto 4D 2B en Los Ángeles,4476.0,176802000,Los Ángeles,Biobío,98 m²,4,2,https://example.invalid/demo/01826,2026-08-22,2026-09-01
DEMO-01518,demo,venta,casa,Casa 4D 2B en Hualqui,20,790000,Hualqui,Concepción,131 m²,4,2,https://example.invalid/demo/01518,2026-06-13,2026-07-14
DEMO-00901,demo,venta,casa,Casa 5D 3B en Concepción,7629.0,301345500,Concepción,Concepción,158 m²,5,3,https://example.invalid/demo/00901,2026-06-04,2026-07-18
DEMO-01007,demo,venta,departamento,Depto 3D 2B en Concepción,5459.0,215630500,Concepción,Concepción,71 m²,3,2,https://example.invalid/demo/01007,2026-07-07,2026-08-22
DEMO-01145,demo,venta,departamento,Depto 3D 2B en Concepción,5794.0,228863000,Concepción,Concepción,87 m²,3,2,https://example.invalid/demo/01145,2026-06-15,2026-06-27
DEMO-01714,demo,venta,departamento,Depto 5D 3B en Los Ángeles,5542.0,218909000,Los Ángeles,Biobío,135 m²,5,3,https://example.invalid/demo/01714,2026-06-18,2026-06-25
DEMO-01691,demo,venta,departamento,Depto 3D 2B en Los Ángeles,3550.0,140225000,Los Ángeles,Biobío,89 m²,3,2,https://example.invalid/demo/01691,2026-07-11,2026-07-16
DEMO-01061,demo,venta,departamento,Depto 3D 2B en Concepción,4509.0,178105500,Concepción,Concepción,76 m²,3,2,https://example.invalid/demo/01061,2026-07-27,2026-09-01
DEMO-00370,demo,venta,casa,Casa 4D 2B en Chiguayante,5516.0,217882000,Chiguayante,Concepción,155 m²,4,2,https://example.invalid/demo/00370,2026-06-04,2026-07-13
DEMO-00829,demo,venta,casa,Casa 4D 2B en Concepción,10404.0,410958000,Concepción,Concepción,154 m²,4,2,https://example.invalid/demo/00829,2026-06-15,2026-06-19
DEMO-00319,demo,venta,casa,Casa 3D 2B en Chiguayante,3478.0,137381000,Chiguayante,Concepción,120 m²,3,2,https://example.invalid/demo/00319,2026-06-21,2026-07-11
DEMO-02480,demo,venta,departamento,Depto 3D 2B en San Pedro de la Paz,6014.0,237553000,San Pedro de la Paz,Concepción,89 m²,3,2,https://example.invalid/demo/02480,2026-08-01,2026-08-17
DEMO-02368,demo,venta,departamento,Depto 2D 1B en San Pedro de la Paz,6525.0,257737500,San Pedro de la Paz,Concepción,,2,1,https://example.invalid/demo/02368,2026-06-08,2026-06-17
DEMO-02817,demo,venta,departamento,Depto 2D 1B en Talcahuano,2986.0,117947000,Talcahuano,Concepción,57 m²,2,1,https://example.invalid/demo/02817,2026-08-28,2026-09-01
DEMO-00815,demo,venta,casa,Casa 3D 2B en Concepción,3608.0,142516000,Concepción,Concepción,97 m²,3,2,https://example.invalid/demo/00815,2026-06-06,2026-06-11
DEMO-00071,demo,venta,casa,Casa 6D 4B en Chiguayante,6319.0,249600500,Chiguayante,Concepción,207 m²,6,4,https://example.invalid/demo/00071,2026-06-23,2026-08-07
DEMO-00428,demo,venta,casa,Casa 4D 2B en Chiguayante,6600.0,260700000,Chiguayante,Concepción,133 m²,4,2,https://example.invalid/demo/00428,2026-05-30,2026-06-07
DEMO-01802,demo,venta,departamento,Depto 4D 2B en Los Ángeles,3322.0,131219000,Los Ángeles,Biobío,119 m²,4,2,https://example.invalid/demo/01802,2026-05-15,2026-06-08
DEMO-00167,demo,venta,casa,Casa 4D 2B en Chiguayante,6804.0,268758000,Chiguayante,Concepción,143 m²,4,2,https://example.invalid/demo/00167,2026-05-23,2026-05-31
DEMO-02428,demo,venta,departamento,Depto 3D 2B en San Pedro de la Paz,4044.0,159738000,San Pedro de la Paz,Concepción,71 m²,3,2,https://example.invalid/demo/02428,2026-06-09,2026-07-30
DEMO-00539,demo,venta,departamento,Depto 4D 2B en Chiguayante,3717.0,146821500,Chiguayante,Concepción,,4,2,https://example.invalid/demo/00539,2026-06-06,2026-06-15
DEMO-02096,demo,venta,casa,Casa 6D 4B en San Pedro de la Paz,14913.0,589063500,San Pedro de la Paz,Concepción,268 m²,6,4,https://example.invalid/demo/02096,2026-07-09,2026-07-31
DEMO-02162,demo,venta,casa,Casa 4D 2B en San Pedro de la Paz,8648.0,341596000,San Pedro de la Paz,Concepción,157 m²,4,2,https://example.invalid/demo/02162,2026-05-31,2026-06-12
DEMO-03126,demo,venta,departamento,Depto 3D 2B en Tomé,2587.0,102186500,Tomé,Concepción,75 m²,3,2,https://example.invalid/demo/03126,2026-08-16,2026-09-01
DEMO-03050,demo,venta,casa,Casa 6D 4B en Tomé,3947.0,155906500,Tomé,Concepción,232 m²,6,4,https://example.invalid/demo/03050,2026-08-19,2026-09-01
DEMO-00906,demo,venta,casa,Casa 5D 3B en Concepción,9727.0,384216500,Concepción,Concepción,160 m²,5,3,https://example.invalid/demo/00906,2026-07-18,2026-08-27
DEMO-01749,demo,venta,departamento,Depto 2D 1B en Los Ángeles,2688.0,106176000,Los Ángeles,Biobío,57 m²,2,1,https://example.invalid/demo/01749,2026-08-15,2026-09-01
DEMO-01639,demo,venta,casa,Casa 5D 3B en Los Ángeles,6038.0,238501000,Los Ángeles,Biobío,171 m²,5,3,https://example.invalid/demo/01639,2026-07-31,2026-09-01
DEMO-00984,demo,venta,departamento,Depto 2D 1B en Concepción,4273.0,168783500,Concepción,Concepción,,2,1,https://example.invalid/demo/00984,2026-05-24,2026-07-21
DEMO-00188,demo,venta,casa,Casa 4D 2B en Chiguayante,5178.0,204531000,Chiguayante,Concepción,142 m²,4,2,https://example.invalid/demo/00188,2026-08-05,2026-09-01
DEMO-01727,demo,venta,departamento,Depto 2D 1B en Los Ángeles,1690.0,66755000,Los Ángeles,Biobío,65 m²,2,1,https://example.invalid/demo/01727,2026-07-22,2026-07-31
DEMO-00876,demo,venta,casa,Casa 5D 3B en Concepción,9075.0,358462500,Concepción,Concepción,170 m²,5,3,https://example.invalid/demo/00876,2026-05-23,2026-07-13
DEMO-02248,demo,venta,casa,Casa 5D 3B en San Pedro de la Paz,5647.0,223056500,San Pedro de la Paz,Concepción,186 m²,5,3,https://example.invalid/demo/02248,2026-07-04,2026-07-31
DEMO-03052,demo,venta,casa,Casa 3D 2B en Tomé,2996.0,118342000,Tomé,Concepción,,3,2,https://example.invalid/demo/03052,2026-05-31,2026-07-09
DEMO-01357,demo,venta,casa,Casa 4D 2B en Hualpén,6322.0,249719000,Hualpén,Concepción,145 m²,4,2,https://example.invalid/demo/01357,2026-05-19,2026-06-25
DEMO-02018,demo,venta,casa,Casa 5D 3B en San Pedro de la Paz,7795.0,307902500,San Pedro de la Paz,Concepción,166 m²,5,3,https://example.invalid/demo/02018,2026-05-21,2026-06-25
DEMO-00705,demo,venta,casa,Casa 4D 2B en Concepción,7390.0,291905000,Concepción,Concepción,,4,2,https://example.invalid/demo/00705,2026-05-12,2026-06-09
DEMO-00269,demo,venta,casa,Casa 5D 3B en Chiguayante,7280.0,287560000,Chiguayante,Concepción,176 m²,5,3,https://example.invalid/demo/00269,2026-05-15,2026-06-24
DEMO-02802,demo,venta,departamento,Depto 2D 1B en Talcahuano,3229.0,127545500,Talcahuano,Concepción,,2,1,https://example.invalid/demo/02802,2026-07-16,2026-07-16
DEMO-00522,demo,venta,departamento,Depto 2D 1B en Chiguayante,3390.0,133905000,Chiguayante,Concepción,,2,1,https://example.invalid/demo/00522,2026-05-28,2026-06-05
DEMO-01230,demo,venta,casa,Casa 4D 2B en Coronel,2116.0,83582000,Coronel,Concepción,,4,2,https://example.invalid/demo/01230,2026-07-09,2026-08-19
DEMO-02139,demo,venta,casa,Casa 6D 4B en San Pedro de la Paz,14113.0,557463500,San Pedro de la Paz,Concepción,275 m²,6,4,https://example.invalid/demo/02139,2026-07-10,2026-08-25
DEMO-02572,demo,venta,casa,Casa 4D 2B en Santa Juana,2571.0,101554500,Santa Juana,Concepción,154 m²,4,2,https://example.invalid/demo/02572,2026-05-20,2026-06-28
DEMO-02435,demo,venta,departamento,Depto 3D 2B en San Pedro de la Paz,3599.0,142160500,San Pedro de la Paz,Concepción,80 m²,3,2,https://example.invalid/demo/02435,2026-06-08,2026-07-04
DEMO-00855,demo,venta,casa,Casa 3D 2B en Concepción,4026.0,159027000,Concepción,Concepción,111 m²,3,2,https://example.invalid/demo/00855,2026-06-19,2026-07-23
DEMO-00970,demo,venta,departamento,Depto 1D 1B en Concepción,1891.0,74694500,Concepción,Concepción,35 m²,1,1,https://example.invalid/demo/00970,2026-07-16,2026-08-22
DEMO-02056,demo,venta,casa,Casa 3D 2B en San Pedro de la Paz,4760.0,188020000,San Pedro de la Paz,Concepción,107 m²,3,2,https://example.invalid/demo/02056,2026-09-01,2026-09-01
DEMO-00571,demo,venta,departamento,Depto 4D 2B en Chiguayante,4879.0,192720500,Chiguayante,Concepción,,4,2,https://example.invalid/demo/00571,2026-05-21,2026-06-12
DEMO-00973,demo,venta,departamento,Depto 4D 2B en Concepción,5923.0,233958500,Concepción,Concepción,101 m²,4,2,https://example.invalid/demo/00973,2026-07-06,2026-07-06
DEMO-00299,demo,venta,casa,Casa 3D 2B en Chiguayante,2779.0,109770500,Chiguayante,Concepción,100 m²,3,2,https://example.invalid/demo/00299,2026-08-17,2026-09-01
DEMO-00329,demo,venta,casa,Casa 5D 3B en Chiguayante,5933.0,234353500,Chiguayante,Concepción,189 m²,5,3,https://example.invalid/demo/00329,2026-08-15,2026-08-25
DEMO-02002,demo,venta,casa,Casa 6D 4B en San Pedro de la Paz,11808.0,466416000,San Pedro de la Paz,Concepción,194 m²,6,4,https://example.invalid/demo/02002,2026-08-08,2026-08-25
DEMO-02584,demo,venta,casa,Casa 5D 3B en Talcahuano,4467.0,176446500,Talcahuano,Concepción,192 m²,5,3,https://example.invalid/demo/02584,2026-08-17,2026-09-01
DEMO-00780,demo,venta,casa,Casa 5D 3B en Concepción,5529.0,218395500,Concepción,Concepción,,5,3,https://example.invalid/demo/00780,2026-05-14,2026-06-25
DEMO-02555,demo,venta,departamento,Depto 2D 1B en San Pedro de la Paz,2492.0,98434000,San Pedro de la Paz,Concepción,47 m²,2,1,https://example.invalid/demo/02555,2026-07-22,2026-09-01
DEMO-02052,demo,venta,casa,Casa 6D 4B en San Pedro de la Paz,7427.0,293366500,San Pedro de la Paz,Concepción,234 m²,6,4,https://example.invalid/demo/02052,2026-06-25,2026-07-20
DEMO-01815,demo,venta,departamento,Depto 3D 2B en Los Ángeles,2818.0,111311000,Los Ángeles,Biobío,74 m²,3,2,https://example.invalid/demo/01815,2026-07-13,2026-08-21
DEMO-00409,demo,venta,casa,Casa 4D 2B en Chiguayante,6977.0,275591500,Chiguayante,Concepción,136 m²,4,2,https://example.invalid/demo/00409,2026-07-18,2026-09-01
DEMO-02327,demo,venta,departamento,Depto 3D 2B en San Pedro de la Paz,0,0,San Pedro de la Paz,Concepción,,3,2,https://example.invalid/demo/02327,2026-05-12,2026-05-13
DEMO-02255,demo,venta,casa,Casa 6D 4B en San Pedro de la Paz,11109.0,438805500,San Pedro de la Paz,Concepción,217 m²,6,4,https://example.invalid/demo/02255,2026-07-08,2026-07-31
DEMO-02346,demo,venta,departamento,Depto 2D 1B en San Pedro de la Paz,2639.0,104240500,San Pedro de la Paz,Concepción,46 m²,2,1,https://example.invalid/demo/02346,2026-06-21,2026-08-16
DEMO-02474,demo,venta,departamento,Depto 3D 2B en San Pedro de la Paz,5663.0,223688500,San Pedro de la Paz,Concepción,97 m²,3,2,https://example.invalid/demo/02474,2026-06-30,2026-08-15
DEMO-00227,demo,venta,casa,Casa 4D 2B en Chiguayante,4199.0,165860500,Chiguayante,Concepción,148 m²,4,2,https://example.invalid/demo/00227,2026-07-17,2026-07-19
DEMO-01903,demo,venta,casa,Casa 3D 2B en Penco,3970.0,156815000,Penco,Concepción,120 m²,3,2,https://example.invalid/demo/01903,2026-08-31,2026-09-01
DEMO-02479,demo,venta,departamento,Depto 4D 2B en San Pedro de la Paz,7117.0,281121500,San Pedro de la Paz,Concepción,121 m²,4,2,https://example.invalid/demo/02479,2026-08-19,2026-09-01
DEMO-01291,demo,venta,casa,Casa 4D 2B en Coronel,6268.0,247586000,Coronel,Concepción,155 m²,4,2,https://example.invalid/demo/01291,2026-06-17,2026-07-29
DEMO-00377,demo,venta,casa,Casa 5D 3B en Chiguayante,4163.0,164438500,Chiguayante,Concepción,162 m²,5,3,https://example.invalid/demo/00377,2026-07-13,2026-09-01
DEMO-01039,demo,venta,departamento,Depto 2D 1B en Concepción,3060.0,120870000,Concepción,Concepción,50 m²,2,1,https://example.invalid/demo/01039,2026-08-09,2026-09-01
DEMO-00137,demo,venta,casa,Casa 4D 2B en Chiguayante,4227.0,166966500,Chiguayante,Concepción,123 m²,4,2,https://example.invalid/demo/00137,2026-06-13,2026-08-08
DEMO-03098,demo,venta,casa,Casa 2D 1B en Tomé,3595.0,142002500,Tomé,Concepción,78 m²,2,1,https://example.invalid/demo/03098,2026-07-14,2026-09-01
DEMO-02658,demo,venta,casa,Casa 6D 4B en Talcahuano,6059.0,239330500,Talcahuano,Concepción,,6,4,https://example.invalid/demo/02658,2026-06-28,2026-08-25
DEMO-00237,demo,venta,casa,Casa 3D 2B en Chiguayante,2992.0,118184000,Chiguayante,Concepción,102 m²,3,2,https://example.invalid/demo/00237,2026-06-12,2026-07-27
DEMO-01864,demo,venta,departamento,Depto 2D 1B en Los Ángeles,1600.0,63200000,Los Ángeles,Biobío,42 m²,2,1,https://example.invalid/demo/01864,2026-07-22,2026-08-05
DEMO-01329,demo,venta,casa,Casa 4D 2B en Hualpén,4532.0,179014000,Hualpén,Concepción,136 m²,4,2,https://example.invalid/demo/01329,2026-05-20,2026-05-27
DEMO-01221,demo,venta,departamento,Depto 3D 2B en Concepción,6567.0,259396500,Concepción,Concepción,94 m²,3,2,https://example.invalid/demo/01221,2026-07-12,2026-08-28
DEMO-02038,demo,venta,casa,Casa 4D 2B en San Pedro de la Paz,6691.0,264294500,San Pedro de la Paz,Concepción,146 m²,4,2,https://example.invalid/demo/02038,2026-08-16,2026-09-01
DEMO-02117,demo,venta,casa,Casa 5D 3B en San Pedro de la Paz,5968.0,235736000,San Pedro de la Paz,Concepción,163 m²,5,3,https://example.invalid/demo/02117,2026-08-15,2026-09-01
DEMO-03095,demo,venta,casa,Casa 4D 2B en Tomé,3650.0,144175000,Tomé,Concepción,150 m²,4,2,https://example.invalid/demo/03095,2026-07-03,2026-08-02
DEMO-00983,demo,venta,departamento,Depto 2D 1B en Concepción,4083.0,161278500,Concepción,Concepción,51 m²,2,1,https://example.invalid/demo/00983,2026-07-11,2026-08-31
DEMO-02852,demo,venta,departamento,Depto 2D 1B en Talcahuano,2374.0,93773000,Talcahuano,Concepción,45 m²,2,1,https://example.invalid/demo/02852,2026-06-19,2026-07-05
DEMO-02298,demo,venta,departamento,Depto 2D 1B en San Pedro de la Paz,3086.0,121897000,San Pedro de la Paz,Concepción,59 m²,2,1,https://example.invalid/demo/02298,2026-07-08,2026-08-11
DEMO-00128,demo,venta,casa,Casa 6D 4B en Chiguayante,12915.0,510142500,Chiguayante,Concepción,262 m²,6,4,https://example.invalid/demo/00128,2026-08-17,2026-08-23
DEMO-00030,demo,venta,casa,Casa 4D 2B en Cañete,2178.0,86031000,Cañete,Arauco,134 m²,4,2,https://example.invalid/demo/00030,2026-05-20,2026-06-15
DEMO-00102,demo,venta,casa,Casa 4D 2B en Chiguayante,4795.0,189402500,Chiguayante,Concepción,,4,2,https://example.invalid/demo/00102,2026-08-14,2026-09-01
DEMO-01956,demo,venta,departamento,Depto 1D 1B en Penco,1307.0,51626500,Penco,Concepción,41 m²,1,1,https://example.invalid/demo/01956,2026-07-10,2026-08-27
DEMO-02391,demo,venta,departamento,Depto 2D 1B en San Pedro de la Paz,4926.0,194577000,San Pedro de la Paz,Concepción,66 m²,2,1,https://example.invalid/demo/02391,2026-07-01,2026-07-13
DEMO-02806,demo,venta,departamento,Depto 3D 2B en Talcahuano,4115.0,162542500,Talcahuano,Concepción,90 m²,3,2,https://example.invalid/demo/02806,2026-08-03,2026-09-01
DEMO-02978,demo,venta,casa,Casa 6D 4B en Tomé,5073.0,200383500,Tomé,Concepción,245 m²,6,4,https://example.invalid/demo/02978,2026-07-22,2026-09-01
DEMO-01758,demo,venta,departamento,Depto 5D 3B en Los Ángeles,5737.0,226611500,Los Ángeles,Biobío,127 m²,5,3,https://example.invalid/demo/01758,2026-08-28,2026-09-01
DEMO-01393,demo,venta,casa,Casa 6D 4B en Hualpén,10815.0,427192500,Hualpén,Concepción,,6,4,https://example.invalid/demo/01393,2026-08-03,2026-09-01
DEMO-00080,demo,venta,casa,Casa 2D 1B en Chiguayante,3119.0,123200500,Chiguayante,Concepción,80 m²,2,1,https://example.invalid/demo/00080,2026-07-03,2026-08-14
DEMO-02178,demo,venta,casa,Casa 4D 2B en San Pedro de la Paz,4490.0,177355000,San Pedro de la Paz,Concepción,141 m²,4,2,https://example.invalid/demo/02178,2026-06-07,2026-07-05
DEMO-00166,demo,venta,casa,Casa 5D 3B en Chiguayante,6408.0,253116000,Chiguayante,Concepción,178 m²,5,3,https://example.invalid/demo/00166,2026-05-19,2026-06-18
DEMO-02684,demo,venta,casa,Casa 3D 2B en Talcahuano,2638.0,104201000,Talcahuano,Concepción,104 m²,3,2,https://example.invalid/demo/02684,2026-05-04,2026-06-02
DEMO-00972,demo,venta,departamento,Depto 4D 2B en Concepción,5164.0,203978000,Concepción,Concepción,100 m²,4,2,https://example.invalid/demo/00972,2026-06-30,2026-08-07
DEMO-00734,demo,venta,casa,Casa 5D 3B en Concepción,0,0,Concepción,Concepción,174 m²,5,3,https://example.invalid/demo/00734,2026-07-24,2026-07-27
DEMO-02732,demo,venta,casa,Casa 6D 4B en Talcahuano,5184.0,204768000,Talcahuano,Concepción,,6,4,https://example.invalid/demo/02732,2026-07-05,2026-08-24
DEMO-01823,demo,venta,departamento,Depto 2D 1B en Los Ángeles,2037.0,80461500,Los Ángeles,Biobío,,2,1,https://example.invalid/demo/01823,2026-06-04,2026-06-14
DEMO-03013,demo,venta,casa,Casa 6D 4B en Tomé,9192.0,363084000,Tomé,Concepción,,6,4,https://example.invalid/demo/03013,2026-07-21,2026-07-31
DEMO-02825,demo,venta,departamento,Depto 3D 2B en Talcahuano,3238.0,127901000,Talcahuano,Concepción,90 m²,3,2,https://example.invalid/demo/02825,2026-07-01,2026-08-16
DEMO-02317,demo,venta,departamento,Depto 3D 2B en San Pedro de la Paz,3865.0,152667500,San Pedro de la Paz,Concepción,,3,2,https://example.invalid/demo/02317,2026-05-21,2026-06-22
DEMO-00513,demo,venta,departamento,Depto 2D 1B en Chiguayante,3486.0,137697000,Chiguayante,Concepción,65 m²,2,1,https://example.invalid/demo/00513,2026-08-03,2026-09-01
DEMO-02700,demo,venta,casa,Casa 3D 2B en Talcahuano,0,0,Talcahuano,Concepción,120 m²,3,2,https://example.invalid/demo/02700,2026-06-25,2026-08-03
DEMO-02649,demo,venta,casa,Casa 6D 4B en Talcahuano,11505.0,454447500,Talcahuano,Concepción,277 m²,6,4,https://example.invalid/demo/02649,2026-06-17,2026-07-20
DEMO-00781,demo,venta,casa,Casa 4D 2B en Concepción,7302.0,288429000,Concepción,Concepción,143 m²,4,2,https://example.invalid/demo/00781,2026-06-04,2026-07-09
DEMO-02028,demo,venta,casa,Casa 4D 2B en San Pedro de la Paz,9137.0,360911500,San Pedro de la Paz,Concepción,131 m²,4,2,https://example.invalid/demo/02028,2026-06-13,2026-07-19
DEMO-00552,demo,venta,departamento,Depto 2D 1B en Chiguayante,3383.0,133628500,Chiguayante,Concepción,61 m²,2,1,https://example.invalid/demo/00552,2026-08-16,2026-09-01
DEMO-01207,demo,venta,departamento,Depto 3D 2B en Concepción,5374.0,212273000,Concepción,Concepción,81 m²,3,2,https://example.invalid/demo/01207,2026-05-08,2026-05-22
DEMO-01619,demo,venta,casa,Casa 5D 3B en Los Ángeles,6436.0,254222000,Los Ángeles,Biobío,188 m²,5,3,https://example.invalid/demo/01619,2026-08-16,2026-09-01
DEMO-01155,demo,venta,departamento,Depto 4D 2B en Concepción,6841.0,270219500,Concepción,Concepción,105 m²,4,2,https://example.invalid/demo/01155,2026-08-09,2026-09-01
DEMO-03062,demo,venta,casa,Casa 3D 2B en Tomé,2605.0,102897500,Tomé,Concepción,99 m²,3,2,https://example.invalid/demo/03062,2026-08-16,2026-09-01
DEMO-00676,demo,venta,departamento,Depto 3D 2B en Chiguayante,3724.0,147098000,Chiguayante,Concepción,93 m²,3,2,https://example.invalid/demo/00676,2026-07-19,2026-07-27
DEMO-02745,demo,venta,departamento,Depto 2D 1B en Talcahuano,2072.0,81844000,Talcahuano,Concepción,52 m²,2,1,https://example.invalid/demo/02745,2026-06-03,2026-07-06
DEMO-01106,demo,venta,departamento,Depto 2D 1B en Concepción,3906.0,154287000,Concepción,Concepción,,2,1,https://example.invalid/demo/01106,2026-06-02,2026-07-30
DEMO-02136,demo,venta,casa,Casa 6D 4B en San Pedro de la Paz,6751.0,266664500,San Pedro de la Paz,Concepción,,6,4,https://example.invalid/demo/02136,2026-06-05,2026-06-08
DEMO-00158,demo,venta,casa,Casa 4D 2B en Chiguayante,7335.0,289732500,Chiguayante,Concepción,147 m²,4,2,https://example.invalid/demo/00158,2026-05-23,2026-05-26
DEMO-02593,demo,venta,casa,Casa 5D 3B en Talcahuano,6018.0,237711000,Talcahuano,Concepción,171 m²,5,3,https://example.invalid/demo/02593,2026-07-16,2026-09-01
DEMO-00560,demo,venta,departamento,Depto 2D 1B en Chiguayante,2939.0,116090500,Chiguayante,Concepción,63 m²,2,1,https://example.invalid/demo/00560,2026-06-15,2026-08-04
DEMO-02279,demo,venta,departamento,Depto 4D 2B en San Pedro de la Paz,7563.0,298738500,San Pedro de la Paz,Concepción,114 m²,4,2,https://example.invalid/demo/02279,2026-05-22,2026-06-06
DEMO-01135,demo,venta,departamento,Depto 3D 2B en Concepción,6085.0,240357500,Concepción,Concepción,83 m²,3,2,https://example.invalid/demo/01135,2026-08-20,2026-09-01
DEMO-01177,demo,venta,departamento,Depto 2D 1B en Concepción,4560.0,180120000,Concepción,Concepción,59 m²,2,1,https://example.invalid/demo/01177,2026-05-20,2026-07-08
DEMO-01504,demo,venta,casa,Casa 3D 2B en Hualqui,2834.0,111943000,Hualqui,Concepción,,3,2,https://example.invalid/demo/01504,2026-07-02,2026-08-07
DEMO-01294,demo,venta,casa,Casa 6D 4B en Coronel,6258.0,247191000,Coronel,Concepción,200 m²,6,4,https://example.invalid/demo/01294,2026-06-12,2026-07-09
DEMO-02529,demo,venta,departamento,Depto 3D 2B en San Pedro de la Paz,4602.0,181779000,San Pedro de la Paz,Concepción,71 m²,3,2,https://example.invalid/demo/02529,2026-06-18,2026-07-13
DEMO-02228,demo,venta,casa,Casa 4D 2B en San Pedro de la Paz,8137.0,321411500,San Pedro de la Paz,Concepción,155 m²,4,2,https://example.invalid/demo/02228,2026-06-07,2026-06-30
DEMO-00582,demo,venta,departamento,Depto 2D 1B en Chiguayante,1936.0,76472000,Chiguayante,Concepción,51 m²,2,1,https://example.invalid/demo/00582,2026-08-01,2026-09-01
DEMO-02234,demo,venta,casa,Casa 6D 4B en San Pedro de la Paz,9637.0,380661500,San Pedro de la Paz,Concepción,,6,4,https://example.invalid/demo/02234,2026-06-30,2026-08-22
DEMO-00378,demo,venta,casa,Casa 6D 4B en Chiguayante,7376.0,291352000,Chiguayante,Concepción,230 m²,6,4,https://example.invalid/demo/00378,2026-07-14,2026-09-01
DEMO-01305,demo,venta,casa,Casa 6D 4B en Florida,4233.0,167203500,Florida,Concepción,198 m²,6,4,https://example.invalid/demo/01305,2026-08-01,2026-09-01
DEMO-02296,demo,venta,departamento,Depto 2D 1B en San Pedro de la Paz,2365.0,93417500,San Pedro de la Paz,Concepción,47 m²,2,1,https://example.invalid/demo/02296,2026-07-23,2026-07-23
DEMO-02112,demo,venta,casa,Casa 3D 2B en San Pedro de la Paz,5891.0,232694500,San Pedro de la Paz,Concepción,109 m²,3,2,https://example.invalid/demo/02112,2026-07-25,2026-09-01
DEMO-02803,demo,venta,departamento,Depto 3D 2B en Talcahuano,2972.0,117394000,Talcahuano,Concepción,74 m²,3,2,https://example.invalid/demo/02803,2026-07-25,2026-08-24
DEMO-00491,demo,venta,departamento,Depto 3D 2B en Chiguayante,4594.0,181463000,Chiguayante,Concepción,79 m²,3,2,https://example.invalid/demo/00491,2026-08-27,2026-09-01
DEMO-00965,demo,venta,departamento,Depto 3D 2B en Concepción,4757.0,187901500,Concepción,Concepción,,3,2,https://example.invalid/demo/00965,2026-08-27,2026-09-01
DEMO-01225,demo,venta,departamento,Depto 2D 1B en Concepción,5394.0,213063000,Concepción,Concepción,52 m²,2,1,https://example.invalid/demo/01225,2026-07-24,2026-09-01
DEMO-02411,demo,venta,departamento,Depto 2D 1B en San Pedro de la Paz,3592.0,141884000,San Pedro de la Paz,Concepción,,2,1,https://example.invalid/demo/02411,2026-08-25,2026-09-01
DEMO-02053,demo,venta,casa,Casa 4D 2B en San Pedro de la Paz,3080.0,121660000,San Pedro de la Paz,Concepción,126 m²,4,2,https://example.invalid/demo/02053,2026-05-05,2026-06-14
DEMO-02486,demo,venta,departamento,Depto 3D 2B en San Pedro de la Paz,4768.0,188336000,San Pedro de la Paz,Concepción,74 m²,3,2,https://example.invalid/demo/02486,2026-08-03,2026-09-01
DEMO-03019,demo,venta,casa,Casa 5D 3B en Tomé,4042.0,159659000,Tomé,Concepción,165 m²,5,3,https://example.invalid/demo/03019,2026-07-26,2026-07-30
DEMO-02170,demo,venta,casa,Casa 5D 3B en San Pedro de la Paz,9143.0,361148500,San Pedro de la Paz,Concepción,176 m²,5,3,https://example.invalid/demo/02170,2026-05-24,2026-06-16
DEMO-02595,demo,venta,casa,Casa 3D 2B en Talcahuano,4541.0,179369500,Talcahuano,Concepción,106 m²,3,2,https://example.invalid/demo/02595,2026-06-20,2026-07-13
DEMO-02068,demo,venta,casa,Casa 4D 2B en San Pedro de la Paz,4889.0,193115500,San Pedro de la Paz,Concepción,131 m²,4,2,https://example.invalid/demo/02068,2026-08-30,2026-09-01
DEMO-02889,demo,venta,casa,Casa 4D 2B en Tomé,4841.0,191219500,Tomé,Concepción,150 m²,4,2,https://example.invalid/demo/02889,2026-06-29,2026-08-04
DEMO-01052,demo,venta,departamento,Depto 3D 2B en Concepción,3696.0,145992000,Concepción,Concepción,,3,2,https://example.invalid/demo/01052,2026-06-06,2026-06-12
DEMO-02194,demo,venta,casa,Casa 6D 4B en San Pedro de la Paz,11331.0,447574500,San Pedro de la Paz,Concepción,272 m²,6,4,https://example.invalid/demo/02194,2026-07-13,2026-08-02
DEMO-01238,demo,venta,casa,Casa 4D 2B en Coronel,2384.0,94168000,Coronel,Concepción,129 m²,4,2,https://example.invalid/demo/01238,2026-05-22,2026-07-21
DEMO-03000,demo,venta,casa,Casa 6D 4B en Tomé,5663.0,223688500,Tomé,Concepción,,6,4,https://example.invalid/demo/03000,2026-08-29,2026-09-01
DEMO-01306,demo,venta,casa,Casa 5D 3B en Florida,2608.0,103016000,Florida,Concepción,188 m²,5,3,https://example.invalid/demo/01306,2026-07-20,2026-08-13
DEMO-00599,demo,venta,departamento,Depto 3D 2B en Chiguayante,3888.0,153576000,Chiguayante,Concepción,87 m²,3,2,https://example.invalid/demo/00599,2026-05-28,2026-07-25
DEMO-01656,demo,venta,casa,Casa 4D 2B en Los Ángeles,3944.0,155788000,Los Ángeles,Biobío,157 m²,4,2,https://example.invalid/demo/01656,2026-07-16,2026-08-11
DEMO-00916,demo,venta,casa,Casa 6D 4B en Concepción,14919.0,589300500,Concepción,Concepción,298 m²,6,4,https://example.invalid/demo/00916,2026-08-17,2026-09-01
DEMO-00285,demo,venta,casa,Casa 5D 3B en Chiguayante,6838.0,270101000,Chiguayante,Concepción,190 m²,5,3,https://example.invalid/demo/00285,2026-05-10,2026-07-08
DEMO-02851,demo,venta,departamento,Depto 3D 2B en Talcahuano,4414.0,174353000,Talcahuano,Concepción,92 m²,3,2,https://example.invalid/demo/02851,2026-08-06,2026-09-01
DEMO-01036,demo,venta,departamento,Depto 4D 2B en Concepción,7965.0,314617500,Concepción,Concepción,108 m²,4,2,https://example.invalid/demo/01036,2026-06-21,2026-07-14
DEMO-01231,demo,venta,casa,Casa 6D 4B en Coronel,5865.0,231667500,Coronel,Concepción,263 m²,6,4,https://example.invalid/demo/01231,2026-08-28,2026-09-01
DEMO-01228,demo,venta,departamento,Depto 3D 2B en Concepción,5659.0,223530500,Concepción,Concepción,,3,2,https://example.invalid/demo/01228,2026-08-06,2026-08-27
DEMO-01904,demo,venta,casa,Casa 3D 2B en Penco,2848.0,112496000,Penco,Concepción,92 m²,3,2,https://example.invalid/demo/01904,2026-08-24,2026-09-01
DEMO-01550,demo,venta,casa,Casa 6D 4B en Los Ángeles,7947.0,313906500,Los Ángeles,Biobío,244 m²,6,4,https://example.invalid/demo/01550,2026-07-26,2026-08-31
DEMO-01921,demo,venta,casa,Casa 6D 4B en Penco,7765.0,306717500,Penco,Concepción,208 m²,6,4,https://example.invalid/demo/01921,2026-08-03,2026-09-01
DEMO-02414,demo,venta,departamento,Depto 3D 2B en San Pedro de la Paz,4552.0,179804000,San Pedro de la Paz,Concepción,92 m²,3,2,https://example.invalid/demo/02414,2026-08-08,2026-09-01
DEMO-00517,demo,venta,departamento,Depto 1D 1B en Chiguayante,1880.0,74260000,Chiguayante,Concepción,38 m²,1,1,https://example.invalid/demo/00517,2026-05-08,2026-05-18
DEMO-02193,demo,venta,casa,Casa 3D 2B en San Pedro de la Paz,6204.0,245058000,San Pedro de la Paz,Concepción,,3,2,https://example.invalid/demo/02193,2026-06-11,2026-06-25
DEMO-02986,demo,venta,casa,Casa 6D 4B en Tomé,3793.0,149823500,Tomé,Concepción,,6,4,https://example.invalid/demo/02986,2026-06-11,2026-07-12
DEMO-01043,demo,venta,departamento,Depto 2D 1B en Concepción,2922.0,115419000,Concepción,Concepción,60 m²,2,1,https://example.invalid/demo/01043,2026-07-27,2026-09-01
DEMO-01484,demo,venta,departamento,Depto 2D 1B en Hualpén,3616.0,142832000,Hualpén,Concepción,59 m²,2,1,https://example.invalid/demo/01484,2026-06-25,2026-08-08
DEMO-01208,demo,venta,departamento,Depto 4D 2B en Concepción,9134.0,360793000,Concepción,Concepción,104 m²,4,2,https://example.invalid/demo/01208,2026-06-16,2026-08-04
DEMO-00960,demo,venta,departamento,Depto 3D 2B en Concepción,3508.0,138566000,Concepción,Concepción,74 m²,3,2,https://example.invalid/demo/00960,2026-05-13,2026-05-29
DEMO-00099,demo,venta,casa,Casa 4D 2B en Chiguayante,5939.0,234590500,Chiguayante,Concepción,143 m²,4,2,https://example.invalid/demo/00099,2026-06-14,2026-07-28
DEMO-02008,demo,venta,casa,Casa 4D 2B en San Pedro de la Paz,6062.0,239449000,San Pedro de la Paz,Concepción,125 m²,4,2,https://example.invalid/demo/02008,2026-07-11,2026-09-01
DEMO-02898,demo,venta,casa,Casa 3D 2B en Tomé,2976.0,117552000,Tomé,Concepción,94 m²,3,2,https://example.invalid/demo/02898,2026-08-31,2026-09-01
DEMO-02489,demo,venta,departamento,Depto 2D 1B en San Pedro de la Paz,3596.0,142042000,San Pedro de la Paz,Concepción,60 m²,2,1,https://example.invalid/demo/02489,2026-05-09,2026-06-21
DEMO-00401,demo,venta,casa,Casa 2D 1B en Chiguayante,2791.0,110244500,Chiguayante,Concepción,76 m²,2,1,https://example.invalid/demo/00401,2026-07-03,2026-08-25
DEMO-00314,demo,venta,casa,Casa 3D 2B en Chiguayante,3383.0,133628500,Chiguayante,Concepción,,3,2,https://example.invalid/demo/00314,2026-05-28,2026-06-07
DEMO-00221,demo,venta,casa,Casa 4D 2B en Chiguayante,7194.0,284163000,Chiguayante,Concepción,148 m²,4,2,https://example.invalid/demo/00221,2026-08-20,2026-09-01
DEMO-02617,demo,venta,casa,Casa 6D 4B en Talcahuano,6658.0,262991000,Talcahuano,Concepción,204 m²,6,4,https://example.invalid/demo/02617,2026-08-11,2026-09-01
DEMO-01611,demo,venta,casa,Casa 4D 2B en Los Ángeles,4278.0,168981000,Los Ángeles,Biobío,138 m²,4,2,https://example.invalid/demo/01611,2026-06-01,2026-06-25
DEMO-01443,demo,venta,departamento,Depto 3D 2B en Hualpén,4427.0,174866500,Hualpén,Concepción,90 m²,3,2,https://example.invalid/demo/01443,2026-08-12,2026-09-01
DEMO-02217,demo,venta,casa,Casa 5D 3B en San Pedro de la Paz,9981.0,394249500,San Pedro de la Paz,Concepción,,5,3,https://example.invalid/demo/02217,2026-08-28,2026-09-01
DEMO-00612,demo,venta,departamento,Depto 2D 1B en Chiguayante,3076.0,121502000,Chiguayante,Concepción,,2,1,https://example.invalid/demo/00612,2026-07-18,2026-09-01
DEMO-02637,demo,venta,casa,Casa 2D 1B en Talcahuano,2059.0,81330500,Talcahuano,Concepción,70 m²,2,1,https://example.invalid/demo/02637,2026-08-31,2026-09-01
DEMO-01615,demo,venta,casa,Casa 3D 2B en Los Ángeles,4031.0,159224500,Los Ángeles,Biobío,113 m²,3,2,https://example.invalid/demo/01615,2026-08-04,2026-09-01
DEMO-02620,demo,venta,casa,Casa 4D 2B en Talcahuano,5943.0,234748500,Talcahuano,Concepción,146 m²,4,2,https://example.invalid/demo/02620,2026-08-20,2026-09-01
DEMO-02989,demo,venta,casa,Casa 5D 3B en Tomé,5975.0,236012500,Tomé,Concepción,181 m²,5,3,https://example.invalid/demo/02989,2026-06-21,2026-06-22
DEMO-02272,demo,venta,departamento,Depto 2D 1B en San Pedro de la Paz,2796.0,110442000,San Pedro de la Paz,Concepción,,2,1,https://example.invalid/demo/02272,2026-05-24,2026-06-17
DEMO-01051,demo,venta,departamento,Depto 4D 2B en Concepción,5051.0,199514500,Concepción,Concepción,103 m²,4,2,https://example.invalid/demo/01051,2026-06-07,2026-07-08
DEMO-01537,demo,venta,casa,Casa 4D 2B en Los Ángeles,4346.0,171667000,Los Ángeles,Biobío,140 m²,4,2,https://example.invalid/demo/01537,2026-06-17,2026-06-22
DEMO-01571,demo,venta,casa,Casa 5D 3B en Los Ángeles,5229.0,206545500,Los Ángeles,Biobío,162 m²,5,3,https://example.invalid/demo/01571,2026-07-30,2026-09-01
DEMO-00985,demo,venta,departamento,Depto 2D 1B en Concepción,3241.0,128019500,Concepción,Concepción,55 m²,2,1,https://example.invalid/demo/00985,2026-05-09,2026-05-31
DEMO-00990,demo,venta,departamento,Depto 4D 2B en Concepción,7013.0,277013500,Concepción,Concepción,115 m²,4,2,https://example.invalid/demo/00990,2026-08-19,2026-08-25
DEMO-01567,demo,venta,casa,Casa 5D 3B en Los Ángeles,4663.0,184188500,Los Ángeles,Biobío,192 m²,5,3,https://example.invalid/demo/01567,2026-06-25,2026-08-11
DEMO-01309,demo,venta,casa,Casa 3D 2B en Florida,2188.0,86426000,Florida,Concepción,,3,2,https://example.invalid/demo/01309,2026-06-09,2026-07-19
DEMO-01019,demo,venta,departamento,Depto 3D 2B en Concepción,3614.0,142753000,Concepción,Concepción,78 m²,3,2,https://example.invalid/demo/01019,2026-06-01,2026-06-05
DEMO-01989,demo,arriendo,casa,Casa 3D 2B en San Pedro de la Paz,17.8,703100,San Pedro de la Paz,Concepción,109 m²,3,2,https://example.invalid/demo/01989,2026-06-15,2026-07-05
DEMO-01337,demo,venta,casa,Casa 6D 4B en Hualpén,5668.0,223886000,Hualpén,Concepción,194 m²,6,4,https://example.invalid/demo/01337,2026-06-12,2026-07-02
DEMO-00411,demo,venta,casa,Casa 4D 2B en Chiguayante,4853.0,191693500,Chiguayante,Concepción,,4,2,https://example.invalid/demo/00411,2026-08-27,2026-09-01
DEMO-02903,demo,venta,casa,Casa 5D 3B en Tomé,3281.0,129599500,Tomé,Concepción,159 m²,5,3,https://example.invalid/demo/02903,2026-07-21,2026-09-01
DEMO-01676,demo,venta,casa,Casa 6D 4B en Los Ángeles,8029.0,317145500,Los Ángeles,Biobío,233 m²,6,4,https://example.invalid/demo/01676,2026-07-19,2026-09-01
DEMO-00570,demo,venta,departamento,Depto 2D 1B en Chiguayante,2261.0,89309500,Chiguayante,Concepción,55 m²,2,1,https://example.invalid/demo/00570,2026-05-17,2026-07-01
DEMO-00975,demo,venta,departamento,Depto 2D 1B en Concepción,3247.0,128256500,Concepción,Concepción,67 m²,2,1,https://example.invalid/demo/00975,2026-05-30,2026-07-29
DEMO-02312,demo,venta,departamento,Depto 3D 2B en San Pedro de la Paz,5005.0,197697500,San Pedro de la Paz,Concepción,79 m²,3,2,https://example.invalid/demo/02312,2026-08-09,2026-09-01
DEMO-01031,demo,venta,departamento,Depto 4D 2B en Concepción,7363.0,290838500,Concepción,Concepción,,4,2,https://example.invalid/demo/01031,2026-06-08,2026-07-25
DEMO-01643,demo,venta,casa,Casa 3D 2B en Los Ángeles,3062.0,120949000,Los Ángeles,Biobío,99 m²,3,2,https://example.invalid/demo/01643,2026-06-07,2026-06-28
DEMO-00964,demo,venta,departamento,Depto 1D 1B en Concepción,2630.0,103885000,Concepción,Concepción,,1,1,https://example.invalid/demo/00964,2026-06-07,2026-06-19
DEMO-02072,demo,venta,casa,Casa 4D 2B en San Pedro de la Paz,6540.0,258330000,San Pedro de la Paz,Concepción,139 m²,4,2,https://example.invalid/demo/02072,2026-08-24,2026-09-01
DEMO-02050,demo,venta,casa,Casa 4D 2B en San Pedro de la Paz,6812.0,269074000,San Pedro de la Paz,Concepción,135 m²,4,2,https://example.invalid/demo/02050,2026-08-03,2026-09-01
DEMO-00447,demo,venta,departamento,Depto 3D 2B en Chiguayante,3446.0,136117000,Chiguayante,Concepción,74 m²,3,2,https://example.invalid/demo/00447,2026-08-04,2026-08-10
DEMO-01204,demo,venta,departamento,Depto 4D 2B en Concepción,9168.0,362136000,Concepción,Concepción,,4,2,https://example.invalid/demo/01204,2026-05-15,2026-07-10
DEMO-02171,demo,venta,casa,Casa 4D 2B en San Pedro de la Paz,4591.0,181344500,San Pedro de la Paz,Concepción,124 m²,4,2,https://example.invalid/demo/02171,2026-07-25,2026-09-01
DEMO-01120,demo,venta,departamento,Depto 2D 1B en Concepción,3857.0,152351500,Concepción,Concepción,70 m²,2,1,https://example.invalid/demo/01120,2026-06-08,2026-06-10
DEMO-02440,demo,venta,departamento,Depto 2D 1B en San Pedro de la Paz,4041.0,159619500,San Pedro de la Paz,Concepción,64 m²,2,1,https://example.invalid/demo/02440,2026-06-13,2026-06-15
DEMO-03049,demo,venta,casa,Casa 3D 2B en Tomé,2928.0,115656000,Tomé,Concepción,103 m²,3,2,https://example.invalid/demo/03049,2026-06-07,2026-06-28
DEMO-00529,demo,venta,departamento,Depto 2D 1B en Chiguayante,4483.0,177078500,Chiguayante,Concepción,63 m²,2,1,https://example.invalid/demo/00529,2026-07-31,2026-08-10
DEMO-00452,demo,venta,departamento,Depto 3D 2B en Chiguayante,5914.0,233603000,Chiguayante,Concepción,93 m²,3,2,https://example.invalid/demo/00452,2026-06-12,2026-07-25
DEMO-00351,demo,venta,casa,Casa 4D 2B en Chiguayante,6405.0,252997500,Chiguayante,Concepción,133 m²,4,2,https://example.invalid/demo/00351,2026-06-21,2026-08-10
DEMO-00121,demo,venta,casa,Casa 3D 2B en Chiguayante,4769.0,188375500,Chiguayante,Concepción,119 m²,3,2,https://example.invalid/demo/00121,2026-05-29,2026-07-16
DEMO-00510,demo,venta,departamento,Depto 2D 1B en Chiguayante,3359.0,132680500,Chiguayante,Concepción,61 m²,2,1,https://example.invalid/demo/00510,2026-07-28,2026-08-27
DEMO-03106,demo,venta,departamento,Depto 3D 2B en Tomé,3309.0,130705500,Tomé,Concepción,86 m²,3,2,https://example.invalid/demo/03106,2026-08-20,2026-09-01
DEMO-03102,demo,venta,casa,Casa 4D 2B en Tomé,4033.0,159303500,Tomé,Concepción,132 m²,4,2,https://example.invalid/demo/03102,2026-08-02,2026-09-01
DEMO-02455,demo,venta,departamento,Depto 3D 2B en San Pedro de la Paz,4419.0,174550500,San Pedro de la Paz,Concepción,73 m²,3,2,https://example.invalid/demo/02455,2026-07-28,2026-09-01
DEMO-02698,demo,venta,casa,Casa 4D 2B en Talcahuano,4050.0,159975000,Talcahuano,Concepción,148 m²,4,2,https://example.invalid/demo/02698,2026-08-17,2026-09-01
DEMO-00483,demo,venta,departamento,Depto 2D 1B en Chiguayante,0,0,Chiguayante,Concepción,61 m²,2,1,https://example.invalid/demo/00483,2026-05-30,2026-06-15
DEMO-00362,demo,venta,casa,Casa 6D 4B en Chiguayante,11470.0,453065000,Chiguayante,Concepción,275 m²,6,4,https://example.invalid/demo/00362,2026-05-24,2026-07-04
DEMO-00718,demo,venta,casa,Casa 3D 2B en Concepción,4559.0,180080500,Concepción,Concepción,91 m²,3,2,https://example.invalid/demo/00718,2026-07-04,2026-08-13
DEMO-02988,demo,venta,casa,Casa 4D 2B en Tomé,4002.0,158079000,Tomé,Concepción,144 m²,4,2,https://example.invalid/demo/02988,2026-06-23,2026-07-29
DEMO-00986,demo,venta,departamento,Depto 2D 1B en Concepción,4005.0,158197500,Concepción,Concepción,58 m²,2,1,https://example.invalid/demo/00986,2026-06-07,2026-06-24
DEMO-00873,demo,venta,casa,Casa 3D 2B en Concepción,4476.0,176802000,Concepción,Concepción,105 m²,3,2,https://example.invalid/demo/00873,2026-08-24,2026-09-01
DEMO-00216,demo,venta,casa,Casa 4D 2B en Chiguayante,4893.0,193273500,Chiguayante,Concepción,124 m²,4,2,https://example.invalid/demo/00216,2026-06-27,2026-07-11
DEMO-01420,demo,venta,departamento,Depto 2D 1B en Hualpén,2163.0,85438500,Hualpén,Concepción,61 m²,2,1,https://example.invalid/demo/01420,2026-05-19,2026-07-07
DEMO-00654,demo,venta,departamento,Depto 3D 2B en Chiguayante,3349.0,132285500,Chiguayante,Concepción,,3,2,https://example.invalid/demo/00654,2026-08-03,2026-09-01
DEMO-01476,demo,venta,departamento,Depto 2D 1B en Hualpén,2424.0,95748000,Hualpén,Concepción,55 m²,2,1,https://example.invalid/demo/01476,2026-05-14,2026-06-20
DEMO-02149,demo,venta,casa,Casa 2D 1B en San Pedro de la Paz,3371.0,133154500,San Pedro de la Paz,Concepción,72 m²,2,1,https://example.invalid/demo/02149,2026-05-05,2026-06-13
DEMO-01650,demo,venta,casa,Casa 6D 4B en Los Ángeles,8060.0,318370000,Los Ángeles,Biobío,213 m²,6,4,https://example.invalid/demo/01650,2026-06-28,2026-08-21
DEMO-00528,demo,venta,departamento,Depto 2D 1B en Chiguayante,2344.0,92588000,Chiguayante,Concepción,,2,1,https://example.invalid/demo/00528,2026-06-04,2026-07-24
DEMO-00093,demo,venta,casa,Casa 2D 1B en Chiguayante,2673.0,105583500,Chiguayante,Concepción,82 m²,2,1,https://example.invalid/demo/00093,2026-06-24,2026-06-25
DEMO-00741,demo,venta,casa,Casa 4D 2B en Concepción,7368.0,291036000,Concepción,Concepción,139 m²,4,2,https://example.invalid/demo/00741,2026-08-30,2026-09-01
DEMO-01741,demo,venta,departamento,Depto 2D 1B en Los Ángeles,2213.0,87413500,Los Ángeles,Biobío,,2,1,https://example.invalid/demo/01741,2026-05-31,2026-07-17
DEMO-01457,demo,venta,departamento,Depto 4D 2B en Hualpén,5139.0,202990500,Hualpén,Concepción,106 m²,4,2,https://example.invalid/demo/01457,2026-07-19,2026-07-24
DEMO-02260,demo,venta,casa,Casa 3D 2B en San Pedro de la Paz,5643.0,222898500,San Pedro de la Paz,Concepción,104 m²,3,2,https://example.invalid/demo/02260,2026-06-21,2026-07-16
DEMO-02609,demo,venta,casa,Casa 6D 4B en Talcahuano,10951.0,432564500,Talcahuano,Concepción,271 m²,6,4,https://example.invalid/demo/02609,2026-08-31,2026-09-01
DEMO-02336,demo,venta,departamento,Depto 2D 1B en San Pedro de la Paz,4161.0,164359500,San Pedro de la Paz,Concepción,,2,1,https://example.invalid/demo/02336,2026-05-12,2026-06-17
DEMO-01194,demo,venta,departamento,Depto 3D 2B en Concepción,4447.0,175656500,Concepción,Concepción,88 m²,3,2,https://example.invalid/demo/01194,2026-07-11,2026-09-01
DEMO-02759,demo,venta,departamento,Depto 3D 2B en Talcahuano,2005.0,79197500,Talcahuano,Concepción,79 m²,3,2,https://example.invalid/demo/02759,2026-07-11,2026-08-02
DEMO-01702,demo,venta,departamento,Depto 1D 1B en Los Ángeles,1996.0,78842000,Los Ángeles,Biobío,38 m²,1,1,https://example.invalid/demo/01702,2026-06-25,2026-07-15
DEMO-02560,demo,venta,casa,Casa 4D 2B en Santa Juana,2418.0,95511000,Santa Juana,Concepción,129 m²,4,2,https://example.invalid/demo/02560,2026-05-04,2026-05-30
DEMO-02645,demo,venta,casa,Casa 4D 2B en Talcahuano,5516.0,217882000,Talcahuano,Concepción,132 m²,4,2,https://example.invalid/demo/02645,2026-08-02,2026-08-08
DEMO-02619,demo,venta,casa,Casa 6D 4B en Talcahuano,8139.0,321490500,Talcahuano,Concepción,,6,4,https://example.invalid/demo/02619,2026-07-25,2026-08-06
DEMO-02674,demo,venta,casa,Casa 6D 4B en Talcahuano,5092.0,201134000,Talcahuano,Concepción,196 m²,6,4,https://example.invalid/demo/02674,2026-08-26,2026-09-01
DEMO-02955,demo,venta,casa,Casa 3D 2B en Tomé,3757.0,148401500,Tomé,Concepción,,3,2,https://example.invalid/demo/02955,2026-08-03,2026-09-01
DEMO-02432,demo,venta,departamento,Depto 2D 1B en San Pedro de la Paz,2036.0,80422000,San Pedro de la Paz,Concepción,43 m²,2,1,https://example.invalid/demo/02432,2026-07-13,2026-08-02
DEMO-01672,demo,venta,casa,Casa 3D 2B en Los Ángeles,2966.0,117157000,Los Ángeles,Biobío,95 m²,3,2,https://example.invalid/demo/01672,2026-08-17,2026-09-01
DEMO-00023,demo,venta,casa,Casa 4D 2B en Cabrero,2323.0,91758500,Cabrero,Biobío,135 m²,4,2,https://example.invalid/demo/00023,2026-05-05,2026-06-23
DEMO-00183,demo,venta,casa,Casa 6D 4B en Chiguayante,12124.0,478898000,Chiguayante,Concepción,205 m²,6,4,https://example.invalid/demo/00183,2026-05-05,2026-06-17
DEMO-02218,demo,venta,casa,Casa 3D 2B en San Pedro de la Paz,5355.0,211522500,San Pedro de la Paz,Concepción,122 m²,3,2,https://example.invalid/demo/02218,2026-05-29,2026-06-17
DEMO-02337,demo,venta,departamento,Depto 4D 2B en San Pedro de la Paz,5244.0,207138000,San Pedro de la Paz,Concepción,117 m²,4,2,https://example.invalid/demo/02337,2026-08-31,2026-09-01
DEMO-02468,demo,venta,departamento,Depto 3D 2B en San Pedro de la Paz,4546.0,179567000,San Pedro de la Paz,Concepción,85 m²,3,2,https://example.invalid/demo/02468,2026-06-29,2026-08-01
DEMO-02101,demo,venta,casa,Casa 4D 2B en San Pedro de la Paz,7495.0,296052500,San Pedro de la Paz,Concepción,147 m²,4,2,https://example.invalid/demo/02101,2026-07-01,2026-07-24
DEMO-00186,demo,venta,casa,Casa 6D 4B en Chiguayante,14200.0,560900000,Chiguayante,Concepción,270 m²,6,4,https://example.invalid/demo/00186,2026-06-11,2026-06-19
DEMO-00293,demo,venta,casa,Casa 3D 2B en Chiguayante,3816.0,150732000,Chiguayante,Concepción,107 m²,3,2,https://example.invalid/demo/00293,2026-07-05,2026-07-09
DEMO-00243,demo,venta,casa,Casa 5D 3B en Chiguayante,5679.0,224320500,Chiguayante,Concepción,170 m²,5,3,https://example.invalid/demo/00243,2026-05-20,2026-05-22
DEMO-01172,demo,venta,departamento,Depto 2D 1B en Concepción,2748.0,108546000,Concepción,Concepción,48 m²,2,1,https://example.invalid/demo/01172,2026-07-20,2026-09-01
DEMO-00568,demo,venta,departamento,Depto 4D 2B en Chiguayante,5130.0,202635000,Chiguayante,Concepción,116 m²,4,2,https://example.invalid/demo/00568,2026-07-19,2026-07-26
DEMO-00627,demo,venta,departamento,Depto 1D 1B en Chiguayante,2010.0,79395000,Chiguayante,Concepción,38 m²,1,1,https://example.invalid/demo/00627,2026-08-16,2026-09-01
DEMO-02020,demo,venta,casa,Casa 6D 4B en San Pedro de la Paz,8008.0,316316000,San Pedro de la Paz,Concepción,,6,4,https://example.invalid/demo/02020,2026-07-27,2026-08-30
DEMO-00995,demo,venta,departamento,Depto 5D 3B en Concepción,10286.0,406297000,Concepción,Concepción,132 m²,5,3,https://example.invalid/demo/00995,2026-05-05,2026-07-04
DEMO-02511,demo,venta,departamento,Depto 3D 2B en San Pedro de la Paz,3909.0,154405500,San Pedro de la Paz,Concepción,92 m²,3,2,https://example.invalid/demo/02511,2026-08-23,2026-09-01
DEMO-00968,demo,venta,departamento,Depto 4D 2B en Concepción,5059.0,199830500,Concepción,Concepción,112 m²,4,2,https://example.invalid/demo/00968,2026-05-13,2026-05-17
DEMO-02061,demo,venta,casa,Casa 3D 2B en San Pedro de la Paz,4499.0,177710500,San Pedro de la Paz,Concepción,121 m²,3,2,https://example.invalid/demo/02061,2026-07-08,2026-08-01
DEMO-01368,demo,venta,casa,Casa 5D 3B en Hualpén,4619.0,182450500,Hualpén,Concepción,,5,3,https://example.invalid/demo/01368,2026-05-29,2026-07-20
DEMO-00359,demo,venta,casa,Casa 3D 2B en Chiguayante,3698.0,146071000,Chiguayante,Concepción,95 m²,3,2,https://example.invalid/demo/00359,2026-05-10,2026-06-07
DEMO-01468,demo,venta,departamento,Depto 2D 1B en Hualpén,2522.0,99619000,Hualpén,Concepción,61 m²,2,1,https://example.invalid/demo/01468,2026-05-08,2026-06-14
DEMO-02937,demo,venta,casa,Casa 4D 2B en Tomé,3168.0,125136000,Tomé,Concepción,128 m²,4,2,https://example.invalid/demo/02937,2026-08-17,2026-08-20
DEMO-00205,demo,venta,casa,Casa 4D 2B en Chiguayante,5151.0,203464500,Chiguayante,Concepción,151 m²,4,2,https://example.invalid/demo/00205,2026-08-27,2026-09-01
DEMO-00177,demo,venta,casa,Casa 3D 2B en Chiguayante,3737.0,147611500,Chiguayante,Concepción,110 m²,3,2,https://example.invalid/demo/00177,2026-05-18,2026-05-21
DEMO-00897,demo,venta,casa,Casa 2D 1B en Concepción,8939.0,353090500,Concepción,Concepción,85 m²,2,1,https://example.invalid/demo/00897,2026-07-14,2026-08-14
DEMO-02143,demo,venta,casa,Casa 6D 4B en San Pedro de la Paz,9419.0,372050500,San Pedro de la Paz,Concepción,240 m²,6,4,https://example.invalid/demo/02143,2026-07-05,2026-08-06
DEMO-01336,demo,venta,casa,Casa 5D 3B en Hualpén,9230.0,364585000,Hualpén,Concepción,187 m²,5,3,https://example.invalid/demo/01336,2026-05-08,2026-07-06
DEMO-01121,demo,venta,departamento,Depto 2D 1B en Concepción,2492.0,98434000,Concepción,Concepción,,2,1,https://example.invalid/demo/01121,2026-05-17,2026-05-24
DEMO-02047,demo,venta,casa,Casa 5D 3B en San Pedro de la Paz,8419.0,332550500,San Pedro de la Paz,Concepción,168 m²,5,3,https://example.invalid/demo/02047,2026-07-21,2026-09-01
DEMO-00215,demo,venta,casa,Casa 4D 2B en Chiguayante,3930.0,155235000,Chiguayante,Concepción,136 m²,4,2,https://example.invalid/demo/00215,2026-06-03,2026-07-19
DEMO-01170,demo,venta,departamento,Depto 4D 2B en Concepción,6501.0,256789500,Concepción,Concepción,107 m²,4,2,https://example.invalid/demo/01170,2026-06-01,2026-06-22
DEMO-02912,demo,venta,casa,Casa 4D 2B en Tomé,3312.0,130824000,Tomé,Concepción,131 m²,4,2,https://example.invalid/demo/02912,2026-07-16,2026-08-29
DEMO-01897,demo,venta,casa,Casa 3D 2B en Penco,3355.0,132522500,Penco,Concepción,97 m²,3,2,https://example.invalid/demo/01897,2026-06-26,2026-07-06
DEMO-00959,demo,arriendo,departamento,Depto 3D 2B en Concepción,10.6,418700,Concepción,Concepción,93 m²,3,2,https://example.invalid/demo/00959,2026-05-28,2026-06-25
DEMO-02282,demo,venta,departamento,Depto 2D 1B en San Pedro de la Paz,3862.0,152549000,San Pedro de la Paz,Concepción,,2,1,https://example.invalid/demo/02282,2026-05-07,2026-07-04
DEMO-00201,demo,venta,casa,Casa 4D 2B en Chiguayante,5902.0,233129000,Chiguayante,Concepción,157 m²,4,2,https://example.invalid/demo/00201,2026-05-10,2026-06-05
DEMO-01720,demo,venta,departamento,Depto 2D 1B en Los Ángeles,2771.0,109454500,Los Ángeles,Biobío,,2,1,https://example.invalid/demo/01720,2026-07-27,2026-08-05
DEMO-01847,demo,venta,departamento,Depto 3D 2B en Los Ángeles,3966.0,156657000,Los Ángeles,Biobío,,3,2,https://example.invalid/demo/01847,2026-05-27,2026-05-27
DEMO-01487,demo,venta,departamento,Depto 3D 2B en Hualpén,3411.0,134734500,Hualpén,Concepción,75 m²,3,2,https://example.invalid/demo/01487,2026-07-07,2026-09-01
DEMO-00800,demo,venta,casa,Casa 2D 1B en Concepción,3226.0,127427000,Concepción,Concepción,87 m²,2,1,https://example.invalid/demo/00800,2026-08-14,2026-08-23
DEMO-02344,demo,venta,departamento,Depto 2D 1B en San Pedro de la Paz,3105.0,122647500,San Pedro de la Paz,Concepción,49 m²,2,1,https://example.invalid/demo/02344,2026-09-01,2026-09-01
DEMO-00726,demo,venta,casa,Casa 3D 2B en Concepción,5440.0,214880000,Concepción,Concepción,104 m²,3,2,https://example.invalid/demo/00726,2026-05-27,2026-07-08
DEMO-00245,demo,venta,casa,Casa 3D 2B en Chiguayante,4971.0,196354500,Chiguayante,Concepción,98 m²,3,2,https://example.invalid/demo/00245,2026-07-15,2026-08-06
DEMO-01363,demo,venta,casa,Casa 3D 2B en Hualpén,4234.0,167243000,Hualpén,Concepción,100 m²,3,2,https://example.invalid/demo/01363,2026-07-10,2026-08-11
DEMO-01699,demo,venta,departamento,Depto 3D 2B en Los Ángeles,4767.0,188296500,Los Ángeles,Biobío,95 m²,3,2,https://example.invalid/demo/01699,2026-07-15,2026-08-18
DEMO-02508,demo,venta,departamento,Depto 4D 2B en San Pedro de la Paz,5913.0,233563500,San Pedro de la Paz,Concepción,,4,2,https://example.invalid/demo/02508,2026-05-21,2026-06-03
DEMO-01547,demo,venta,casa,Casa 5D 3B en Los Ángeles,6663.0,263188500,Los Ángeles,Biobío,,5,3,https://example.invalid/demo/01547,2026-08-23,2026-09-01
DEMO-02109,demo,venta,casa,Casa 6D 4B en San Pedro de la Paz,8176.0,322952000,San Pedro de la Paz,Concepción,,6,4,https://example.invalid/demo/02109,2026-07-15,2026-08-13
DEMO-02786,demo,venta,departamento,Depto 4D 2B en Talcahuano,5361.0,211759500,Talcahuano,Concepción,120 m²,4,2,https://example.invalid/demo/02786,2026-07-10,2026-08-24
DEMO-01711,demo,venta,departamento,Depto 3D 2B en Los Ángeles,3987.0,157486500,Los Ángeles,Biobío,82 m²,3,2,https://example.invalid/demo/01711,2026-05-18,2026-06-19
DEMO-00156,demo,venta,casa,Casa 6D 4B en Chiguayante,7602.0,300279000,Chiguayante,Concepción,220 m²,6,4,https://example.invalid/demo/00156,2026-07-18,2026-07-18
DEMO-00013,demo,venta,casa,Casa 6D 4B en Cabrero,4151.0,163964500,Cabrero,Biobío,,6,4,https://example.invalid/demo/00013,2026-06-10,2026-08-05
DEMO-00961,demo,venta,departamento,Depto 3D 2B en Concepción,7051.0,278514500,Concepción,Concepción,94 m²,3,2,https://example.invalid/demo/00961,2026-07-23,2026-08-22
DEMO-00950,demo,venta,casa,Casa 6D 4B en Concepción,12088.0,477476000,Concepción,Concepción,,6,4,https://example.invalid/demo/00950,2026-06-23,2026-07-08
DEMO-02842,demo,venta,departamento,Depto 2D 1B en Talcahuano,1841.0,72719500,Talcahuano,Concepción,43 m²,2,1,https://example.invalid/demo/02842,2026-08-20,2026-09-01
DEMO-03041,demo,venta,casa,Casa 6D 4B en Tomé,9332.0,368614000,Tomé,Concepción,262 m²,6,4,https://example.invalid/demo/03041,2026-08-26,2026-09-01
DEMO-01667,demo,venta,casa,Casa 4D 2B en Los Ángeles,4856.0,191812000,Los Ángeles,Biobío,146 m²,4,2,https://example.invalid/demo/01667,2026-08-23,2026-09-01
DEMO-02725,demo,venta,casa,Casa 4D 2B en Talcahuano,3007.0,118776500,Talcahuano,Concepción,146 m²,4,2,https://example.invalid/demo/02725,2026-08-29,2026-09-01
DEMO-01865,demo,venta,departamento,Depto 5D 3B en Los Ángeles,4121.0,162779500,Los Ángeles,Biobío,,5,3,https://example.invalid/demo/01865,2026-05-22,2026-05-29
DEMO-02729,demo,venta,casa,Casa 3D 2B en Talcahuano,3707.0,146426500,Talcahuano,Concepción,,3,2,https://example.invalid/demo/02729,2026-08-05,2026-09-01
DEMO-01653,demo,venta,casa,Casa 3D 2B en Los Ángeles,4445.0,175577500,Los Ángeles,Biobío,121 m²,3,2,https://example.invalid/demo/01653,2026-05-19,2026-07-06
DEMO-00402,demo,venta,casa,Casa 4D 2B en Chiguayante,5015.0,198092500,Chiguayante,Concepción,,4,2,https://example.invalid/demo/00402,2026-06-06,2026-07-24
DEMO-02886,demo,venta,casa,Casa 4D 2B en Tomé,6689.0,264215500,Tomé,Concepción,153 m²,4,2,https://example.invalid/demo/02886,2026-08-20,2026-09-01
DEMO-02715,demo,venta,casa,Casa 3D 2B en Talcahuano,3200.0,126400000,Talcahuano,Concepción,98 m²,3,2,https://example.invalid/demo/02715,2026-06-07,2026-07-22
DEMO-02400,demo,venta,departamento,Depto 4D 2B en San Pedro de la Paz,5653.0,223293500,San Pedro de la Paz,Concepción,,4,2,https://example.invalid/demo/02400,2026-06-06,2026-07-14
DEMO-03144,demo,venta,departamento,Depto 3D 2B en Tomé,2477.0,97841500,Tomé,Concepción,76 m²,3,2,https://example.invalid/demo/03144,2026-05-26,2026-06-08
DEMO-00095,demo,venta,casa,Casa 6D 4B en Chiguayante,7000.0,276500000,Chiguayante,Concepción,,6,4,https://example.invalid/demo/00095,2026-07-18,2026-08-24
DEMO-02055,demo,venta,casa,Casa 4D 2B en San Pedro de la Paz,10272.0,405744000,San Pedro de la Paz,Concepción,151 m²,4,2,https://example.invalid/demo/02055,2026-07-21,2026-09-01
DEMO-01004,demo,venta,departamento,Depto 3D 2B en Concepción,4239.0,167440500,Concepción,Concepción,,3,2,https://example.invalid/demo/01004,2026-06-04,2026-07-10
DEMO-00213,demo,venta,casa,Casa 6D 4B en Chiguayante,8495.0,335552500,Chiguayante,Concepción,,6,4,https://example.invalid/demo/00213,2026-07-29,2026-08-05
DEMO-01926,demo,venta,casa,Casa 6D 4B en Penco,7346.0,290167000,Penco,Concepción,,6,4,https://example.invalid/demo/01926,2026-05-28,2026-06-29
DEMO-03089,demo,venta,casa,Casa 3D 2B en Tomé,3246.0,128217000,Tomé,Concepción,,3,2,https://example.invalid/demo/03089,2026-08-01,2026-09-01
DEMO-02596,demo,venta,casa,Casa 3D 2B en Talcahuano,3256.0,128612000,Talcahuano,Concepción,106 m²,3,2,https://example.invalid/demo/02596,2026-07-28,2026-09-01
DEMO-02180,demo,venta,casa,Casa 4D 2B en San Pedro de la Paz,5777.0,228191500,San Pedro de la Paz,Concepción,,4,2,https://example.invalid/demo/02180,2026-07-24,2026-08-19
DEMO-00088,demo,venta,casa,Casa 4D 2B en Chiguayante,5895.0,232852500,Chiguayante,Concepción,154 m²,4,2,https://example.invalid/demo/00088,2026-05-13,2026-06-27
DEMO-02200,demo,venta,casa,Casa 5D 3B en San Pedro de la Paz,7823.0,309008500,San Pedro de la Paz,Concepción,187 m²,5,3,https://example.invalid/demo/02200,2026-06-10,2026-06-26
DEMO-01278,demo,venta,casa,Casa 4D 2B en Coronel,2796.0,110442000,Coronel,Concepción,136 m²,4,2,https://example.invalid/demo/01278,2026-08-04,2026-08-17
DEMO-01271,demo,venta,casa,Casa 3D 2B en Coronel,1976.0,78052000,Coronel,Concepción,,3,2,https://example.invalid/demo/01271,2026-05-19,2026-06-18
DEMO-01975,demo,arriendo,casa,Casa 3D 2B en San Pedro de la Paz,23.3,920350,San Pedro de la Paz,Concepción,118 m²,3,2,https://example.invalid/demo/01975,2026-05-26,2026-06-16
DEMO-02959,demo,venta,casa,Casa 4D 2B en Tomé,0,0,Tomé,Concepción,143 m²,4,2,https://example.invalid/demo/02959,2026-07-11,2026-08-09
DEMO-02721,demo,venta,casa,Casa 2D 1B en Talcahuano,1359.0,53680500,Talcahuano,Concepción,62 m²,2,1,https://example.invalid/demo/02721,2026-06-27,2026-08-17
DEMO-01698,demo,venta,departamento,Depto 3D 2B en Los Ángeles,3470.0,137065000,Los Ángeles,Biobío,78 m²,3,2,https://example.invalid/demo/01698,2026-08-31,2026-09-01
DEMO-00962,demo,venta,departamento,Depto 4D 2B en Concepción,6518.0,257461000,Concepción,Concepción,98 m²,4,2,https://example.invalid/demo/00962,2026-08-10,2026-09-01
DEMO-00268,demo,venta,casa,Casa 2D 1B en Chiguayante,2525.0,99737500,Chiguayante,Concepción,85 m²,2,1,https://example.invalid/demo/00268,2026-08-01,2026-09-01
DEMO-02525,demo,venta,departamento,Depto 2D 1B en San Pedro de la Paz,4176.0,164952000,San Pedro de la Paz,Concepción,64 m²,2,1,https://example.invalid/demo/02525,2026-05-09,2026-06-06
DEMO-00735,demo,venta,casa,Casa 6D 4B en Concepción,10326.0,407877000,Concepción,Concepción,217 m²,6,4,https://example.invalid/demo/00735,2026-08-04,2026-08-11
DEMO-00085,demo,venta,casa,Casa 6D 4B en Chiguayante,9298.0,367271000,Chiguayante,Concepción,231 m²,6,4,https://example.invalid/demo/00085,2026-08-23,2026-09-01
DEMO-00374,demo,venta,casa,Casa 6D 4B en Chiguayante,8847.0,349456500,Chiguayante,Concepción,236 m²,6,4,https://example.invalid/demo/00374,2026-08-12,2026-09-01
DEMO-00318,demo,venta,casa,Casa 4D 2B en Chiguayante,3181.0,125649500,Chiguayante,Concepción,143 m²,4,2,https://example.invalid/demo/00318,2026-05-23,2026-06-08
DEMO-02319,demo,venta,departamento,Depto 3D 2B en San Pedro de la Paz,5655.0,223372500,San Pedro de la Paz,Concepción,,3,2,https://example.invalid/demo/02319,2026-05-17,2026-07-08
DEMO-00524,demo,venta,departamento,Depto 2D 1B en Chiguayante,1886.0,74497000,Chiguayante,Concepción,54 m²,2,1,https://example.invalid/demo/00524,2026-05-05,2026-06-24
DEMO-02980,demo,venta,casa,Casa 5D 3B en Tomé,4580.0,180910000,Tomé,Concepción,,5,3,https://example.invalid/demo/02980,2026-05-24,2026-07-14
DEMO-01186,demo,venta,departamento,Depto 2D 1B en Concepción,3805.0,150297500,Concepción,Concepción,54 m²,2,1,https://example.invalid/demo/01186,2026-05-16,2026-05-26
DEMO-02833,demo,venta,departamento,Depto 2D 1B en Talcahuano,2696.0,106492000,Talcahuano,Concepción,62 m²,2,1,https://example.invalid/demo/02833,2026-07-12,2026-07-27
DEMO-02421,demo,venta,departamento,Depto 4D 2B en San Pedro de la Paz,7731.0,305374500,San Pedro de la Paz,Concepción,105 m²,4,2,https://example.invalid/demo/02421,2026-06-03,2026-08-01
DEMO-02631,demo,venta,casa,Casa 6D 4B en Talcahuano,8059.0,318330500,Talcahuano,Concepción,,6,4,https://example.invalid/demo/02631,2026-05-18,2026-07-09
DEMO-01212,demo,venta,departamento,Depto 2D 1B en Concepción,3863.0,152588500,Concepción,Concepción,65 m²,2,1,https://example.invalid/demo/01212,2026-07-19,2026-07-25
DEMO-02918,demo,venta,casa,Casa 3D 2B en Tomé,3615.0,142792500,Tomé,Concepción,96 m²,3,2,https://example.invalid/demo/02918,2026-07-06,2026-08-20
DEMO-01489,demo,venta,departamento,Depto 2D 1B en Hualpén,3254.0,128533000,Hualpén,Concepción,,2,1,https://example.invalid/demo/01489,2026-06-18,2026-08-12
DEMO-00031,demo,venta,casa,Casa 3D 2B en Cañete,1746.0,68967000,Cañete,Arauco,120 m²,3,2,https://example.invalid/demo/00031,2026-06-26,2026-08-15
DEMO-00124,demo,venta,casa,Casa 5D 3B en Chiguayante,6195.0,244702500,Chiguayante,Concepción,164 m²,5,3,https://example.invalid/demo/00124,2026-06-10,2026-06-26
DEMO-02383,demo,venta,departamento,Depto 2D 1B en San Pedro de la Paz,2904.0,114708000,San Pedro de la Paz,Concepción,45 m²,2,1,https://example.invalid/demo/02383,2026-05-04,2026-05-31
DEMO-01527,demo,venta,casa,Casa 3D 2B en Hualqui,2233.0,88203500,Hualqui,Concepción,113 m²,3,2,https://example.invalid/demo/01527,2026-08-14,2026-09-01
DEMO-01586,demo,venta,casa,Casa 6D 4B en Los Ángeles,8896.0,351392000,Los Ángeles,Biobío,,6,4,https://example.invalid/demo/01586,2026-07-09,2026-08-03
DEMO-02434,demo,venta,departamento,Depto 3D 2B en San Pedro de la Paz,0,0,San Pedro de la Paz,Concepción,,3,2,https://example.invalid/demo/02434,2026-05-26,2026-05-28
DEMO-02693,demo,venta,casa,Casa 4D 2B en Talcahuano,4239.0,167440500,Talcahuano,Concepción,,4,2,https://example.invalid/demo/02693,2026-07-31,2026-08-25
DEMO-00338,demo,venta,casa,Casa 4D 2B en Chiguayante,6689.0,264215500,Chiguayante,Concepción,135 m²,4,2,https://example.invalid/demo/00338,2026-08-01,2026-09-01
DEMO-00038,demo,arriendo,casa,Casa 2D 1B en Chiguayante,11.5,454250,Chiguayante,Concepción,,2,1,https://example.invalid/demo/00038,2026-06-22,2026-07-28
DEMO-00316,demo,venta,casa,Casa 3D 2B en Chiguayante,0,0,Chiguayante,Concepción,111 m²,3,2,https://example.invalid/demo/00316,2026-05-16,2026-07-06
DEMO-02601,demo,venta,casa,Casa 6D 4B en Talcahuano,8184.0,323268000,Talcahuano,Concepción,215 m²,6,4,https://example.invalid/demo/02601,2026-06-20,2026-07-05
DEMO-01645,demo,venta,casa,Casa 2D 1B en Los Ángeles,3020.0,119290000,Los Ángeles,Biobío,,2,1,https://example.invalid/demo/01645,2026-08-08,2026-08-29
DEMO-00809,demo,venta,casa,Casa 6D 4B en Concepción,5873.0,231983500,Concepción,Concepción,207 m²,6,4,https://example.invalid/demo/00809,2026-06-15,2026-07-06
DEMO-00511,demo,venta,departamento,Depto 2D 1B en Chiguayante,4112.0,162424000,Chiguayante,Concepción,68 m²,2,1,https://example.invalid/demo/00511,2026-07-28,2026-09-01
DEMO-02439,demo,venta,departamento,Depto 3D 2B en San Pedro de la Paz,3808.0,150416000,San Pedro de la Paz,Concepción,71 m²,3,2,https://example.invalid/demo/02439,2026-08-19,2026-09-01
DEMO-00836,demo,venta,casa,Casa 5D 3B en Concepción,8949.0,353485500,Concepción,Concepción,,5,3,https://example.invalid/demo/00836,2026-07-02,2026-07-12
DEMO-02311,demo,venta,departamento,Depto 2D 1B en San Pedro de la Paz,3151.0,124464500,San Pedro de la Paz,Concepción,,2,1,https://example.invalid/demo/02311,2026-07-05,2026-07-17
DEMO-00861,demo,venta,casa,Casa 3D 2B en Concepción,4745.0,187427500,Concepción,Concepción,98 m²,3,2,https://example.invalid/demo/00861,2026-08-09,2026-09-01
DEMO-01415,demo,venta,departamento,Depto 3D 2B en Hualpén,2950.0,116525000,Hualpén,Concepción,84 m²,3,2,https://example.invalid/demo/01415,2026-05-11,2026-06-12
DEMO-00994,demo,venta,departamento,Depto 2D 1B en Concepción,5903.0,233168500,Concepción,Concepción,52 m²,2,1,https://example.invalid/demo/00994,2026-07-16,2026-08-24
DEMO-02971,demo,venta,casa,Casa 5D 3B en Tomé,7978.0,315131000,Tomé,Concepción,,5,3,https://example.invalid/demo/02971,2026-07-12,2026-07-29
DEMO-00427,demo,venta,casa,Casa 5D 3B en Chiguayante,5883.0,232378500,Chiguayante,Concepción,177 m²,5,3,https://example.invalid/demo/00427,2026-07-01,2026-08-03
DEMO-00609,demo,venta,departamento,Depto 4D 2B en Chiguayante,5998.0,236921000,Chiguayante,Concepción,112 m²,4,2,https://example.invalid/demo/00609,2026-06-12,2026-07-13
DEMO-02962,demo,venta,casa,Casa 5D 3B en Tomé,5770.0,227915000,Tomé,Concepción,172 m²,5,3,https://example.invalid/demo/02962,2026-08-30,2026-09-01
DEMO-02805,demo,venta,departamento,Depto 4D 2B en Talcahuano,4031.0,159224500,Talcahuano,Concepción,,4,2,https://example.invalid/demo/02805,2026-05-09,2026-06-10
DEMO-02832,demo,venta,departamento,Depto 4D 2B en Talcahuano,6014.0,237553000,Talcahuano,Concepción,100 m²,4,2,https://example.invalid/demo/02832,2026-05-08,2026-05-14
DEMO-02259,demo,venta,casa,Casa 4D 2B en San Pedro de la Paz,6483.0,256078500,San Pedro de la Paz,Concepción,137 m²,4,2,https://example.invalid/demo/02259,2026-06-12,2026-07-03
DEMO-02407,demo,venta,departamento,Depto 3D 2B en San Pedro de la Paz,6089.0,240515500,San Pedro de la Paz,Concepción,73 m²,3,2,https://example.invalid/demo/02407,2026-07-16,2026-07-22
DEMO-02615,demo,venta,casa,Casa 6D 4B en Talcahuano,7907.0,312326500,Talcahuano,Concepción,,6,4,https://example.invalid/demo/02615,2026-07-31,2026-09-01
DEMO-02751,demo,venta,departamento,Depto 3D 2B en Talcahuano,5504.0,217408000,Talcahuano,Concepción,92 m²,3,2,https://example.invalid/demo/02751,2026-07-31,2026-08-25
DEMO-02999,demo,venta,casa,Casa 3D 2B en Tomé,1987.0,78486500,Tomé,Concepción,114 m²,3,2,https://example.invalid/demo/02999,2026-06-20,2026-07-04
DEMO-02877,demo,venta,casa,Casa 3D 2B en Tomé,2334.0,92193000,Tomé,Concepción,97 m²,3,2,https://example.invalid/demo/02877,2026-07-11,2026-08-17
DEMO-02212,demo,venta,casa,Casa 5D 3B en San Pedro de la Paz,7613.0,300713500,San Pedro de la Paz,Concepción,175 m²,5,3,https://example.invalid/demo/02212,2026-05-20,2026-06-21
DEMO-01260,demo,venta,casa,Casa 2D 1B en Coronel,2303.0,90968500,Coronel,Concepción,72 m²,2,1,https://example.invalid/demo/01260,2026-05-30,2026-06-26
DEMO-01350,demo,venta,casa,Casa 3D 2B en Hualpén,3250.0,128375000,Hualpén,Concepción,113 m²,3,2,https://example.invalid/demo/01350,2026-06-16,2026-08-01
DEMO-00911,demo,venta,casa,Casa 6D 4B en Concepción,9444.0,373038000,Concepción,Concepción,234 m²,6,4,https://example.invalid/demo/00911,2026-08-01,2026-08-13
DEMO-00007,demo,venta,casa,Casa 4D 2B en Arauco,2490.0,98355000,Arauco,Arauco,,4,2,https://example.invalid/demo/00007,2026-06-29,2026-08-19
DEMO-03118,demo,venta,departamento,Depto 2D 1B en Tomé,3044.0,120238000,Tomé,Concepción,,2,1,https://example.invalid/demo/03118,2026-07-25,2026-09-01
DEMO-02905,demo,venta,casa,Casa 5D 3B en Tomé,4949.0,195485500,Tomé,Concepción,172 m²,5,3,https://example.invalid/demo/02905,2026-07-19,2026-08-13
DEMO-02113,demo,venta,casa,Casa 6D 4B en San Pedro de la Paz,12874.0,508523000,San Pedro de la Paz,Concepción,,6,4,https://example.invalid/demo/02113,2026-05-26,2026-07-09
DEMO-02826,demo,venta,departamento,Depto 4D 2B en Talcahuano,3190.0,126005000,Talcahuano,Concepción,,4,2,https://example.invalid/demo/02826,2026-07-12,2026-08-23
DEMO-01027,demo,venta,departamento,Depto 4D 2B en Concepción,7592.0,299884000,Concepción,Concepción,107 m²,4,2,https://example.invalid/demo/01027,2026-08-22,2026-09-01
DEMO-00273,demo,venta,casa,Casa 6D 4B en Chiguayante,10814.0,427153000,Chiguayante,Concepción,,6,4,https://example.invalid/demo/00273,2026-07-04,2026-07-23
DEMO-00768,demo,venta,casa,Casa 3D 2B en Concepción,4684.0,185018000,Concepción,Concepción,,3,2,https://example.invalid/demo/00768,2026-07-01,2026-07-29
DEMO-02517,demo,venta,departamento,Depto 2D 1B en San Pedro de la Paz,5342.0,211009000,San Pedro de la Paz,Concepción,70 m²,2,1,https://example.invalid/demo/02517,2026-05-04,2026-05-27
DEMO-00691,demo,arriendo,casa,Casa 4D 2B en Concepción,23.3,920350,Concepción,Concepción,130 m²,4,2,https://example.invalid/demo/00691,2026-06-06,2026-08-02
DEMO-00109,demo,venta,casa,Casa 6D 4B en Chiguayante,8081.0,319199500,Chiguayante,Concepción,232 m²,6,4,https://example.invalid/demo/00109,2026-08-08,2026-09-01
DEMO-01953,demo,venta,departamento,Depto 2D 1B en Penco,1404.0,55458000,Penco,Concepción,53 m²,2,1,https://example.invalid/demo/01953,2026-07-08,2026-07-24
DEMO-00258,demo,venta,casa,Casa 6D 4B en Chiguayante,15118.0,597161000,Chiguayante,Concepción,257 m²,6,4,https://example.invalid/demo/00258,2026-07-16,2026-07-25
DEMO-00033,demo,venta,casa,Casa 4D 2B en Cañete,2617.0,103371500,Cañete,Arauco,126 m²,4,2,https://example.invalid/demo/00033,2026-08-29,2026-09-01
DEMO-02277,demo,venta,departamento,Depto 3D 2B en San Pedro de la Paz,4587.0,181186500,San Pedro de la Paz,Concepción,,3,2,https://example.invalid/demo/02277,2026-08-18,2026-08-24
DEMO-01249,demo,venta,casa,Casa 6D 4B en Coronel,7767.0,306796500,Coronel,Concepción,262 m²,6,4,https://example.invalid/demo/01249,2026-08-14,2026-08-17
DEMO-01421,demo,venta,departamento,Depto 2D 1B en Hualpén,1975.0,78012500,Hualpén,Concepción,53 m²,2,1,https://example.invalid/demo/01421,2026-05-12,2026-05-31
DEMO-02610,demo,venta,casa,Casa 3D 2B en Talcahuano,3446.0,136117000,Talcahuano,Concepción,91 m²,3,2,https://example.invalid/demo/02610,2026-05-18,2026-07-02
DEMO-00624,demo,venta,departamento,Depto 3D 2B en Chiguayante,2276.0,89902000,Chiguayante,Concepción,,3,2,https://example.invalid/demo/00624,2026-06-30,2026-07-07
DEMO-02702,demo,venta,casa,Casa 3D 2B en Talcahuano,4679.0,184820500,Talcahuano,Concepción,100 m²,3,2,https://example.invalid/demo/02702,2026-07-20,2026-08-21
DEMO-00415,demo,venta,casa,Casa 2D 1B en Chiguayante,2644.0,104438000,Chiguayante,Concepción,70 m²,2,1,https://example.invalid/demo/00415,2026-05-30,2026-06-03
DEMO-01929,demo,venta,casa,Casa 4D 2B en Penco,4532.0,179014000,Penco,Concepción,154 m²,4,2,https://example.invalid/demo/01929,2026-06-20,2026-07-27
DEMO-00775,demo,venta,casa,Casa 6D 4B en Concepción,15498.0,612171000,Concepción,Concepción,267 m²,6,4,https://example.invalid/demo/00775,2026-06-02,2026-07-03
DEMO-01448,demo,venta,departamento,Depto 4D 2B en Hualpén,4004.0,158158000,Hualpén,Concepción,108 m²,4,2,https://example.invalid/demo/01448,2026-07-30,2026-08-06
DEMO-00746,demo,venta,casa,Casa 6D 4B en Concepción,15538.0,613751000,Concepción,Concepción,265 m²,6,4,https://example.invalid/demo/00746,2026-08-04,2026-09-01
DEMO-01927,demo,venta,casa,Casa 6D 4B en Penco,6292.0,248534000,Penco,Concepción,,6,4,https://example.invalid/demo/01927,2026-05-07,2026-05-11
DEMO-01647,demo,venta,casa,Casa 3D 2B en Los Ángeles,2139.0,84490500,Los Ángeles,Biobío,97 m²,3,2,https://example.invalid/demo/01647,2026-05-09,2026-05-14
DEMO-00057,demo,arriendo,casa,Casa 5D 3B en Chiguayante,23.2,916400,Chiguayante,Concepción,179 m²,5,3,https://example.invalid/demo/00057,2026-07-21,2026-08-25
DEMO-02908,demo,venta,casa,Casa 5D 3B en Tomé,5189.0,204965500,Tomé,Concepción,178 m²,5,3,https://example.invalid/demo/02908,2026-08-24,2026-08-30
DEMO-01152,demo,venta,departamento,Depto 5D 3B en Concepción,8683.0,342978500,Concepción,Concepción,132 m²,5,3,https://example.invalid/demo/01152,2026-08-04,2026-08-28
DEMO-01255,demo,venta,casa,Casa 5D 3B en Coronel,3011.0,118934500,Coronel,Concepción,172 m²,5,3,https://example.invalid/demo/01255,2026-06-23,2026-07-08
DEMO-01768,demo,venta,departamento,Depto 3D 2B en Los Ángeles,3470.0,137065000,Los Ángeles,Biobío,76 m²,3,2,https://example.invalid/demo/01768,2026-06-20,2026-06-28
DEMO-01098,demo,venta,departamento,Depto 4D 2B en Concepción,7065.0,279067500,Concepción,Concepción,,4,2,https://example.invalid/demo/01098,2026-06-06,2026-07-21
DEMO-03080,demo,venta,casa,Casa 6D 4B en Tomé,5295.0,209152500,Tomé,Concepción,234 m²,6,4,https://example.invalid/demo/03080,2026-07-19,2026-08-22
DEMO-00716,demo,venta,casa,Casa 4D 2B en Concepción,7409.0,292655500,Concepción,Concepción,125 m²,4,2,https://example.invalid/demo/00716,2026-08-21,2026-09-01
DEMO-02655,demo,venta,casa,Casa 2D 1B en Talcahuano,2521.0,99579500,Talcahuano,Concepción,87 m²,2,1,https://example.invalid/demo/02655,2026-08-19,2026-08-27
DEMO-02607,demo,venta,casa,Casa 2D 1B en Talcahuano,2637.0,104161500,Talcahuano,Concepción,87 m²,2,1,https://example.invalid/demo/02607,2026-05-06,2026-06-06
DEMO-02451,demo,venta,departamento,Depto 3D 2B en San Pedro de la Paz,6029.0,238145500,San Pedro de la Paz,Concepción,94 m²,3,2,https://example.invalid/demo/02451,2026-06-15,2026-07-04
DEMO-00301,demo,venta,casa,Casa 4D 2B en Chiguayante,5072.0,200344000,Chiguayante,Concepción,145 m²,4,2,https://example.invalid/demo/00301,2026-07-24,2026-08-23
DEMO-01021,demo,venta,departamento,Depto 1D 1B en Concepción,2185.0,86307500,Concepción,Concepción,,1,1,https://example.invalid/demo/01021,2026-05-15,2026-06-13
DEMO-02062,demo,venta,casa,Casa 6D 4B en San Pedro de la Paz,7533.0,297553500,San Pedro de la Paz,Concepción,,6,4,https://example.invalid/demo/02062,2026-06-10,2026-07-03
DEMO-02145,demo,venta,casa,Casa 3D 2B en San Pedro de la Paz,5913.0,233563500,San Pedro de la Paz,Concepción,120 m²,3,2,https://example.invalid/demo/02145,2026-07-30,2026-09-01
DEMO-02502,demo,venta,departamento,Depto 2D 1B en San Pedro de la Paz,4185.0,165307500,San Pedro de la Paz,Concepción,,2,1,https://example.invalid/demo/02502,2026-08-10,2026-09-01
DEMO-01969,demo,venta,departamento,Depto 2D 1B en Penco,2730.0,107835000,Penco,Concepción,55 m²,2,1,https://example.invalid/demo/01969,2026-07-29,2026-08-04
DEMO-01719,demo,venta,departamento,Depto 3D 2B en Los Ángeles,35,1382500,Los Ángeles,Biobío,92 m²,3,2,https://example.invalid/demo/01719,2026-05-24,2026-07-22
DEMO-01341,demo,venta,casa,Casa 5D 3B en Hualpén,7706.0,304387000,Hualpén,Concepción,180 m²,5,3,https://example.invalid/demo/01341,2026-08-03,2026-08-18
DEMO-02074,demo,venta,casa,Casa 3D 2B en San Pedro de la Paz,3817.0,150771500,San Pedro de la Paz,Concepción,92 m²,3,2,https://example.invalid/demo/02074,2026-08-04,2026-09-01
DEMO-02500,demo,venta,departamento,Depto 2D 1B en San Pedro de la Paz,2901.0,114589500,San Pedro de la Paz,Concepción,46 m²,2,1,https://example.invalid/demo/02500,2026-06-17,2026-07-17
DEMO-01810,demo,venta,departamento,Depto 2D 1B en Los Ángeles,1533.0,60553500,Los Ángeles,Biobío,44 m²,2,1,https://example.invalid/demo/01810,2026-06-23,2026-08-17
DEMO-01438,demo,venta,departamento,Depto 4D 2B en Hualpén,4477.0,176841500,Hualpén,Concepción,,4,2,https://example.invalid/demo/01438,2026-07-12,2026-07-27
DEMO-01887,demo,venta,casa,Casa 5D 3B en Penco,6155.0,243122500,Penco,Concepción,,5,3,https://example.invalid/demo/01887,2026-08-19,2026-09-01
DEMO-00937,demo,venta,casa,Casa 3D 2B en Concepción,0,0,Concepción,Concepción,103 m²,3,2,https://example.invalid/demo/00937,2026-08-09,2026-08-29
DEMO-02585,demo,venta,casa,Casa 5D 3B en Talcahuano,5088.0,200976000,Talcahuano,Concepción,,5,3,https://example.invalid/demo/02585,2026-08-27,2026-09-01
DEMO-02041,demo,venta,casa,Casa 6D 4B en San Pedro de la Paz,6042.0,238659000,San Pedro de la Paz,Concepción,,6,4,https://example.invalid/demo/02041,2026-07-25,2026-08-18
DEMO-00431,demo,venta,casa,Casa 4D 2B en Chiguayante,4142.0,163609000,Chiguayante,Concepción,144 m²,4,2,https://example.invalid/demo/00431,2026-08-22,2026-09-01
DEMO-02747,demo,venta,departamento,Depto 2D 1B en Talcahuano,1286.0,50797000,Talcahuano,Concepción,,2,1,https://example.invalid/demo/02747,2026-07-19,2026-09-01
DEMO-01599,demo,venta,casa,Casa 4D 2B en Los Ángeles,2933.0,115853500,Los Ángeles,Biobío,137 m²,4,2,https://example.invalid/demo/01599,2026-06-12,2026-07-02
DEMO-00043,demo,arriendo,casa,Casa 6D 4B en Chiguayante,37.1,1465450,Chiguayante,Concepción,,6,4,https://example.invalid/demo/00043,2026-07-20,2026-08-01
DEMO-02545,demo,venta,departamento,Depto 3D 2B en San Pedro de la Paz,4779.0,188770500,San Pedro de la Paz,Concepción,80 m²,3,2,https://example.invalid/demo/02545,2026-07-21,2026-08-02
DEMO-00084,demo,venta,casa,Casa 6D 4B en Chiguayante,13474.0,532223000,Chiguayante,Concepción,218 m²,6,4,https://example.invalid/demo/00084,2026-06-25,2026-08-13
DEMO-01411,demo,venta,departamento,Depto 3D 2B en Hualpén,3373.0,133233500,Hualpén,Concepción,75 m²,3,2,https://example.invalid/demo/01411,2026-07-10,2026-07-12
DEMO-00164,demo,venta,casa,Casa 6D 4B en Chiguayante,10716.0,423282000,Chiguayante,Concepción,279 m²,6,4,https://example.invalid/demo/00164,2026-05-06,2026-05-29
DEMO-00754,demo,venta,casa,Casa 6D 4B en Concepción,7627.0,301266500,Concepción,Concepción,,6,4,https://example.invalid/demo/00754,2026-08-05,2026-09-01
DEMO-00886,demo,venta,casa,Casa 3D 2B en Concepción,3777.0,149191500,Concepción,Concepción,105 m²,3,2,https://example.invalid/demo/00886,2026-06-20,2026-06-22
DEMO-01633,demo,venta,casa,Casa 6D 4B en Los Ángeles,9459.0,373630500,Los Ángeles,Biobío,223 m²,6,4,https://example.invalid/demo/01633,2026-08-17,2026-09-01
DEMO-01716,demo,venta,departamento,Depto 3D 2B en Los Ángeles,2855.0,112772500,Los Ángeles,Biobío,93 m²,3,2,https://example.invalid/demo/01716,2026-05-15,2026-06-26
DEMO-03133,demo,venta,departamento,Depto 2D 1B en Tomé,2047.0,80856500,Tomé,Concepción,60 m²,2,1,https://example.invalid/demo/03133,2026-07-13,2026-08-13
DEMO-02138,demo,venta,casa,Casa 5D 3B en San Pedro de la Paz,10737.0,424111500,San Pedro de la Paz,Concepción,192 m²,5,3,https://example.invalid/demo/02138,2026-05-31,2026-07-06
DEMO-02198,demo,venta,casa,Casa 3D 2B en San Pedro de la Paz,3827.0,151166500,San Pedro de la Paz,Concepción,106 m²,3,2,https://example.invalid/demo/02198,2026-06-30,2026-08-25
DEMO-00441,demo,venta,departamento,Depto 4D 2B en Chiguayante,6066.0,239607000,Chiguayante,Concepción,117 m²,4,2,https://example.invalid/demo/00441,2026-06-03,2026-07-06
DEMO-00694,demo,arriendo,casa,Casa 6D 4B en Concepción,72.5,2863750,Concepción,Concepción,267 m²,6,4,https://example.invalid/demo/00694,2026-07-02,2026-08-15
DEMO-02214,demo,venta,casa,Casa 2D 1B en San Pedro de la Paz,4843.0,191298500,San Pedro de la Paz,Concepción,82 m²,2,1,https://example.invalid/demo/02214,2026-07-25,2026-09-01
DEMO-01213,demo,venta,departamento,Depto 4D 2B en Concepción,7484.0,295618000,Concepción,Concepción,115 m²,4,2,https://example.invalid/demo/01213,2026-07-29,2026-09-01
DEMO-00068,demo,venta,casa,Casa 4D 2B en Chiguayante,5813.0,229613500,Chiguayante,Concepción,129 m²,4,2,https://example.invalid/demo/00068,2026-08-13,2026-09-01
DEMO-01017,demo,venta,departamento,Depto 2D 1B en Concepción,3538.0,139751000,Concepción,Concepción,69 m²,2,1,https://example.invalid/demo/01017,2026-08-10,2026-08-13
DEMO-00675,demo,venta,departamento,Depto 3D 2B en Chiguayante,2652.0,104754000,Chiguayante,Concepción,74 m²,3,2,https://example.invalid/demo/00675,2026-06-03,2026-06-11
DEMO-02830,demo,venta,departamento,Depto 2D 1B en Talcahuano,1866.0,73707000,Talcahuano,Concepción,53 m²,2,1,https://example.invalid/demo/02830,2026-06-15,2026-07-10
DEMO-01836,demo,venta,departamento,Depto 2D 1B en Los Ángeles,3093.0,122173500,Los Ángeles,Biobío,58 m²,2,1,https://example.invalid/demo/01836,2026-07-04,2026-07-10
DEMO-02881,demo,venta,casa,Casa 3D 2B en Tomé,2652.0,104754000,Tomé,Concepción,96 m²,3,2,https://example.invalid/demo/02881,2026-06-15,2026-07-15
DEMO-00280,demo,venta,casa,Casa 4D 2B en Chiguayante,5381.0,212549500,Chiguayante,Concepción,156 m²,4,2,https://example.invalid/demo/00280,2026-05-23,2026-07-16
DEMO-00708,demo,venta,casa,Casa 4D 2B en Concepción,8576.0,338752000,Concepción,Concepción,152 m²,4,2,https://example.invalid/demo/00708,2026-06-02,2026-07-31
DEMO-01693,demo,venta,departamento,Depto 2D 1B en Los Ángeles,3252.0,128454000,Los Ángeles,Biobío,62 m²,2,1,https://example.invalid/demo/01693,2026-06-03,2026-06-25
DEMO-02748,demo,venta,departamento,Depto 3D 2B en Talcahuano,3915.0,154642500,Talcahuano,Concepción,83 m²,3,2,https://example.invalid/demo/02748,2026-07-09,2026-08-20
DEMO-01771,demo,venta,departamento,Depto 4D 2B en Los Ángeles,2968.0,117236000,Los Ángeles,Biobío,,4,2,https://example.invalid/demo/01771,2026-08-29,2026-09-01
DEMO-02943,demo,venta,casa,Casa 6D 4B en Tomé,0,0,Tomé,Concepción,286 m²,6,4,https://example.invalid/demo/02943,2026-05-10,2026-07-01
DEMO-01263,demo,venta,casa,Casa 6D 4B en Coronel,7121.0,281279500,Coronel,Concepción,210 m²,6,4,https://example.invalid/demo/01263,2026-07-16,2026-08-29
DEMO-00404,demo,venta,casa,Casa 2D 1B en Chiguayante,2940.0,116130000,Chiguayante,Concepción,68 m²,2,1,https://example.invalid/demo/00404,2026-08-31,2026-09-01
DEMO-00926,demo,venta,casa,Casa 3D 2B en Concepción,3969.0,156775500,Concepción,Concepción,,3,2,https://example.invalid/demo/00926,2026-08-15,2026-09-01
DEMO-03143,demo,venta,departamento,Depto 2D 1B en Tomé,2438.0,96301000,Tomé,Concepción,60 m²,2,1,https://example.invalid/demo/03143,2026-07-06,2026-09-01
DEMO-01473,demo,venta,departamento,Depto 2D 1B en Hualpén,1731.0,68374500,Hualpén,Concepción,51 m²,2,1,https://example.invalid/demo/01473,2026-06-28,2026-07-10
DEMO-02857,demo,venta,departamento,Depto 2D 1B en Talcahuano,0,0,Talcahuano,Concepción,,2,1,https://example.invalid/demo/02857,2026-08-04,2026-09-01
DEMO-00126,demo,venta,casa,Casa 3D 2B en Chiguayante,3171.0,125254500,Chiguayante,Concepción,106 m²,3,2,https://example.invalid/demo/00126,2026-05-28,2026-07-27
DEMO-02386,demo,venta,departamento,Depto 3D 2B en San Pedro de la Paz,6038.0,238501000,San Pedro de la Paz,Concepción,92 m²,3,2,https://example.invalid/demo/02386,2026-05-08,2026-05-22
DEMO-00400,demo,venta,casa,Casa 4D 2B en Chiguayante,5536.0,218672000,Chiguayante,Concepción,,4,2,https://example.invalid/demo/00400,2026-08-07,2026-08-26
DEMO-02523,demo,venta,departamento,Depto 2D 1B en San Pedro de la Paz,3219.0,127150500,San Pedro de la Paz,Concepción,,2,1,https://example.invalid/demo/02523,2026-08-04,2026-09-01
DEMO-00801,demo,venta,casa,Casa 6D 4B en Concepción,15852.0,626154000,Concepción,Concepción,247 m²,6,4,https://example.invalid/demo/00801,2026-08-16,2026-09-01
DEMO-00604,demo,venta,departamento,Depto 2D 1B en Chiguayante,2585.0,102107500,Chiguayante,Concepción,50 m²,2,1,https://example.invalid/demo/00604,2026-08-25,2026-09-01
DEMO-01405,demo,venta,departamento,Depto 3D 2B en Hualpén,3107.0,122726500,Hualpén,Concepción,,3,2,https://example.invalid/demo/01405,2026-07-25,2026-08-16
DEMO-01542,demo,venta,casa,Casa 5D 3B en Los Ángeles,5062.0,199949000,Los Ángeles,Biobío,161 m²,5,3,https://example.invalid/demo/01542,2026-05-09,2026-06-13
DEMO-01514,demo,venta,casa,Casa 4D 2B en Hualqui,2734.0,107993000,Hualqui,Concepción,148 m²,4,2,https://example.invalid/demo/01514,2026-07-30,2026-09-01
DEMO-00045,demo,arriendo,casa,Casa 4D 2B en Chiguayante,25.8,1019100,Chiguayante,Concepción,130 m²,4,2,https://example.invalid/demo/00045,2026-07-18,2026-08-13
DEMO-00655,demo,venta,departamento,Depto 3D 2B en Chiguayante,2438.0,96301000,Chiguayante,Concepción,78 m²,3,2,https://example.invalid/demo/00655,2026-07-22,2026-07-26
DEMO-00572,demo,venta,departamento,Depto 2D 1B en Chiguayante,2781.0,109849500,Chiguayante,Concepción,64 m²,2,1,https://example.invalid/demo/00572,2026-06-08,2026-08-04
DEMO-02446,demo,venta,departamento,Depto 3D 2B en San Pedro de la Paz,3321.0,131179500,San Pedro de la Paz,Concepción,86 m²,3,2,https://example.invalid/demo/02446,2026-06-24,2026-07-21
DEMO-01385,demo,venta,casa,Casa 6D 4B en Hualpén,6906.0,272787000,Hualpén,Concepción,223 m²,6,4,https://example.invalid/demo/01385,2026-08-17,2026-09-01
DEMO-00476,demo,venta,departamento,Depto 2D 1B en Chiguayante,3511.0,138684500,Chiguayante,Concepción,,2,1,https://example.invalid/demo/00476,2026-05-23,2026-06-01
DEMO-00332,demo,venta,casa,Casa 4D 2B en Chiguayante,5916.0,233682000,Chiguayante,Concepción,157 m²,4,2,https://example.invalid/demo/00332,2026-06-27,2026-07-11
DEMO-01346,demo,venta,casa,Casa 3D 2B en Hualpén,4822.0,190469000,Hualpén,Concepción,,3,2,https://example.invalid/demo/01346,2026-05-31,2026-07-15
DEMO-02869,demo,venta,departamento,Depto 2D 1B en Talcahuano,1981.0,78249500,Talcahuano,Concepción,62 m²,2,1,https://example.invalid/demo/02869,2026-06-23,2026-07-28
DEMO-00549,demo,venta,departamento,Depto 2D 1B en Chiguayante,4470.0,176565000,Chiguayante,Concepción,68 m²,2,1,https://example.invalid/demo/00549,2026-05-12,2026-07-01
DEMO-02677,demo,venta,casa,Casa 6D 4B en Talcahuano,7951.0,314064500,Talcahuano,Concepción,240 m²,6,4,https://example.invalid/demo/02677,2026-08-12,2026-08-18
DEMO-00278,demo,venta,casa,Casa 5D 3B en Chiguayante,8018.0,316711000,Chiguayante,Concepción,182 m²,5,3,https://example.invalid/demo/00278,2026-05-08,2026-05-13
DEMO-03123,demo,venta,departamento,Depto 3D 2B en Tomé,6365.0,251417500,Tomé,Concepción,95 m²,3,2,https://example.invalid/demo/03123,2026-05-25,2026-07-17
DEMO-02906,demo,venta,casa,Casa 3D 2B en Tomé,3550.0,140225000,Tomé,Concepción,112 m²,3,2,https://example.invalid/demo/02906,2026-08-21,2026-09-01
DEMO-03041,demo,venta,casa,Casa 6D 4B en Tomé,9332.0,368614000,Tomé,Concepción,262 m²,6,4,https://example.invalid/demo/03041,2026-08-26,2026-09-01
DEMO-01110,demo,venta,departamento,Depto 2D 1B en Concepción,3554.0,140383000,Concepción,Concepción,66 m²,2,1,https://example.invalid/demo/01110,2026-05-05,2026-05-16
DEMO-01323,demo,arriendo,casa,Casa 4D 2B en Hualpén,32.3,1275850,Hualpén,Concepción,152 m²,4,2,https://example.invalid/demo/01323,2026-06-29,2026-07-30
DEMO-01281,demo,venta,casa,Casa 5D 3B en Coronel,4717.0,186321500,Coronel,Concepción,,5,3,https://example.invalid/demo/01281,2026-06-06,2026-07-20
DEMO-01389,demo,venta,casa,Casa 6D 4B en Hualpén,6443.0,254498500,Hualpén,Concepción,258 m²,6,4,https://example.invalid/demo/01389,2026-06-17,2026-06-19
DEMO-02378,demo,venta,departamento,Depto 3D 2B en San Pedro de la Paz,7823.0,309008500,San Pedro de la Paz,Concepción,93 m²,3,2,https://example.invalid/demo/02378,2026-06-27,2026-07-05
DEMO-00469,demo,venta,departamento,Depto 2D 1B en Chiguayante,5154.0,203583000,Chiguayante,Concepción,61 m²,2,1,https://example.invalid/demo/00469,2026-05-06,2026-05-06
DEMO-02569,demo,venta,casa,Casa 5D 3B en Santa Juana,3686.0,145597000,Santa Juana,Concepción,177 m²,5,3,https://example.invalid/demo/02569,2026-07-19,2026-08-20
DEMO-01275,demo,venta,casa,Casa 3D 2B en Coronel,2889.0,114115500,Coronel,Concepción,95 m²,3,2,https://example.invalid/demo/01275,2026-07-18,2026-08-09
DEMO-02919,demo,venta,casa,Casa 5D 3B en Tomé,4458.0,176091000,Tomé,Concepción,,5,3,https://example.invalid/demo/02919,2026-08-03,2026-09-01
DEMO-00788,demo,venta,casa,Casa 6D 4B en Concepción,8334.0,329193000,Concepción,Concepción,218 m²,6,4,https://example.invalid/demo/00788,2026-06-11,2026-08-07
DEMO-02796,demo,venta,departamento,Depto 4D 2B en Talcahuano,4546.0,179567000,Talcahuano,Concepción,103 m²,4,2,https://example.invalid/demo/02796,2026-05-24,2026-07-05
DEMO-01845,demo,venta,departamento,Depto 2D 1B en Los Ángeles,1979.0,78170500,Los Ángeles,Biobío,51 m²,2,1,https://example.invalid/demo/01845,2026-06-18,2026-07-09
DEMO-01532,demo,venta,casa,Casa 4D 2B en Hualqui,3628.0,143306000,Hualqui,Concepción,149 m²,4,2,https://example.invalid/demo/01532,2026-06-27,2026-08-10
DEMO-02183,demo,venta,casa,Casa 4D 2B en San Pedro de la Paz,5832.0,230364000,San Pedro de la Paz,Concepción,148 m²,4,2,https://example.invalid/demo/02183,2026-08-19,2026-09-01
DEMO-00114,demo,venta,casa,Casa 3D 2B en Chiguayante,3050.0,120475000,Chiguayante,Concepción,95 m²,3,2,https://example.invalid/demo/00114,2026-05-08,2026-05-31
DEMO-00673,demo,venta,departamento,Depto 2D 1B en Chiguayante,37,1461500,Chiguayante,Concepción,68 m²,2,1,https://example.invalid/demo/00673,2026-07-01,2026-07-08
DEMO-01322,demo,arriendo,casa,Casa 4D 2B en Hualpén,22.9,904550,Hualpén,Concepción,126 m²,4,2,https://example.invalid/demo/01322,2026-06-10,2026-07-31
DEMO-00971,demo,venta,departamento,Depto 3D 2B en Concepción,6699.0,264610500,Concepción,Concepción,91 m²,3,2,https://example.invalid/demo/00971,2026-06-15,2026-06-16
DEMO-01996,demo,venta,casa,Casa 4D 2B en San Pedro de la Paz,6719.0,265400500,San Pedro de la Paz,Concepción,,4,2,https://example.invalid/demo/01996,2026-05-23,2026-06-10
DEMO-00463,demo,venta,departamento,Depto 2D 1B en Chiguayante,2761.0,109059500,Chiguayante,Concepción,46 m²,2,1,https://example.invalid/demo/00463,2026-06-03,2026-07-16
DEMO-01163,demo,venta,departamento,Depto 2D 1B en Concepción,2602.0,102779000,Concepción,Concepción,51 m²,2,1,https://example.invalid/demo/01163,2026-08-10,2026-09-01
DEMO-00150,demo,venta,casa,Casa 3D 2B en Chiguayante,2986.0,117947000,Chiguayante,Concepción,93 m²,3,2,https://example.invalid/demo/00150,2026-08-03,2026-09-01
DEMO-01850,demo,venta,departamento,Depto 2D 1B en Los Ángeles,3526.0,139277000,Los Ángeles,Biobío,56 m²,2,1,https://example.invalid/demo/01850,2026-05-14,2026-07-03
DEMO-02184,demo,venta,casa,Casa 3D 2B en San Pedro de la Paz,5141.0,203069500,San Pedro de la Paz,Concepción,105 m²,3,2,https://example.invalid/demo/02184,2026-05-24,2026-05-29
DEMO-01813,demo,venta,departamento,Depto 2D 1B en Los Ángeles,2241.0,88519500,Los Ángeles,Biobío,,2,1,https://example.invalid/demo/01813,2026-07-06,2026-08-17
DEMO-00724,demo,venta,casa,Casa 5D 3B en Concepción,9945.0,392827500,Concepción,Concepción,189 m²,5,3,https://example.invalid/demo/00724,2026-05-24,2026-05-28
DEMO-00834,demo,venta,casa,Casa 4D 2B en Concepción,6657.0,262951500,Concepción,Concepción,127 m²,4,2,https://example.invalid/demo/00834,2026-06-30,2026-08-29
DEMO-01559,demo,venta,casa,Casa 4D 2B en Los Ángeles,6432.0,254064000,Los Ángeles,Biobío,134 m²,4,2,https://example.invalid/demo/01559,2026-05-08,2026-06-05
DEMO-00867,demo,venta,casa,Casa 5D 3B en Concepción,6494.0,256513000,Concepción,Concepción,166 m²,5,3,https://example.invalid/demo/00867,2026-06-06,2026-07-21
DEMO-00234,demo,venta,casa,Casa 6D 4B en Chiguayante,10755.0,424822500,Chiguayante,Concepción,195 m²,6,4,https://example.invalid/demo/00234,2026-08-06,2026-09-01
DEMO-03001,demo,venta,casa,Casa 3D 2B en Tomé,2085.0,82357500,Tomé,Concepción,88 m²,3,2,https://example.invalid/demo/03001,2026-06-06,2026-06-21
DEMO-00647,demo,venta,departamento,Depto 2D 1B en Chiguayante,2260.0,89270000,Chiguayante,Concepción,42 m²,2,1,https://example.invalid/demo/00647,2026-08-17,2026-09-01
DEMO-01774,demo,venta,departamento,Depto 3D 2B en Los Ángeles,2741.0,108269500,Los Ángeles,Biobío,71 m²,3,2,https://example.invalid/demo/01774,2026-06-04,2026-06-14
DEMO-02784,demo,venta,departamento,Depto 4D 2B en Talcahuano,4449.0,175735500,Talcahuano,Concepción,99 m²,4,2,https://example.invalid/demo/02784,2026-06-01,2026-06-25
DEMO-02441,demo,venta,departamento,Depto 3D 2B en San Pedro de la Paz,3134.0,123793000,San Pedro de la Paz,Concepción,71 m²,3,2,https://example.invalid/demo/02441,2026-05-25,2026-05-31
DEMO-01899,demo,venta,casa,Casa 3D 2B en Penco,3156.0,124662000,Penco,Concepción,,3,2,https://example.invalid/demo/01899,2026-07-13,2026-09-01
DEMO-01885,demo,venta,casa,Casa 5D 3B en Penco,3191.0,126044500,Penco,Concepción,161 m²,5,3,https://example.invalid/demo/01885,2026-06-19,2026-07-18
DEMO-01529,demo,venta,casa,Casa 6D 4B en Hualqui,4425.0,174787500,Hualqui,Concepción,202 m²,6,4,https://example.invalid/demo/01529,2026-08-15,2026-09-01
DEMO-00914,demo,venta,casa,Casa 4D 2B en Concepción,8430.0,332985000,Concepción,Concepción,,4,2,https://example.invalid/demo/00914,2026-05-06,2026-06-15
DEMO-01602,demo,venta,casa,Casa 6D 4B en Los Ángeles,9541.0,376869500,Los Ángeles,Biobío,251 m²,6,4,https://example.invalid/demo/01602,2026-05-11,2026-05-28
DEMO-00925,demo,venta,casa,Casa 3D 2B en Concepción,4625.0,182687500,Concepción,Concepción,95 m²,3,2,https://example.invalid/demo/00925,2026-06-03,2026-06-23
DEMO-00379,demo,venta,casa,Casa 4D 2B en Chiguayante,4790.0,189205000,Chiguayante,Concepción,141 m²,4,2,https://example.invalid/demo/00379,2026-08-03,2026-09-01
DEMO-02048,demo,venta,casa,Casa 4D 2B en San Pedro de la Paz,4520.0,178540000,San Pedro de la Paz,Concepción,133 m²,4,2,https://example.invalid/demo/02048,2026-05-09,2026-06-07
DEMO-00246,demo,venta,casa,Casa 3D 2B en Chiguayante,4030.0,159185000,Chiguayante,Concepción,89 m²,3,2,https://example.invalid/demo/00246,2026-08-27,2026-09-01
DEMO-01869,demo,venta,departamento,Depto 2D 1B en Los Ángeles,1965.0,77617500,Los Ángeles,Biobío,,2,1,https://example.invalid/demo/01869,2026-07-28,2026-09-01
DEMO-01298,demo,venta,departamento,Depto 4D 2B en Coronel,4441.0,175419500,Coronel,Concepción,112 m²,4,2,https://example.invalid/demo/01298,2026-06-07,2026-06-07
DEMO-00295,demo,venta,casa,Casa 5D 3B en Chiguayante,5404.0,213458000,Chiguayante,Concepción,164 m²,5,3,https://example.invalid/demo/00295,2026-07-22,2026-08-20
DEMO-00585,demo,venta,departamento,Depto 3D 2B en Chiguayante,0,0,Chiguayante,Concepción,71 m²,3,2,https://example.invalid/demo/00585,2026-07-03,2026-07-14
DEMO-00786,demo,venta,casa,Casa 5D 3B en Concepción,7215.0,284992500,Concepción,Concepción,160 m²,5,3,https://example.invalid/demo/00786,2026-05-17,2026-07-03
DEMO-00846,demo,venta,casa,Casa 5D 3B en Concepción,8076.0,319002000,Concepción,Concepción,172 m²,5,3,https://example.invalid/demo/00846,2026-06-22,2026-08-19
DEMO-00519,demo,venta,departamento,Depto 3D 2B en Chiguayante,4937.0,195011500,Chiguayante,Concepción,97 m²,3,2,https://example.invalid/demo/00519,2026-05-24,2026-07-16
DEMO-00866,demo,venta,casa,Casa 4D 2B en Concepción,5061.0,199909500,Concepción,Concepción,152 m²,4,2,https://example.invalid/demo/00866,2026-07-21,2026-09-01
DEMO-00059,demo,arriendo,casa,Casa 6D 4B en Chiguayante,10984,433868000,Chiguayante,Concepción,281 m²,6,4,https://example.invalid/demo/00059,2026-07-09,2026-07-31
DEMO-01503,demo,venta,casa,Casa 6D 4B en Hualqui,4305.0,170047500,Hualqui,Concepción,195 m²,6,4,https://example.invalid/demo/01503,2026-08-14,2026-09-01
DEMO-03078,demo,venta,casa,Casa 3D 2B en Tomé,4908.0,193866000,Tomé,Concepción,101 m²,3,2,https://example.invalid/demo/03078,2026-07-08,2026-08-15
DEMO-01345,demo,venta,casa,Casa 2D 1B en Hualpén,3641.0,143819500,Hualpén,Concepción,87 m²,2,1,https://example.invalid/demo/01345,2026-06-21,2026-08-03
DEMO-01618,demo,venta,casa,Casa 3D 2B en Los Ángeles,3444.0,136038000,Los Ángeles,Biobío,118 m²,3,2,https://example.invalid/demo/01618,2026-08-13,2026-09-01
DEMO-02025,demo,venta,casa,Casa 6D 4B en San Pedro de la Paz,16500.0,651750000,San Pedro de la Paz,Concepción,,6,4,https://example.invalid/demo/02025,2026-07-24,2026-08-17
DEMO-01889,demo,venta,casa,Casa 3D 2B en Penco,4331.0,171074500,Penco,Concepción,120 m²,3,2,https://example.invalid/demo/01889,2026-05-30,2026-07-25
DEMO-00055,demo,arriendo,casa,Casa 3D 2B en Chiguayante,21.6,853200,Chiguayante,Concepción,117 m²,3,2,https://example.invalid/demo/00055,2026-05-16,2026-07-09
DEMO-01944,demo,venta,departamento,Depto 3D 2B en Penco,4287.0,169336500,Penco,Concepción,92 m²,3,2,https://example.invalid/demo/01944,2026-06-10,2026-06-25
DEMO-01369,demo,venta,casa,Casa 4D 2B en Hualpén,4888.0,193076000,Hualpén,Concepción,137 m²,4,2,https://example.invalid/demo/01369,2026-06-10,2026-07-31
DEMO-00825,demo,venta,casa,Casa 3D 2B en Concepción,5934.0,234393000,Concepción,Concepción,113 m²,3,2,https://example.invalid/demo/00825,2026-08-24,2026-08-31
DEMO-02396,demo,venta,departamento,Depto 2D 1B en San Pedro de la Paz,4591.0,181344500,San Pedro de la Paz,Concepción,64 m²,2,1,https://example.invalid/demo/02396,2026-08-14,2026-09-01
DEMO-01895,demo,venta,casa,Casa 6D 4B en Penco,7729.0,305295500,Penco,Concepción,210 m²,6,4,https://example.invalid/demo/01895,2026-05-22,2026-07-08
DEMO-01905,demo,venta,casa,Casa 5D 3B en Penco,5754.0,227283000,Penco,Concepción,182 m²,5,3,https://example.invalid/demo/01905,2026-05-18,2026-05-25
DEMO-01139,demo,venta,departamento,Depto 2D 1B en Concepción,3685.0,145557500,Concepción,Concepción,,2,1,https://example.invalid/demo/01139,2026-05-12,2026-06-22
DEMO-02014,demo,venta,casa,Casa 3D 2B en San Pedro de la Paz,5295.0,209152500,San Pedro de la Paz,Concepción,,3,2,https://example.invalid/demo/02014,2026-06-07,2026-06-07
DEMO-01113,demo,venta,departamento,Depto 3D 2B en Concepción,5291.0,208994500,Concepción,Concepción,,3,2,https://example.invalid/demo/01113,2026-06-07,2026-07-20
DEMO-00263,demo,venta,casa,Casa 6D 4B en Chiguayante,8867.0,350246500,Chiguayante,Concepción,199 m²,6,4,https://example.invalid/demo/00263,2026-06-24,2026-07-01
DEMO-02879,demo,venta,casa,Casa 4D 2B en Tomé,3952.0,156104000,Tomé,Concepción,136 m²,4,2,https://example.invalid/demo/02879,2026-07-19,2026-08-08
DEMO-02531,demo,venta,departamento,Depto 3D 2B en San Pedro de la Paz,5781.0,228349500,San Pedro de la Paz,Concepción,84 m²,3,2,https://example.invalid/demo/02531,2026-08-04,2026-08-05
DEMO-00086,demo,venta,casa,Casa 6D 4B en Chiguayante,7373.0,291233500,Chiguayante,Concepción,232 m²,6,4,https://example.invalid/demo/00086,2026-06-27,2026-08-21
DEMO-02398,demo,venta,departamento,Depto 4D 2B en San Pedro de la Paz,10842.0,428259000,San Pedro de la Paz,Concepción,122 m²,4,2,https://example.invalid/demo/02398,2026-05-28,2026-06-25
DEMO-01107,demo,venta,departamento,Depto 3D 2B en Concepción,4833.0,190903500,Concepción,Concepción,,3,2,https://example.invalid/demo/01107,2026-06-30,2026-07-13
DEMO-02007,demo,venta,casa,Casa 4D 2B en San Pedro de la Paz,5692.0,224834000,San Pedro de la Paz,Concepción,,4,2,https://example.invalid/demo/02007,2026-07-03,2026-08-12
DEMO-02850,demo,venta,departamento,Depto 2D 1B en Talcahuano,3149.0,124385500,Talcahuano,Concepción,64 m²,2,1,https://example.invalid/demo/02850,2026-07-24,2026-08-16
DEMO-02223,demo,venta,casa,Casa 4D 2B en San Pedro de la Paz,5300.0,209350000,San Pedro de la Paz,Concepción,,4,2,https://example.invalid/demo/02223,2026-05-24,2026-06-05
DEMO-00930,demo,venta,casa,Casa 3D 2B en Concepción,8843.0,349298500,Concepción,Concepción,122 m²,3,2,https://example.invalid/demo/00930,2026-08-23,2026-09-01
DEMO-00521,demo,venta,departamento,Depto 2D 1B en Chiguayante,2609.0,103055500,Chiguayante,Concepción,57 m²,2,1,https://example.invalid/demo/00521,2026-05-07,2026-06-01
DEMO-00706,demo,venta,casa,Casa 6D 4B en Concepción,13974.0,551973000,Concepción,Concepción,202 m²,6,4,https://example.invalid/demo/00706,2026-05-10,2026-05-25
DEMO-02818,demo,venta,departamento,Depto 5D 3B en Talcahuano,5543.0,218948500,Talcahuano,Concepción,137 m²,5,3,https://example.invalid/demo/02818,2026-08-24,2026-09-01
DEMO-00664,demo,venta,departamento,Depto 5D 3B en Chiguayante,6128.0,242056000,Chiguayante,Concepción,128 m²,5,3,https://example.invalid/demo/00664,2026-06-26,2026-08-25
DEMO-00954,demo,arriendo,departamento,Depto 3D 2B en Concepción,17.4,687300,Concepción,Concepción,80 m²,3,2,https://example.invalid/demo/00954,2026-07-08,2026-09-01
DEMO-02275,demo,venta,departamento,Depto 4D 2B en San Pedro de la Paz,6390.0,252405000,San Pedro de la Paz,Concepción,,4,2,https://example.invalid/demo/02275,2026-08-30,2026-09-01
DEMO-02554,demo,venta,departamento,Depto 2D 1B en San Pedro de la Paz,3317.0,131021500,San Pedro de la Paz,Concepción,62 m²,2,1,https://example.invalid/demo/02554,2026-07-09,2026-07-13
DEMO-00583,demo,venta,departamento,Depto 2D 1B en Chiguayante,2209.0,87255500,Chiguayante,Concepción,62 m²,2,1,https://example.invalid/demo/00583,2026-08-27,2026-09-01
DEMO-01549,demo,venta,casa,Casa 3D 2B en Los Ángeles,5063.0,199988500,Los Ángeles,Biobío,115 m²,3,2,https://example.invalid/demo/01549,2026-05-30,2026-07-02
DEMO-00933,demo,venta,casa,Casa 3D 2B en Concepción,4632.0,182964000,Concepción,Concepción,,3,2,https://example.invalid/demo/00933,2026-05-17,2026-06-12
DEMO-03026,demo,venta,casa,Casa 6D 4B en Tomé,7503.0,296368500,Tomé,Concepción,237 m²,6,4,https://example.invalid/demo/03026,2026-07-07,2026-08-25
DEMO-00811,demo,venta,casa,Casa 6D 4B en Concepción,10176.0,401952000,Concepción,Concepción,203 m²,6,4,https://example.invalid/demo/00811,2026-06-14,2026-07-21
DEMO-01982,demo,arriendo,casa,Casa 3D 2B en San Pedro de la Paz,16.2,639900,San Pedro de la Paz,Concepción,89 m²,3,2,https://example.invalid/demo/01982,2026-06-06,2026-07-16
DEMO-03129,demo,venta,departamento,Depto 4D 2B en Tomé,5469.0,216025500,Tomé,Concepción,,4,2,https://example.invalid/demo/03129,2026-07-21,2026-09-01
DEMO-00929,demo,venta,casa,Casa 4D 2B en Concepción,9666.0,381807000,Concepción,Concepción,152 m²,4,2,https://example.invalid/demo/00929,2026-05-26,2026-05-30
DEMO-02958,demo,venta,casa,Casa 6D 4B en Tomé,5586.0,220647000,Tomé,Concepción,210 m²,6,4,https://example.invalid/demo/02958,2026-07-01,2026-08-28
DEMO-00231,demo,venta,casa,Casa 3D 2B en Chiguayante,3422.0,135169000,Chiguayante,Concepción,90 m²,3,2,https://example.invalid/demo/00231,2026-05-21,2026-06-22
DEMO-02538,demo,venta,departamento,Depto 2D 1B en San Pedro de la Paz,2147.0,84806500,San Pedro de la Paz,Concepción,51 m²,2,1,https://example.invalid/demo/02538,2026-05-14,2026-06-08
DEMO-02791,demo,venta,departamento,Depto 2D 1B en Talcahuano,3114.0,123003000,Talcahuano,Concepción,56 m²,2,1,https://example.invalid/demo/02791,2026-07-21,2026-08-11
DEMO-00202,demo,venta,casa,Casa 6D 4B en Chiguayante,9934.0,392393000,Chiguayante,Concepción,276 m²,6,4,https://example.invalid/demo/00202,2026-07-18,2026-07-23
DEMO-00507,demo,venta,departamento,Depto 3D 2B en Chiguayante,4786.0,189047000,Chiguayante,Concepción,92 m²,3,2,https://example.invalid/demo/00507,2026-05-16,2026-06-19
DEMO-01501,demo,venta,departamento,Depto 1D 1B en Hualpén,1558.0,61541000,Hualpén,Concepción,39 m²,1,1,https://example.invalid/demo/01501,2026-09-01,2026-09-01
DEMO-01911,demo,venta,casa,Casa 5D 3B en Penco,4052.0,160054000,Penco,Concepción,179 m²,5,3,https://example.invalid/demo/01911,2026-08-17,2026-09-01
DEMO-02528,demo,venta,departamento,Depto 3D 2B en San Pedro de la Paz,5907.0,233326500,San Pedro de la Paz,Concepción,81 m²,3,2,https://example.invalid/demo/02528,2026-08-15,2026-09-01
DEMO-01858,demo,venta,departamento,Depto 4D 2B en Los Ángeles,4875.0,192562500,Los Ángeles,Biobío,,4,2,https://example.invalid/demo/01858,2026-06-19,2026-06-30
DEMO-01066,demo,venta,departamento,Depto 3D 2B en Concepción,4356.0,172062000,Concepción,Concepción,73 m²,3,2,https://example.invalid/demo/01066,2026-05-16,2026-06-24
DEMO-02356,demo,venta,departamento,Depto 3D 2B en San Pedro de la Paz,3792.0,149784000,San Pedro de la Paz,Concepción,95 m²,3,2,https://example.invalid/demo/02356,2026-07-28,2026-09-01
DEMO-03148,demo,venta,departamento,Depto 3D 2B en Tomé,3829.0,151245500,Tomé,Concepción,91 m²,3,2,https://example.invalid/demo/03148,2026-06-29,2026-07-28
DEMO-01366,demo,venta,casa,Casa 6D 4B en Hualpén,7860.0,310470000,Hualpén,Concepción,204 m²,6,4,https://example.invalid/demo/01366,2026-05-07,2026-05-20
DEMO-00079,demo,venta,casa,Casa 4D 2B en Chiguayante,5318.0,210061000,Chiguayante,Concepción,,4,2,https://example.invalid/demo/00079,2026-05-04,2026-05-30
DEMO-00077,demo,venta,casa,Casa 4D 2B en Chiguayante,5080.0,200660000,Chiguayante,Concepción,132 m²,4,2,https://example.invalid/demo/00077,2026-08-13,2026-09-01
DEMO-02469,demo,venta,departamento,Depto 4D 2B en San Pedro de la Paz,5705.0,225347500,San Pedro de la Paz,Concepción,103 m²,4,2,https://example.invalid/demo/02469,2026-08-04,2026-09-01
DEMO-01181,demo,venta,departamento,Depto 2D 1B en Concepción,2944.0,116288000,Concepción,Concepción,70 m²,2,1,https://example.invalid/demo/01181,2026-07-31,2026-09-01
DEMO-02902,demo,venta,casa,Casa 6D 4B en Tomé,4988.0,197026000,Tomé,Concepción,221 m²,6,4,https://example.invalid/demo/02902,2026-05-13,2026-05-22
DEMO-00662,demo,venta,departamento,Depto 3D 2B en Chiguayante,3298.0,130271000,Chiguayante,Concepción,75 m²,3,2,https://example.invalid/demo/00662,2026-06-01,2026-07-09
DEMO-01442,demo,venta,departamento,Depto 2D 1B en Hualpén,1690.0,66755000,Hualpén,Concepción,57 m²,2,1,https://example.invalid/demo/01442,2026-07-25,2026-07-29
DEMO-01024,demo,venta,departamento,Depto 3D 2B en Concepción,0,0,Concepción,Concepción,,3,2,https://example.invalid/demo/01024,2026-07-17,2026-09-01
DEMO-00935,demo,venta,casa,Casa 3D 2B en Concepción,6376.0,251852000,Concepción,Concepción,118 m²,3,2,https://example.invalid/demo/00935,2026-07-10,2026-09-01
DEMO-02521,demo,venta,departamento,Depto 2D 1B en San Pedro de la Paz,3368.0,133036000,San Pedro de la Paz,Concepción,52 m²,2,1,https://example.invalid/demo/02521,2026-06-01,2026-07-02
DEMO-02856,demo,venta,departamento,Depto 2D 1B en Talcahuano,4071.0,160804500,Talcahuano,Concepción,65 m²,2,1,https://example.invalid/demo/02856,2026-06-17,2026-07-02
DEMO-01090,demo,venta,departamento,Depto 3D 2B en Concepción,7662.0,302649000,Concepción,Concepción,87 m²,3,2,https://example.invalid/demo/01090,2026-06-10,2026-06-11
DEMO-01434,demo,venta,departamento,Depto 2D 1B en Hualpén,2207.0,87176500,Hualpén,Concepción,43 m²,2,1,https://example.invalid/demo/01434,2026-07-05,2026-08-17
DEMO-00333,demo,venta,casa,Casa 6D 4B en Chiguayante,9306.0,367587000,Chiguayante,Concepción,219 m²,6,4,https://example.invalid/demo/00333,2026-08-28,2026-09-01
DEMO-01128,demo,venta,departamento,Depto 2D 1B en Concepción,4038.0,159501000,Concepción,Concepción,,2,1,https://example.invalid/demo/01128,2026-07-26,2026-08-14
DEMO-02669,demo,venta,casa,Casa 5D 3B en Talcahuano,0,0,Talcahuano,Concepción,176 m²,5,3,https://example.invalid/demo/02669,2026-08-28,2026-09-01
DEMO-01285,demo,venta,casa,Casa 6D 4B en Coronel,4693.0,185373500,Coronel,Concepción,201 m²,6,4,https://example.invalid/demo/01285,2026-05-29,2026-06-17
DEMO-02293,demo,venta,departamento,Depto 4D 2B en San Pedro de la Paz,6153.0,243043500,San Pedro de la Paz,Concepción,,4,2,https://example.invalid/demo/02293,2026-08-16,2026-09-01
DEMO-02271,demo,venta,departamento,Depto 3D 2B en San Pedro de la Paz,5315.0,209942500,San Pedro de la Paz,Concepción,81 m²,3,2,https://example.invalid/demo/02271,2026-08-14,2026-09-01
DEMO-01753,demo,venta,departamento,Depto 3D 2B en Los Ángeles,4354.0,171983000,Los Ángeles,Biobío,95 m²,3,2,https://example.invalid/demo/01753,2026-06-28,2026-07-16
DEMO-02104,demo,venta,casa,Casa 5D 3B en San Pedro de la Paz,5287.0,208836500,San Pedro de la Paz,Concepción,174 m²,5,3,https://example.invalid/demo/02104,2026-07-06,2026-08-24
DEMO-00551,demo,venta,departamento,Depto 3D 2B en Chiguayante,4286.0,169297000,Chiguayante,Concepción,80 m²,3,2,https://example.invalid/demo/00551,2026-05-27,2026-07-25
DEMO-00864,demo,venta,casa,Casa 6D 4B en Concepción,11245.0,444177500,Concepción,Concepción,,6,4,https://example.invalid/demo/00864,2026-06-09,2026-06-25
DEMO-01595,demo,venta,casa,Casa 4D 2B en Los Ángeles,6421.0,253629500,Los Ángeles,Biobío,,4,2,https://example.invalid/demo/01595,2026-08-01,2026-08-05
DEMO-01116,demo,venta,departamento,Depto 4D 2B en Concepción,7601.0,300239500,Concepción,Concepción,107 m²,4,2,https://example.invalid/demo/01116,2026-05-25,2026-07-12
DEMO-02768,demo,venta,departamento,Depto 2D 1B en Talcahuano,2995.0,118302500,Talcahuano,Concepción,58 m²,2,1,https://example.invalid/demo/02768,2026-05-14,2026-05-16
DEMO-01592,demo,venta,casa,Casa 6D 4B en Los Ángeles,8394.0,331563000,Los Ángeles,Biobío,254 m²,6,4,https://example.invalid/demo/01592,2026-07-22,2026-08-18
DEMO-02235,demo,venta,casa,Casa 6D 4B en San Pedro de la Paz,13629.0,538345500,San Pedro de la Paz,Concepción,281 m²,6,4,https://example.invalid/demo/02235,2026-06-17,2026-06-21
DEMO-01641,demo,venta,casa,Casa 2D 1B en Los Ángeles,2762.0,109099000,Los Ángeles,Biobío,71 m²,2,1,https://example.invalid/demo/01641,2026-08-21,2026-09-01
DEMO-01483,demo,venta,departamento,Depto 2D 1B en Hualpén,3555.0,140422500,Hualpén,Concepción,62 m²,2,1,https://example.invalid/demo/01483,2026-08-24,2026-09-01
DEMO-01272,demo,venta,casa,Casa 6D 4B en Coronel,6992.0,276184000,Coronel,Concepción,227 m²,6,4,https://example.invalid/demo/01272,2026-06-25,2026-07-17
DEMO-02362,demo,venta,departamento,Depto 3D 2B en San Pedro de la Paz,3261.0,128809500,San Pedro de la Paz,Concepción,77 m²,3,2,https://example.invalid/demo/02362,2026-05-06,2026-05-10
DEMO-02907,demo,venta,casa,Casa 3D 2B en Tomé,2845.0,112377500,Tomé,Concepción,,3,2,https://example.invalid/demo/02907,2026-06-27,2026-07-21
DEMO-00053,demo,arriendo,casa,Casa 3D 2B en Chiguayante,19.1,754450,Chiguayante,Concepción,107 m²,3,2,https://example.invalid/demo/00053,2026-05-20,2026-07-12
DEMO-00321,demo,venta,casa,Casa 6D 4B en Chiguayante,13621.0,538029500,Chiguayante,Concepción,265 m²,6,4,https://example.invalid/demo/00321,2026-06-22,2026-07-20
DEMO-02964,demo,venta,casa,Casa 4D 2B en Tomé,2959.0,116880500,Tomé,Concepción,145 m²,4,2,https://example.invalid/demo/02964,2026-07-30,2026-09-01
DEMO-02323,demo,venta,departamento,Depto 3D 2B en San Pedro de la Paz,3873.0,152983500,San Pedro de la Paz,Concepción,78 m²,3,2,https://example.invalid/demo/02323,2026-07-10,2026-07-19
DEMO-00791,demo,venta,casa,Casa 3D 2B en Concepción,3756.0,148362000,Concepción,Concepción,98 m²,3,2,https://example.invalid/demo/00791,2026-07-17,2026-08-21
DEMO-01115,demo,venta,departamento,Depto 2D 1B en Concepción,0,0,Concepción,Concepción,59 m²,2,1,https://example.invalid/demo/01115,2026-08-18,2026-09-01
DEMO-02997,demo,venta,casa,Casa 4D 2B en Tomé,5174.0,204373000,Tomé,Concepción,153 m²,4,2,https://example.invalid/demo/02997,2026-08-27,2026-09-01
DEMO-02706,demo,venta,casa,Casa 5D 3B en Talcahuano,4003.0,158118500,Talcahuano,Concepción,182 m²,5,3,https://example.invalid/demo/02706,2026-08-25,2026-09-01
DEMO-01252,demo,venta,casa,Casa 5D 3B en Coronel,4224.0,166848000,Coronel,Concepción,182 m²,5,3,https://example.invalid/demo/01252,2026-08-04,2026-09-01
DEMO-02202,demo,venta,casa,Casa 3D 2B en San Pedro de la Paz,3499.0,138210500,San Pedro de la Paz,Concepción,,3,2,https://example.invalid/demo/02202,2026-05-26,2026-07-13
DEMO-01206,demo,venta,departamento,Depto 3D 2B en Concepción,4844.0,191338000,Concepción,Concepción,97 m²,3,2,https://example.invalid/demo/01206,2026-08-08,2026-08-17
DEMO-00512,demo,venta,departamento,Depto 4D 2B en Chiguayante,5665.0,223767500,Chiguayante,Concepción,113 m²,4,2,https://example.invalid/demo/00512,2026-05-24,2026-06-07
DEMO-02618,demo,venta,casa,Casa 2D 1B en Talcahuano,1870.0,73865000,Talcahuano,Concepción,83 m²,2,1,https://example.invalid/demo/02618,2026-07-27,2026-08-11
DEMO-01292,demo,venta,casa,Casa 6D 4B en Coronel,5374.0,212273000,Coronel,Concepción,233 m²,6,4,https://example.invalid/demo/01292,2026-07-05,2026-07-16
DEMO-01648,demo,venta,casa,Casa 4D 2B en Los Ángeles,5556.0,219462000,Los Ángeles,Biobío,136 m²,4,2,https://example.invalid/demo/01648,2026-08-12,2026-08-12
DEMO-01422,demo,venta,departamento,Depto 3D 2B en Hualpén,4141.0,163569500,Hualpén,Concepción,88 m²,3,2,https://example.invalid/demo/01422,2026-06-28,2026-08-15
DEMO-00420,demo,venta,casa,Casa 6D 4B en Chiguayante,8464.0,334328000,Chiguayante,Concepción,212 m²,6,4,https://example.invalid/demo/00420,2026-09-01,2026-09-01
DEMO-00381,demo,venta,casa,Casa 6D 4B en Chiguayante,9289.0,366915500,Chiguayante,Concepción,,6,4,https://example.invalid/demo/00381,2026-06-08,2026-07-19
DEMO-02904,demo,venta,casa,Casa 4D 2B en Tomé,4852.0,191654000,Tomé,Concepción,141 m²,4,2,https://example.invalid/demo/02904,2026-05-22,2026-07-06
DEMO-00139,demo,venta,casa,Casa 6D 4B en Chiguayante,7650.0,302175000,Chiguayante,Concepción,202 m²,6,4,https://example.invalid/demo/00139,2026-05-10,2026-07-07
DEMO-00122,demo,venta,casa,Casa 3D 2B en Chiguayante,3561.0,140659500,Chiguayante,Concepción,98 m²,3,2,https://example.invalid/demo/00122,2026-06-30,2026-08-04
DEMO-01521,demo,venta,casa,Casa 5D 3B en Hualqui,3388.0,133826000,Hualqui,Concepción,175 m²,5,3,https://example.invalid/demo/01521,2026-07-11,2026-08-01
DEMO-00161,demo,venta,casa,Casa 6D 4B en Chiguayante,10410.0,411195000,Chiguayante,Concepción,273 m²,6,4,https://example.invalid/demo/00161,2026-06-14,2026-06-17
DEMO-03015,demo,venta,casa,Casa 3D 2B en Tomé,2622.0,103569000,Tomé,Concepción,105 m²,3,2,https://example.invalid/demo/03015,2026-07-06,2026-08-26
DEMO-02168,demo,venta,casa,Casa 4D 2B en San Pedro de la Paz,5716.0,225782000,San Pedro de la Paz,Concepción,139 m²,4,2,https://example.invalid/demo/02168,2026-05-14,2026-06-03
DEMO-00548,demo,venta,departamento,Depto 2D 1B en Chiguayante,4019.0,158750500,Chiguayante,Concepción,70 m²,2,1,https://example.invalid/demo/00548,2026-07-01,2026-08-09
DEMO-00233,demo,venta,casa,Casa 4D 2B en Chiguayante,6910.0,272945000,Chiguayante,Concepción,,4,2,https://example.invalid/demo/00233,2026-08-18,2026-09-01
DEMO-02252,demo,venta,casa,Casa 6D 4B en San Pedro de la Paz,7037.0,277961500,San Pedro de la Paz,Concepción,217 m²,6,4,https://example.invalid/demo/02252,2026-05-07,2026-05-14
DEMO-00720,demo,venta,casa,Casa 5D 3B en Concepción,6532.0,258014000,Concepción,Concepción,175 m²,5,3,https://example.invalid/demo/00720,2026-05-04,2026-06-12
DEMO-00626,demo,venta,departamento,Depto 2D 1B en Chiguayante,5309.0,209705500,Chiguayante,Concepción,70 m²,2,1,https://example.invalid/demo/00626,2026-06-25,2026-08-23
DEMO-00262,demo,venta,casa,Casa 3D 2B en Chiguayante,4313.0,170363500,Chiguayante,Concepción,88 m²,3,2,https://example.invalid/demo/00262,2026-07-27,2026-08-17
DEMO-02458,demo,venta,departamento,Depto 4D 2B en San Pedro de la Paz,4708.0,185966000,San Pedro de la Paz,Concepción,116 m²,4,2,https://example.invalid/demo/02458,2026-05-06,2026-06-17
DEMO-02125,demo,venta,casa,Casa 5D 3B en San Pedro de la Paz,8185.0,323307500,San Pedro de la Paz,Concepción,160 m²,5,3,https://example.invalid/demo/02125,2026-06-01,2026-07-13
DEMO-00651,demo,venta,departamento,Depto 2D 1B en Chiguayante,4384.0,173168000,Chiguayante,Concepción,,2,1,https://example.invalid/demo/00651,2026-05-12,2026-06-23
DEMO-01358,demo,venta,casa,Casa 5D 3B en Hualpén,6505.0,256947500,Hualpén,Concepción,160 m²,5,3,https://example.invalid/demo/01358,2026-05-08,2026-06-14
DEMO-01560,demo,venta,casa,Casa 3D 2B en Los Ángeles,3281.0,129599500,Los Ángeles,Biobío,103 m²,3,2,https://example.invalid/demo/01560,2026-06-15,2026-07-12
DEMO-02867,demo,venta,departamento,Depto 3D 2B en Talcahuano,3707.0,146426500,Talcahuano,Concepción,92 m²,3,2,https://example.invalid/demo/02867,2026-08-03,2026-08-28
DEMO-01379,demo,venta,casa,Casa 3D 2B en Hualpén,3374.0,133273000,Hualpén,Concepción,97 m²,3,2,https://example.invalid/demo/01379,2026-05-09,2026-06-07
DEMO-02045,demo,venta,casa,Casa 4D 2B en San Pedro de la Paz,9858.0,389391000,San Pedro de la Paz,Concepción,148 m²,4,2,https://example.invalid/demo/02045,2026-05-30,2026-06-23
DEMO-02122,demo,venta,casa,Casa 4D 2B en San Pedro de la Paz,8795.0,347402500,San Pedro de la Paz,Concepción,151 m²,4,2,https://example.invalid/demo/02122,2026-06-26,2026-07-23
DEMO-00058,demo,arriendo,casa,Casa 3D 2B en Chiguayante,22.5,888750,Chiguayante,Concepción,117 m²,3,2,https://example.invalid/demo/00058,2026-07-18,2026-07-26
DEMO-00187,demo,venta,casa,Casa 6D 4B en Chiguayante,9114.0,360003000,Chiguayante,Concepción,218 m²,6,4,https://example.invalid/demo/00187,2026-07-09,2026-08-30
DEMO-02144,demo,venta,casa,Casa 5D 3B en San Pedro de la Paz,6168.0,243636000,San Pedro de la Paz,Concepción,172 m²,5,3,https://example.invalid/demo/02144,2026-07-08,2026-08-19
DEMO-02552,demo,venta,departamento,Depto 3D 2B en San Pedro de la Paz,5544.0,218988000,San Pedro de la Paz,Concepción,94 m²,3,2,https://example.invalid/demo/02552,2026-07-12,2026-08-11
DEMO-00247,demo,venta,casa,Casa 6D 4B en Chiguayante,8413.0,332313500,Chiguayante,Concepción,,6,4,https://example.invalid/demo/00247,2026-06-13,2026-07-17
DEMO-02887,demo,venta,casa,Casa 5D 3B en Tomé,6502.0,256829000,Tomé,Concepción,162 m²,5,3,https://example.invalid/demo/02887,2026-08-21,2026-09-01
DEMO-02238,demo,venta,casa,Casa 6D 4B en San Pedro de la Paz,10903.0,430668500,San Pedro de la Paz,Concepción,290 m²,6,4,https://example.invalid/demo/02238,2026-07-02,2026-07-21
DEMO-01778,demo,venta,departamento,Depto 2D 1B en Los Ángeles,4338.0,171351000,Los Ángeles,Biobío,70 m²,2,1,https://example.invalid/demo/01778,2026-08-06,2026-08-11
DEMO-00044,demo,arriendo,casa,Casa 5D 3B en Chiguayante,30.2,1192900,Chiguayante,Concepción,,5,3,https://example.invalid/demo/00044,2026-08-16,2026-09-01
DEMO-00731,demo,venta,casa,Casa 6D 4B en Concepción,9209.0,363755500,Concepción,Concepción,204 m²,6,4,https://example.invalid/demo/00731,2026-08-27,2026-09-01
DEMO-01319,demo,arriendo,casa,Casa 6D 4B en Hualpén,42.4,1674800,Hualpén,Concepción,240 m²,6,4,https://example.invalid/demo/01319,2026-08-25,2026-09-01
DEMO-02384,demo,venta,departamento,Depto 3D 2B en San Pedro de la Paz,4303.0,169968500,San Pedro de la Paz,Concepción,79 m²,3,2,https://example.invalid/demo/02384,2026-07-17,2026-07-26
DEMO-00481,demo,venta,departamento,Depto 3D 2B en Chiguayante,6203.0,245018500,Chiguayante,Concepción,95 m²,3,2,https://example.invalid/demo/00481,2026-06-05,2026-07-20
DEMO-02650,demo,venta,casa,Casa 6D 4B en Talcahuano,6408.0,253116000,Talcahuano,Concepción,221 m²,6,4,https://example.invalid/demo/02650,2026-07-20,2026-09-01
DEMO-00309,demo,venta,casa,Casa 6D 4B en Chiguayante,14975.0,591512500,Chiguayante,Concepción,220 m²,6,4,https://example.invalid/demo/00309,2026-05-20,2026-06-28
DEMO-02158,demo,venta,casa,Casa 6D 4B en San Pedro de la Paz,11310.0,446745000,San Pedro de la Paz,Concepción,216 m²,6,4,https://example.invalid/demo/02158,2026-08-13,2026-09-01
DEMO-01254,demo,venta,casa,Casa 2D 1B en Coronel,2000.0,79000000,Coronel,Concepción,,2,1,https://example.invalid/demo/01254,2026-08-10,2026-09-01
DEMO-01314,demo,arriendo,casa,Casa 6D 4B en Hualpén,25.5,1007250,Hualpén,Concepción,244 m²,6,4,https://example.invalid/demo/01314,2026-06-22,2026-08-06
DEMO-02666,demo,venta,casa,Casa 4D 2B en Talcahuano,2943.0,116248500,Talcahuano,Concepción,,4,2,https://example.invalid/demo/02666,2026-05-17,2026-06-04
DEMO-00530,demo,venta,departamento,Depto 2D 1B en Chiguayante,4004.0,158158000,Chiguayante,Concepción,62 m²,2,1,https://example.invalid/demo/00530,2026-06-14,2026-06-14
DEMO-01020,demo,venta,departamento,Depto 3D 2B en Concepción,3740.0,147730000,Concepción,Concepción,78 m²,3,2,https://example.invalid/demo/01020,2026-05-27,2026-06-05
DEMO-02775,demo,venta,departamento,Depto 1D 1B en Talcahuano,1503.0,59368500,Talcahuano,Concepción,,1,1,https://example.invalid/demo/02775,2026-08-03,2026-08-09
DEMO-01344,demo,venta,casa,Casa 5D 3B en Hualpén,5217.0,206071500,Hualpén,Concepción,166 m²,5,3,https://example.invalid/demo/01344,2026-08-06,2026-09-01
DEMO-01458,demo,venta,departamento,Depto 2D 1B en Hualpén,2548.0,100646000,Hualpén,Concepción,68 m²,2,1,https://example.invalid/demo/01458,2026-08-03,2026-09-01
DEMO-02189,demo,venta,casa,Casa 6D 4B en San Pedro de la Paz,6681.0,263899500,San Pedro de la Paz,Concepción,211 m²,6,4,https://example.invalid/demo/02189,2026-05-21,2026-06-14
DEMO-01908,demo,venta,casa,Casa 6D 4B en Penco,5037.0,198961500,Penco,Concepción,195 m²,6,4,https://example.invalid/demo/01908,2026-08-29,2026-09-01
DEMO-01664,demo,venta,casa,Casa 6D 4B en Los Ángeles,5020.0,198290000,Los Ángeles,Biobío,193 m²,6,4,https://example.invalid/demo/01664,2026-08-23,2026-08-30
DEMO-02884,demo,venta,casa,Casa 3D 2B en Tomé,3200.0,126400000,Tomé,Concepción,,3,2,https://example.invalid/demo/02884,2026-05-19,2026-06-10
DEMO-02920,demo,venta,casa,Casa 6D 4B en Tomé,7214.0,284953000,Tomé,Concepción,,6,4,https://example.invalid/demo/02920,2026-07-24,2026-09-01
DEMO-00480,demo,venta,departamento,Depto 2D 1B en Chiguayante,2027.0,80066500,Chiguayante,Concepción,48 m²,2,1,https://example.invalid/demo/00480,2026-08-20,2026-09-01
DEMO-00625,demo,venta,departamento,Depto 4D 2B en Chiguayante,7001.0,276539500,Chiguayante,Concepción,101 m²,4,2,https://example.invalid/demo/00625,2026-08-10,2026-09-01
DEMO-00100,demo,venta,casa,Casa 3D 2B en Chiguayante,2709.0,107005500,Chiguayante,Concepción,102 m²,3,2,https://example.invalid/demo/00100,2026-07-09,2026-07-10
DEMO-00039,demo,arriendo,casa,Casa 6D 4B en Chiguayante,60.4,2385800,Chiguayante,Concepción,294 m²,6,4,https://example.invalid/demo/00039,2026-06-02,2026-07-11
DEMO-00772,demo,venta,casa,Casa 6D 4B en Concepción,12232.0,483164000,Concepción,Concepción,205 m²,6,4,https://example.invalid/demo/00772,2026-06-21,2026-07-15
DEMO-01888,demo,venta,casa,Casa 5D 3B en Penco,6744.0,266388000,Penco,Concepción,,5,3,https://example.invalid/demo/01888,2026-05-26,2026-07-14
DEMO-00290,demo,venta,casa,Casa 6D 4B en Chiguayante,9520.0,376040000,Chiguayante,Concepción,234 m²,6,4,https://example.invalid/demo/00290,2026-05-29,2026-06-21
DEMO-01960,demo,venta,departamento,Depto 3D 2B en Penco,2579.0,101870500,Penco,Concepción,74 m²,3,2,https://example.invalid/demo/01960,2026-07-27,2026-08-08
DEMO-00439,demo,arriendo,departamento,Depto 3D 2B en Chiguayante,11.1,438450,Chiguayante,Concepción,79 m²,3,2,https://example.invalid/demo/00439,2026-05-30,2026-06-28
DEMO-00806,demo,venta,casa,Casa 3D 2B en Concepción,9358.0,369641000,Concepción,Concepción,98 m²,3,2,https://example.invalid/demo/00806,2026-06-17,2026-08-11
DEMO-02527,demo,venta,departamento,Depto 2D 1B en San Pedro de la Paz,3474.0,137223000,San Pedro de la Paz,Concepción,56 m²,2,1,https://example.invalid/demo/02527,2026-05-19,2026-06-19
DEMO-00349,demo,venta,casa,Casa 3D 2B en Chiguayante,4029.0,159145500,Chiguayante,Concepción,100 m²,3,2,https://example.invalid/demo/00349,2026-06-17,2026-07-16
DEMO-03083,demo,venta,casa,Casa 5D 3B en Tomé,4580.0,180910000,Tomé,Concepción,161 m²,5,3,https://example.invalid/demo/03083,2026-07-29,2026-09-01
DEMO-02985,demo,venta,casa,Casa 4D 2B en Tomé,5069.0,200225500,Tomé,Concepción,,4,2,https://example.invalid/demo/02985,2026-07-19,2026-08-14
DEMO-03037,demo,venta,casa,Casa 6D 4B en Tomé,8364.0,330378000,Tomé,Concepción,262 m²,6,4,https://example.invalid/demo/03037,2026-06-06,2026-07-24
DEMO-00978,demo,venta,departamento,Depto 2D 1B en Concepción,2410.0,95195000,Concepción,Concepción,47 m²,2,1,https://example.invalid/demo/00978,2026-07-14,2026-07-14
DEMO-00091,demo,venta,casa,Casa 3D 2B en Chiguayante,5202.0,205479000,Chiguayante,Concepción,98 m²,3,2,https://example.invalid/demo/00091,2026-08-28,2026-09-01
DEMO-00607,demo,venta,departamento,Depto 2D 1B en Chiguayante,2111.0,83384500,Chiguayante,Concepción,48 m²,2,1,https://example.invalid/demo/00607,2026-06-01,2026-06-07
DEMO-02668,demo,venta,casa,Casa 6D 4B en Talcahuano,10346.0,408667000,Talcahuano,Concepción,209 m²,6,4,https://example.invalid/demo/02668,2026-06-11,2026-07-26
DEMO-02273,demo,venta,departamento,Depto 3D 2B en San Pedro de la Paz,4010.0,158395000,San Pedro de la Paz,Concepción,85 m²,3,2,https://example.invalid/demo/02273,2026-07-04,2026-08-23
DEMO-02757,demo,venta,departamento,Depto 2D 1B en Talcahuano,2259.0,89230500,Talcahuano,Concepción,,2,1,https://example.invalid/demo/02757,2026-05-30,2026-07-14
DEMO-02627,demo,venta,casa,Casa 5D 3B en Talcahuano,5753.0,227243500,Talcahuano,Concepción,180 m²,5,3,https://example.invalid/demo/02627,2026-05-07,2026-07-02
DEMO-02647,demo,venta,casa,Casa 3D 2B en Talcahuano,2575.0,101712500,Talcahuano,Concepción,92 m²,3,2,https://example.invalid/demo/02647,2026-05-17,2026-06-09
DEMO-01232,demo,venta,casa,Casa 6D 4B en Coronel,8907.0,351826500,Coronel,Concepción,241 m²,6,4,https://example.invalid/demo/01232,2026-06-03,2026-06-28
DEMO-02561,demo,venta,casa,Casa 4D 2B en Santa Juana,2514.0,99303000,Santa Juana,Concepción,128 m²,4,2,https://example.invalid/demo/02561,2026-06-22,2026-06-28
DEMO-02150,demo,venta,casa,Casa 3D 2B en San Pedro de la Paz,6087.0,240436500,San Pedro de la Paz,Concepción,,3,2,https://example.invalid/demo/02150,2026-05-26,2026-07-11
DEMO-00745,demo,venta,casa,Casa 5D 3B en Concepción,5945.0,234827500,Concepción,Concepción,,5,3,https://example.invalid/demo/00745,2026-07-01,2026-08-08
DEMO-00590,demo,venta,departamento,Depto 2D 1B en Chiguayante,1727.0,68216500,Chiguayante,Concepción,51 m²,2,1,https://example.invalid/demo/00590,2026-06-07,2026-06-15
DEMO-01084,demo,venta,departamento,Depto 2D 1B en Concepción,4579.0,180870500,Concepción,Concepción,62 m²,2,1,https://example.invalid/demo/01084,2026-06-08,2026-06-26
DEMO-02566,demo,venta,casa,Casa 6D 4B en Santa Juana,3995.0,157802500,Santa Juana,Concepción,215 m²,6,4,https://example.invalid/demo/02566,2026-06-16,2026-08-12
DEMO-01122,demo,venta,departamento,Depto 4D 2B en Concepción,5253.0,207493500,Concepción,Concepción,98 m²,4,2,https://example.invalid/demo/01122,2026-05-27,2026-06-14
DEMO-02126,demo,venta,casa,Casa 3D 2B en San Pedro de la Paz,4697.0,185531500,San Pedro de la Paz,Concepción,,3,2,https://example.invalid/demo/02126,2026-08-10,2026-08-29
DEMO-02810,demo,venta,departamento,Depto 3D 2B en Talcahuano,4712.0,186124000,Talcahuano,Concepción,94 m²,3,2,https://example.invalid/demo/02810,2026-07-27,2026-08-12
DEMO-00854,demo,venta,casa,Casa 4D 2B en Concepción,3636.0,143622000,Concepción,Concepción,128 m²,4,2,https://example.invalid/demo/00854,2026-08-22,2026-09-01
DEMO-00700,demo,arriendo,casa,Casa 4D 2B en Concepción,36.3,1433850,Concepción,Concepción,,4,2,https://example.invalid/demo/00700,2026-05-20,2026-07-03
DEMO-02914,demo,venta,casa,Casa 5D 3B en Tomé,4793.0,189323500,Tomé,Concepción,191 m²,5,3,https://example.invalid/demo/02914,2026-06-29,2026-08-18
DEMO-02758,demo,venta,departamento,Depto 2D 1B en Talcahuano,2623.0,103608500,Talcahuano,Concepción,,2,1,https://example.invalid/demo/02758,2026-08-19,2026-09-01
DEMO-00414,demo,venta,casa,Casa 6D 4B en Chiguayante,8132.0,321214000,Chiguayante,Concepción,300 m²,6,4,https://example.invalid/demo/00414,2026-07-28,2026-09-01
DEMO-02794,demo,venta,departamento,Depto 4D 2B en Talcahuano,6572.0,259594000,Talcahuano,Concepción,107 m²,4,2,https://example.invalid/demo/02794,2026-08-21,2026-09-01
DEMO-00395,demo,venta,casa,Casa 2D 1B en Chiguayante,2966.0,117157000,Chiguayante,Concepción,75 m²,2,1,https://example.invalid/demo/00395,2026-07-25,2026-08-08
DEMO-01997,demo,venta,casa,Casa 5D 3B en San Pedro de la Paz,16584.0,655068000,San Pedro de la Paz,Concepción,,5,3,https://example.invalid/demo/01997,2026-08-04,2026-08-09
DEMO-02812,demo,venta,departamento,Depto 2D 1B en Talcahuano,2696.0,106492000,Talcahuano,Concepción,66 m²,2,1,https://example.invalid/demo/02812,2026-07-07,2026-08-12
DEMO-03091,demo,venta,casa,Casa 6D 4B en Tomé,5750.0,227125000,Tomé,Concepción,235 m²,6,4,https://example.invalid/demo/03091,2026-08-02,2026-09-01
DEMO-00980,demo,venta,departamento,Depto 3D 2B en Concepción,3704.0,146308000,Concepción,Concepción,90 m²,3,2,https://example.invalid/demo/00980,2026-05-16,2026-07-01
DEMO-02981,demo,venta,casa,Casa 4D 2B en Tomé,4269.0,168625500,Tomé,Concepción,,4,2,https://example.invalid/demo/02981,2026-08-21,2026-09-01
DEMO-01423,demo,venta,departamento,Depto 3D 2B en Hualpén,3404.0,134458000,Hualpén,Concepción,,3,2,https://example.invalid/demo/01423,2026-05-12,2026-07-09
DEMO-01092,demo,venta,departamento,Depto 2D 1B en Concepción,3821.0,150929500,Concepción,Concepción,68 m²,2,1,https://example.invalid/demo/01092,2026-07-14,2026-08-08
DEMO-02285,demo,venta,departamento,Depto 2D 1B en San Pedro de la Paz,2328.0,91956000,San Pedro de la Paz,Concepción,50 m²,2,1,https://example.invalid/demo/02285,2026-09-01,2026-09-01
DEMO-02093,demo,venta,casa,Casa 3D 2B en San Pedro de la Paz,4234.0,167243000,San Pedro de la Paz,Concepción,104 m²,3,2,https://example.invalid/demo/02093,2026-06-17,2026-06-27
DEMO-01390,demo,venta,casa,Casa 2D 1B en Hualpén,3208.0,126716000,Hualpén,Concepción,77 m²,2,1,https://example.invalid/demo/01390,2026-05-16,2026-07-10
DEMO-01674,demo,venta,casa,Casa 5D 3B en Los Ángeles,4923.0,194458500,Los Ángeles,Biobío,166 m²,5,3,https://example.invalid/demo/01674,2026-08-15,2026-08-31
DEMO-02021,demo,venta,casa,Casa 3D 2B en San Pedro de la Paz,5107.0,201726500,San Pedro de la Paz,Concepción,106 m²,3,2,https://example.invalid/demo/02021,2026-07-04,2026-07-22
DEMO-00307,demo,venta,casa,Casa 6D 4B en Chiguayante,12187.0,481386500,Chiguayante,Concepción,248 m²,6,4,https://example.invalid/demo/00307,2026-08-23,2026-08-31
DEMO-00207,demo,venta,casa,Casa 5D 3B en Chiguayante,8025.0,316987500,Chiguayante,Concepción,171 m²,5,3,https://example.invalid/demo/00207,2026-06-16,2026-08-01
DEMO-00769,demo,venta,casa,Casa 3D 2B en Concepción,4565.0,180317500,Concepción,Concepción,,3,2,https://example.invalid/demo/00769,2026-07-20,2026-08-13
DEMO-00274,demo,venta,casa,Casa 3D 2B en Chiguayante,4396.0,173642000,Chiguayante,Concepción,117 m²,3,2,https://example.invalid/demo/00274,2026-07-18,2026-09-01
DEMO-00546,demo,venta,departamento,Depto 2D 1B en Chiguayante,3305.0,130547500,Chiguayante,Concepción,,2,1,https://example.invalid/demo/00546,2026-07-17,2026-08-22
DEMO-00444,demo,venta,departamento,Depto 4D 2B en Chiguayante,5274.0,208323000,Chiguayante,Concepción,111 m²,4,2,https://example.invalid/demo/00444,2026-06-17,2026-07-02
DEMO-01861,demo,venta,departamento,Depto 2D 1B en Los Ángeles,1908.0,75366000,Los Ángeles,Biobío,60 m²,2,1,https://example.invalid/demo/01861,2026-06-08,2026-07-26
DEMO-03111,demo,venta,departamento,Depto 2D 1B en Tomé,1368.0,54036000,Tomé,Concepción,59 m²,2,1,https://example.invalid/demo/03111,2026-08-02,2026-09-01
DEMO-00958,demo,arriendo,departamento,Depto 4D 2B en Concepción,19.2,758400,Concepción,Concepción,100 m²,4,2,https://example.invalid/demo/00958,2026-06-13,2026-08-02
DEMO-01964,demo,venta,departamento,Depto 4D 2B en Penco,3140.0,124030000,Penco,Concepción,105 m²,4,2,https://example.invalid/demo/01964,2026-07-27,2026-08-23
DEMO-00668,demo,venta,departamento,Depto 3D 2B en Chiguayante,3923.0,154958500,Chiguayante,Concepción,,3,2,https://example.invalid/demo/00668,2026-07-13,2026-09-01
DEMO-01644,demo,venta,casa,Casa 4D 2B en Los Ángeles,3286.0,129797000,Los Ángeles,Biobío,130 m²,4,2,https://example.invalid/demo/01644,2026-06-05,2026-06-26
DEMO-01809,demo,venta,departamento,Depto 2D 1B en Los Ángeles,3431.0,135524500,Los Ángeles,Biobío,61 m²,2,1,https://example.invalid/demo/01809,2026-05-19,2026-06-16
DEMO-01096,demo,venta,departamento,Depto 5D 3B en Concepción,7519.0,297000500,Concepción,Concepción,130 m²,5,3,https://example.invalid/demo/01096,2026-07-17,2026-08-26
DEMO-00303,demo,venta,casa,Casa 6D 4B en Chiguayante,12196.0,481742000,Chiguayante,Concepción,,6,4,https://example.invalid/demo/00303,2026-07-06,2026-07-23
DEMO-01125,demo,venta,departamento,Depto 3D 2B en Concepción,5016.0,198132000,Concepción,Concepción,78 m²,3,2,https://example.invalid/demo/01125,2026-08-21,2026-09-01
DEMO-01760,demo,venta,departamento,Depto 3D 2B en Los Ángeles,3375.0,133312500,Los Ángeles,Biobío,90 m²,3,2,https://example.invalid/demo/01760,2026-06-03,2026-07-06
DEMO-01316,demo,arriendo,casa,Casa 2D 1B en Hualpén,6.9,272550,Hualpén,Concepción,77 m²,2,1,https://example.invalid/demo/01316,2026-08-06,2026-08-29
DEMO-01144,demo,venta,departamento,Depto 1D 1B en Concepción,2137.0,84411500,Concepción,Concepción,36 m²,1,1,https://example.invalid/demo/01144,2026-08-18,2026-09-01
DEMO-00725,demo,venta,casa,Casa 6D 4B en Concepción,17903.0,707168500,Concepción,Concepción,280 m²,6,4,https://example.invalid/demo/00725,2026-08-15,2026-08-22
DEMO-01706,demo,venta,departamento,Depto 2D 1B en Los Ángeles,2660.0,105070000,Los Ángeles,Biobío,,2,1,https://example.invalid/demo/01706,2026-06-06,2026-07-27
DEMO-00474,demo,venta,departamento,Depto 1D 1B en Chiguayante,2138.0,84451000,Chiguayante,Concepción,35 m²,1,1,https://example.invalid/demo/00474,2026-08-29,2026-09-01
DEMO-00306,demo,venta,casa,Casa 6D 4B en Chiguayante,6252.0,246954000,Chiguayante,Concepción,205 m²,6,4,https://example.invalid/demo/00306,2026-05-13,2026-06-30
DEMO-02319,demo,venta,departamento,Depto 3D 2B en San Pedro de la Paz,5655.0,223372500,San Pedro de la Paz,Concepción,,3,2,https://example.invalid/demo/02319,2026-05-17,2026-07-08
DEMO-02159,demo,venta,casa,Casa 2D 1B en San Pedro de la Paz,3741.0,147769500,San Pedro de la Paz,Concepción,75 m²,2,1,https://example.invalid/demo/02159,2026-08-01,2026-08-02
DEMO-02512,demo,venta,departamento,Depto 2D 1B en San Pedro de la Paz,1596.0,63042000,San Pedro de la Paz,Concepción,42 m²,2,1,https://example.invalid/demo/02512,2026-07-12,2026-07-31
DEMO-00554,demo,venta,departamento,Depto 2D 1B en Chiguayante,2949.0,116485500,Chiguayante,Concepción,67 m²,2,1,https://example.invalid/demo/00554,2026-05-05,2026-06-24
DEMO-00113,demo,venta,casa,Casa 3D 2B en Chiguayante,3414.0,134853000,Chiguayante,Concepción,,3,2,https://example.invalid/demo/00113,2026-07-12,2026-09-01
DEMO-01324,demo,arriendo,casa,Casa 4D 2B en Hualpén,18.0,711000,Hualpén,Concepción,128 m²,4,2,https://example.invalid/demo/01324,2026-06-21,2026-07-15
DEMO-02172,demo,venta,casa,Casa 5D 3B en San Pedro de la Paz,6503.0,256868500,San Pedro de la Paz,Concepción,,5,3,https://example.invalid/demo/02172,2026-06-01,2026-07-31
DEMO-01855,demo,venta,departamento,Depto 4D 2B en Los Ángeles,5178.0,204531000,Los Ángeles,Biobío,120 m²,4,2,https://example.invalid/demo/01855,2026-08-02,2026-08-18
DEMO-01540,demo,venta,casa,Casa 4D 2B en Los Ángeles,6022.0,237869000,Los Ángeles,Biobío,124 m²,4,2,https://example.invalid/demo/01540,2026-06-18,2026-07-10
DEMO-01391,demo,venta,casa,Casa 3D 2B en Hualpén,3884.0,153418000,Hualpén,Concepción,96 m²,3,2,https://example.invalid/demo/01391,2026-06-13,2026-07-25
DEMO-02644,demo,venta,casa,Casa 6D 4B en Talcahuano,6382.0,252089000,Talcahuano,Concepción,245 m²,6,4,https://example.invalid/demo/02644,2026-05-06,2026-05-09
DEMO-02823,demo,venta,departamento,Depto 2D 1B en Talcahuano,1612.0,63674000,Talcahuano,Concepción,50 m²,2,1,https://example.invalid/demo/02823,2026-07-25,2026-08-16
DEMO-00894,demo,venta,casa,Casa 3D 2B en Concepción,4433.0,175103500,Concepción,Concepción,101 m²,3,2,https://example.invalid/demo/00894,2026-08-26,2026-09-01
DEMO-00315,demo,venta,casa,Casa 3D 2B en Chiguayante,4230.0,167085000,Chiguayante,Concepción,101 m²,3,2,https://example.invalid/demo/00315,2026-06-27,2026-07-07
DEMO-02676,demo,venta,casa,Casa 3D 2B en Talcahuano,2527.0,99816500,Talcahuano,Concepción,110 m²,3,2,https://example.invalid/demo/02676,2026-07-31,2026-09-01
DEMO-01635,demo,venta,casa,Casa 2D 1B en Los Ángeles,2120.0,83740000,Los Ángeles,Biobío,,2,1,https://example.invalid/demo/01635,2026-08-27,2026-09-01
DEMO-01114,demo,venta,departamento,Depto 3D 2B en Concepción,3775.0,149112500,Concepción,Concepción,84 m²,3,2,https://example.invalid/demo/01114,2026-08-04,2026-08-25
DEMO-02380,demo,venta,departamento,Depto 4D 2B en San Pedro de la Paz,4599.0,181660500,San Pedro de la Paz,Concepción,115 m²,4,2,https://example.invalid/demo/02380,2026-06-07,2026-07-17
DEMO-01178,demo,venta,departamento,Depto 3D 2B en Concepción,5933.0,234353500,Concepción,Concepción,75 m²,3,2,https://example.invalid/demo/01178,2026-05-22,2026-07-03
DEMO-00915,demo,venta,casa,Casa 3D 2B en Concepción,7018.0,277211000,Concepción,Concepción,,3,2,https://example.invalid/demo/00915,2026-08-25,2026-09-01
DEMO-02485,demo,venta,departamento,Depto 3D 2B en San Pedro de la Paz,3386.0,133747000,San Pedro de la Paz,Concepción,71 m²,3,2,https://example.invalid/demo/02485,2026-08-31,2026-09-01
DEMO-02334,demo,venta,departamento,Depto 3D 2B en San Pedro de la Paz,2949.0,116485500,San Pedro de la Paz,Concepción,79 m²,3,2,https://example.invalid/demo/02334,2026-07-11,2026-08-04
DEMO-02893,demo,venta,casa,Casa 2D 1B en Tomé,1822.0,71969000,Tomé,Concepción,,2,1,https://example.invalid/demo/02893,2026-08-08,2026-09-01
DEMO-02689,demo,venta,casa,Casa 6D 4B en Talcahuano,5739.0,226690500,Talcahuano,Concepción,234 m²,6,4,https://example.invalid/demo/02689,2026-05-06,2026-05-21
DEMO-00527,demo,venta,departamento,Depto 3D 2B en Chiguayante,4655.0,183872500,Chiguayante,Concepción,78 m²,3,2,https://example.invalid/demo/00527,2026-06-08,2026-07-01
DEMO-02616,demo,venta,casa,Casa 4D 2B en Talcahuano,4705.0,185847500,Talcahuano,Concepción,154 m²,4,2,https://example.invalid/demo/02616,2026-06-29,2026-08-04
DEMO-01977,demo,arriendo,casa,Casa 6D 4B en San Pedro de la Paz,54.6,2156700,San Pedro de la Paz,Concepción,262 m²,6,4,https://example.invalid/demo/01977,2026-05-07,2026-05-25
DEMO-01054,demo,venta,departamento,Depto 3D 2B en Concepción,4632.0,182964000,Concepción,Concepción,85 m²,3,2,https://example.invalid/demo/01054,2026-05-14,2026-06-02
DEMO-02998,demo,venta,casa,Casa 4D 2B en Tomé,6170.0,243715000,Tomé,Concepción,,4,2,https://example.invalid/demo/02998,2026-08-12,2026-09-01
DEMO-03116,demo,venta,departamento,Depto 3D 2B en Tomé,2448.0,96696000,Tomé,Concepción,82 m²,3,2,https://example.invalid/demo/03116,2026-07-20,2026-09-01
DEMO-01622,demo,venta,casa,Casa 4D 2B en Los Ángeles,4657.0,183951500,Los Ángeles,Biobío,136 m²,4,2,https://example.invalid/demo/01622,2026-05-15,2026-06-19
DEMO-01059,demo,venta,departamento,Depto 3D 2B en Concepción,4408.0,174116000,Concepción,Concepción,89 m²,3,2,https://example.invalid/demo/01059,2026-08-03,2026-09-01
DEMO-00941,demo,venta,casa,Casa 6D 4B en Concepción,8983.0,354828500,Concepción,Concepción,245 m²,6,4,https://example.invalid/demo/00941,2026-05-25,2026-07-03
DEMO-01991,demo,arriendo,casa,Casa 6D 4B en San Pedro de la Paz,42.9,1694550,San Pedro de la Paz,Concepción,216 m²,6,4,https://example.invalid/demo/01991,2026-08-12,2026-09-01
DEMO-01266,demo,venta,casa,Casa 4D 2B en Coronel,4723.0,186558500,Coronel,Concepción,,4,2,https://example.invalid/demo/01266,2026-07-02,2026-08-07
DEMO-01556,demo,venta,casa,Casa 5D 3B en Los Ángeles,4507.0,178026500,Los Ángeles,Biobío,167 m²,5,3,https://example.invalid/demo/01556,2026-07-03,2026-07-30
DEMO-00687,demo,arriendo,casa,Casa 6D 4B en Concepción,66.9,2642550,Concepción,Concepción,290 m²,6,4,https://example.invalid/demo/00687,2026-07-13,2026-09-01
DEMO-01237,demo,venta,casa,Casa 6D 4B en Coronel,7095.0,280252500,Coronel,Concepción,,6,4,https://example.invalid/demo/01237,2026-08-14,2026-09-01
DEMO-00848,demo,venta,casa,Casa 6D 4B en Concepción,15625.0,617187500,Concepción,Concepción,220 m²,6,4,https://example.invalid/demo/00848,2026-07-19,2026-08-20
DEMO-02243,demo,venta,casa,Casa 3D 2B en San Pedro de la Paz,2901.0,114589500,San Pedro de la Paz,Concepción,112 m²,3,2,https://example.invalid/demo/02243,2026-08-05,2026-08-30
DEMO-00176,demo,venta,casa,Casa 2D 1B en Chiguayante,2612.0,103174000,Chiguayante,Concepción,77 m²,2,1,https://example.invalid/demo/00176,2026-06-02,2026-06-08
DEMO-01957,demo,venta,departamento,Depto 2D 1B en Penco,2172.0,85794000,Penco,Concepción,54 m²,2,1,https://example.invalid/demo/01957,2026-08-21,2026-08-31
DEMO-02163,demo,venta,casa,Casa 4D 2B en San Pedro de la Paz,8162.0,322399000,San Pedro de la Paz,Concepción,145 m²,4,2,https://example.invalid/demo/02163,2026-08-07,2026-09-01
DEMO-00453,demo,venta,departamento,Depto 4D 2B en Chiguayante,6004.0,237158000,Chiguayante,Concepción,,4,2,https://example.invalid/demo/00453,2026-05-21,2026-06-15
DEMO-02910,demo,venta,casa,Casa 6D 4B en Tomé,3697.0,146031500,Tomé,Concepción,211 m²,6,4,https://example.invalid/demo/02910,2026-06-27,2026-07-08
DEMO-02719,demo,venta,casa,Casa 3D 2B en Talcahuano,2671.0,105504500,Talcahuano,Concepción,109 m²,3,2,https://example.invalid/demo/02719,2026-07-02,2026-07-30
DEMO-00350,demo,venta,casa,Casa 3D 2B en Chiguayante,3983.0,157328500,Chiguayante,Concepción,110 m²,3,2,https://example.invalid/demo/00350,2026-08-23,2026-09-01
DEMO-02550,demo,venta,departamento,Depto 3D 2B en San Pedro de la Paz,3831.0,151324500,San Pedro de la Paz,Concepción,75 m²,3,2,https://example.invalid/demo/02550,2026-05-05,2026-06-15
DEMO-01498,demo,venta,departamento,Depto 2D 1B en Hualpén,2931.0,115774500,Hualpén,Concepción,47 m²,2,1,https://example.invalid/demo/01498,2026-07-30,2026-08-29
DEMO-00689,demo,arriendo,casa,Casa 2D 1B en Concepción,16.7,659650,Concepción,Concepción,72 m²,2,1,https://example.invalid/demo/00689,2026-07-26,2026-08-17
DEMO-02783,demo,venta,departamento,Depto 5D 3B en Talcahuano,5681.0,224399500,Talcahuano,Concepción,128 m²,5,3,https://example.invalid/demo/02783,2026-08-13,2026-09-01
DEMO-03018,demo,venta,casa,Casa 5D 3B en Tomé,3571.0,141054500,Tomé,Concepción,170 m²,5,3,https://example.invalid/demo/03018,2026-05-27,2026-06-21
DEMO-00771,demo,venta,casa,Casa 3D 2B en Concepción,5257.0,207651500,Concepción,Concepción,113 m²,3,2,https://example.invalid/demo/00771,2026-08-21,2026-09-01
DEMO-01689,demo,venta,departamento,Depto 3D 2B en Los Ángeles,3610.0,142595000,Los Ángeles,Biobío,,3,2,https://example.invalid/demo/01689,2026-06-30,2026-08-08
DEMO-02339,demo,venta,departamento,Depto 4D 2B en San Pedro de la Paz,6866.0,271207000,San Pedro de la Paz,Concepción,121 m²,4,2,https://example.invalid/demo/02339,2026-05-26,2026-05-26
DEMO-01103,demo,venta,departamento,Depto 2D 1B en Concepción,6275.0,247862500,Concepción,Concepción,60 m²,2,1,https://example.invalid/demo/01103,2026-08-06,2026-08-15
DEMO-01627,demo,venta,casa,Casa 3D 2B en Los Ángeles,3149.0,124385500,Los Ángeles,Biobío,89 m²,3,2,https://example.invalid/demo/01627,2026-06-27,2026-07-26
DEMO-02720,demo,venta,casa,Casa 5D 3B en Talcahuano,4364.0,172378000,Talcahuano,Concepción,176 m²,5,3,https://example.invalid/demo/02720,2026-07-30,2026-09-01
DEMO-01820,demo,venta,departamento,Depto 4D 2B en Los Ángeles,5199.0,205360500,Los Ángeles,Biobío,117 m²,4,2,https://example.invalid/demo/01820,2026-05-18,2026-07-06
DEMO-02883,demo,venta,casa,Casa 3D 2B en Tomé,3412.0,134774000,Tomé,Concepción,119 m²,3,2,https://example.invalid/demo/02883,2026-07-06,2026-07-10
DEMO-01981,demo,arriendo,casa,Casa 6D 4B en San Pedro de la Paz,48.8,1927600,San Pedro de la Paz,Concepción,233 m²,6,4,https://example.invalid/demo/01981,2026-05-19,2026-06-26
DEMO-01617,demo,venta,casa,Casa 3D 2B en Los Ángeles,2870.0,113365000,Los Ángeles,Biobío,118 m²,3,2,https://example.invalid/demo/01617,2026-06-02,2026-06-04
DEMO-01499,demo,venta,departamento,Depto 3D 2B en Hualpén,3209.0,126755500,Hualpén,Concepción,84 m²,3,2,https://example.invalid/demo/01499,2026-05-24,2026-07-20
DEMO-00344,demo,venta,casa,Casa 5D 3B en Chiguayante,6987.0,275986500,Chiguayante,Concepción,178 m²,5,3,https://example.invalid/demo/00344,2026-06-29,2026-07-29
DEMO-01555,demo,venta,casa,Casa 3D 2B en Los Ángeles,2762.0,109099000,Los Ángeles,Biobío,105 m²,3,2,https://example.invalid/demo/01555,2026-07-31,2026-08-12
DEMO-00448,demo,venta,departamento,Depto 3D 2B en Chiguayante,3398.0,134221000,Chiguayante,Concepción,76 m²,3,2,https://example.invalid/demo/00448,2026-07-29,2026-08-18
DEMO-02813,demo,venta,departamento,Depto 2D 1B en Talcahuano,1950.0,77025000,Talcahuano,Concepción,42 m²,2,1,https://example.invalid/demo/02813,2026-07-12,2026-07-22
DEMO-01397,demo,venta,departamento,Depto 2D 1B en Hualpén,3106.0,122687000,Hualpén,Concepción,68 m²,2,1,https://example.invalid/demo/01397,2026-05-09,2026-06-03
DEMO-01564,demo,venta,casa,Casa 6D 4B en Los Ángeles,9102.0,359529000,Los Ángeles,Biobío,235 m²,6,4,https://example.invalid/demo/01564,2026-06-11,2026-06-15
DEMO-01063,demo,venta,departamento,Depto 2D 1B en Concepción,2958.0,116841000,Concepción,Concepción,50 m²,2,1,https://example.invalid/demo/01063,2026-07-10,2026-08-20
DEMO-00493,demo,venta,departamento,Depto 1D 1B en Chiguayante,2329.0,91995500,Chiguayante,Concepción,41 m²,1,1,https://example.invalid/demo/00493,2026-05-10,2026-05-29
DEMO-02040,demo,venta,casa,Casa 4D 2B en San Pedro de la Paz,6419.0,253550500,San Pedro de la Paz,Concepción,,4,2,https://example.invalid/demo/02040,2026-06-26,2026-08-24
DEMO-01494,demo,venta,departamento,Depto 2D 1B en Hualpén,1965.0,77617500,Hualpén,Concepción,49 m²,2,1,https://example.invalid/demo/01494,2026-06-04,2026-07-25
DEMO-02338,demo,venta,departamento,Depto 4D 2B en San Pedro de la Paz,6651.0,262714500,San Pedro de la Paz,Concepción,118 m²,4,2,https://example.invalid/demo/02338,2026-06-23,2026-07-30
DEMO-01396,demo,venta,departamento,Depto 3D 2B en Hualpén,3784.0,149468000,Hualpén,Concepción,84 m²,3,2,https://example.invalid/demo/01396,2026-05-26,2026-07-22
DEMO-00346,demo,venta,casa,Casa 5D 3B en Chiguayante,5473.0,216183500,Chiguayante,Concepción,179 m²,5,3,https://example.invalid/demo/00346,2026-05-22,2026-06-02
DEMO-01852,demo,venta,departamento,Depto 2D 1B en Los Ángeles,2342.0,92509000,Los Ángeles,Biobío,63 m²,2,1,https://example.invalid/demo/01852,2026-06-01,2026-07-15
DEMO-02452,demo,venta,departamento,Depto 3D 2B en San Pedro de la Paz,5532.0,218514000,San Pedro de la Paz,Concepción,87 m²,3,2,https://example.invalid/demo/02452,2026-08-17,2026-09-01
DEMO-03032,demo,venta,casa,Casa 4D 2B en Tomé,3534.0,139593000,Tomé,Concepción,147 m²,4,2,https://example.invalid/demo/03032,2026-07-06,2026-08-30
DEMO-01069,demo,venta,departamento,Depto 4D 2B en Concepción,7954.0,314183000,Concepción,Concepción,106 m²,4,2,https://example.invalid/demo/01069,2026-06-05,2026-06-07
DEMO-01917,demo,venta,casa,Casa 4D 2B en Penco,4224.0,166848000,Penco,Concepción,152 m²,4,2,https://example.invalid/demo/01917,2026-08-18,2026-08-26
DEMO-02840,demo,venta,departamento,Depto 2D 1B en Talcahuano,2102.0,83029000,Talcahuano,Concepción,62 m²,2,1,https://example.invalid/demo/02840,2026-06-08,2026-07-25
DEMO-00279,demo,venta,casa,Casa 6D 4B en Chiguayante,8153.0,322043500,Chiguayante,Concepción,254 m²,6,4,https://example.invalid/demo/00279,2026-05-24,2026-06-28
DEMO-02968,demo,venta,casa,Casa 3D 2B en Tomé,4106.0,162187000,Tomé,Concepción,122 m²,3,2,https://example.invalid/demo/02968,2026-05-18,2026-06-01
DEMO-00727,demo,venta,casa,Casa 3D 2B en Concepción,3330.0,131535000,Concepción,Concepción,,3,2,https://example.invalid/demo/00727,2026-05-29,2026-07-08
DEMO-02545,demo,venta,departamento,Depto 3D 2B en San Pedro de la Paz,4779.0,188770500,San Pedro de la Paz,Concepción,80 m²,3,2,https://example.invalid/demo/02545,2026-07-21,2026-08-02
DEMO-02417,demo,venta,departamento,Depto 3D 2B en San Pedro de la Paz,5060.0,199870000,San Pedro de la Paz,Concepción,86 m²,3,2,https://example.invalid/demo/02417,2026-05-09,2026-06-03
DEMO-00887,demo,venta,casa,Casa 6D 4B en Concepción,12549.0,495685500,Concepción,Concepción,245 m²,6,4,https://example.invalid/demo/00887,2026-08-26,2026-09-01
DEMO-02553,demo,venta,departamento,Depto 2D 1B en San Pedro de la Paz,4374.0,172773000,San Pedro de la Paz,Concepción,,2,1,https://example.invalid/demo/02553,2026-05-17,2026-06-27
DEMO-03020,demo,venta,casa,Casa 6D 4B en Tomé,5352.0,211404000,Tomé,Concepción,299 m²,6,4,https://example.invalid/demo/03020,2026-06-11,2026-06-28
DEMO-00659,demo,venta,departamento,Depto 3D 2B en Chiguayante,4804.0,189758000,Chiguayante,Concepción,85 m²,3,2,https://example.invalid/demo/00659,2026-07-27,2026-09-01
DEMO-02828,demo,venta,departamento,Depto 2D 1B en Talcahuano,2298.0,90771000,Talcahuano,Concepción,43 m²,2,1,https://example.invalid/demo/02828,2026-08-05,2026-09-01
DEMO-00797,demo,venta,casa,Casa 6D 4B en Concepción,10903.0,430668500,Concepción,Concepción,259 m²,6,4,https://example.invalid/demo/00797,2026-08-30,2026-09-01
DEMO-00696,demo,arriendo,casa,Casa 4D 2B en Concepción,24.5,967750,Concepción,Concepción,,4,2,https://example.invalid/demo/00696,2026-07-07,2026-07-07
DEMO-00896,demo,venta,casa,Casa 6D 4B en Concepción,12945.0,511327500,Concepción,Concepción,308 m²,6,4,https://example.invalid/demo/00896,2026-07-28,2026-09-01
DEMO-03005,demo,venta,casa,Casa 4D 2B en Tomé,3223.0,127308500,Tomé,Concepción,132 m²,4,2,https://example.invalid/demo/03005,2026-07-02,2026-07-06
DEMO-00665,demo,venta,departamento,Depto 3D 2B en Chiguayante,7750.0,306125000,Chiguayante,Concepción,95 m²,3,2,https://example.invalid/demo/00665,2026-06-20,2026-08-02
DEMO-00656,demo,venta,departamento,Depto 3D 2B en Chiguayante,5074.0,200423000,Chiguayante,Concepción,87 m²,3,2,https://example.invalid/demo/00656,2026-05-24,2026-07-08
DEMO-02822,demo,venta,departamento,Depto 2D 1B en Talcahuano,2798.0,110521000,Talcahuano,Concepción,57 m²,2,1,https://example.invalid/demo/02822,2026-05-26,2026-07-18
DEMO-02892,demo,venta,casa,Casa 6D 4B en Tomé,5852.0,231154000,Tomé,Concepción,311 m²,6,4,https://example.invalid/demo/02892,2026-07-21,2026-08-07
DEMO-01026,demo,venta,departamento,Depto 2D 1B en Concepción,4149.0,163885500,Concepción,Concepción,60 m²,2,1,https://example.invalid/demo/01026,2026-07-28,2026-09-01
DEMO-01461,demo,venta,departamento,Depto 4D 2B en Hualpén,7030.0,277685000,Hualpén,Concepción,112 m²,4,2,https://example.invalid/demo/01461,2026-06-07,2026-06-16
DEMO-00220,demo,venta,casa,Casa 6D 4B en Chiguayante,8156.0,322162000,Chiguayante,Concepción,233 m²,6,4,https://example.invalid/demo/00220,2026-08-08,2026-09-01
DEMO-02526,demo,venta,departamento,Depto 2D 1B en San Pedro de la Paz,3949.0,155985500,San Pedro de la Paz,Concepción,56 m²,2,1,https://example.invalid/demo/02526,2026-07-06,2026-07-14
DEMO-00185,demo,venta,casa,Casa 6D 4B en Chiguayante,8369.0,330575500,Chiguayante,Concepción,251 m²,6,4,https://example.invalid/demo/00185,2026-08-05,2026-09-01
DEMO-00777,demo,venta,casa,Casa 2D 1B en Concepción,4826.0,190627000,Concepción,Concepción,,2,1,https://example.invalid/demo/00777,2026-06-12,2026-08-10
DEMO-02749,demo,venta,departamento,Depto 2D 1B en Talcahuano,2714.0,107203000,Talcahuano,Concepción,66 m²,2,1,https://example.invalid/demo/02749,2026-06-01,2026-06-18
DEMO-01325,demo,arriendo,casa,Casa 4D 2B en Hualpén,25.7,1015150,Hualpén,Concepción,,4,2,https://example.invalid/demo/01325,2026-05-29,2026-06-08
DEMO-02462,demo,venta,departamento,Depto 2D 1B en San Pedro de la Paz,3063.0,120988500,San Pedro de la Paz,Concepción,,2,1,https://example.invalid/demo/02462,2026-06-04,2026-07-31
DEMO-00966,demo,venta,departamento,Depto 4D 2B en Concepción,4788.0,189126000,Concepción,Concepción,110 m²,4,2,https://example.invalid/demo/00966,2026-07-19,2026-09-01
DEMO-00317,demo,venta,casa,Casa 5D 3B en Chiguayante,8980.0,354710000,Chiguayante,Concepción,169 m²,5,3,https://example.invalid/demo/00317,2026-08-14,2026-09-01
DEMO-01134,demo,venta,departamento,Depto 2D 1B en Concepción,2655.0,104872500,Concepción,Concepción,49 m²,2,1,https://example.invalid/demo/01134,2026-08-01,2026-08-18
DEMO-02628,demo,venta,casa,Casa 5D 3B en Talcahuano,7943.0,313748500,Talcahuano,Concepción,,5,3,https://example.invalid/demo/02628,2026-05-15,2026-06-20
DEMO-01064,demo,venta,departamento,Depto 3D 2B en Concepción,5459.0,215630500,Concepción,Concepción,94 m²,3,2,https://example.invalid/demo/01064,2026-05-11,2026-06-12
DEMO-01331,demo,venta,casa,Casa 5D 3B en Hualpén,7207.0,284676500,Hualpén,Concepción,181 m²,5,3,https://example.invalid/demo/01331,2026-07-04,2026-08-06
DEMO-00526,demo,venta,departamento,Depto 3D 2B en Chiguayante,3211.0,126834500,Chiguayante,Concepción,78 m²,3,2,https://example.invalid/demo/00526,2026-05-12,2026-06-24
DEMO-02227,demo,venta,casa,Casa 6D 4B en San Pedro de la Paz,8542.0,337409000,San Pedro de la Paz,Concepción,279 m²,6,4,https://example.invalid/demo/02227,2026-05-25,2026-06-03
DEMO-01704,demo,venta,departamento,Depto 3D 2B en Los Ángeles,2695.0,106452500,Los Ángeles,Biobío,81 m²,3,2,https://example.invalid/demo/01704,2026-07-19,2026-07-29
DEMO-02551,demo,venta,departamento,Depto 2D 1B en San Pedro de la Paz,3300.0,130350000,San Pedro de la Paz,Concepción,44 m²,2,1,https://example.invalid/demo/02551,2026-08-23,2026-09-01
DEMO-00003,demo,venta,casa,Casa 6D 4B en Arauco,4112.0,162424000,Arauco,Arauco,,6,4,https://example.invalid/demo/00003,2026-05-20,2026-05-26
DEMO-01968,demo,venta,departamento,Depto 2D 1B en Penco,2276.0,89902000,Penco,Concepción,55 m²,2,1,https://example.invalid/demo/01968,2026-05-21,2026-06-12
DEMO-03104,demo,venta,casa,Casa 6D 4B en Tomé,0,0,Tomé,Concepción,307 m²,6,4,https://example.invalid/demo/03104,2026-08-30,2026-09-01
DEMO-00841,demo,venta,casa,Casa 6D 4B en Concepción,16015.0,632592500,Concepción,Concepción,297 m²,6,4,https://example.invalid/demo/00841,2026-06-29,2026-08-24
DEMO-02320,demo,venta,departamento,Depto 4D 2B en San Pedro de la Paz,5559.0,219580500,San Pedro de la Paz,Concepción,108 m²,4,2,https://example.invalid/demo/02320,2026-06-24,2026-07-09
DEMO-02097,demo,venta,casa,Casa 3D 2B en San Pedro de la Paz,4721.0,186479500,San Pedro de la Paz,Concepción,111 m²,3,2,https://example.invalid/demo/02097,2026-06-29,2026-07-13
DEMO-01199,demo,venta,departamento,Depto 2D 1B en Concepción,4011.0,158434500,Concepción,Concepción,50 m²,2,1,https://example.invalid/demo/01199,2026-05-24,2026-06-19
DEMO-01058,demo,venta,departamento,Depto 4D 2B en Concepción,6076.0,240002000,Concepción,Concepción,,4,2,https://example.invalid/demo/01058,2026-07-04,2026-09-01
DEMO-00372,demo,venta,casa,Casa 4D 2B en Chiguayante,5738.0,226651000,Chiguayante,Concepción,,4,2,https://example.invalid/demo/00372,2026-08-20,2026-08-22
DEMO-00799,demo,venta,casa,Casa 3D 2B en Concepción,6528.0,257856000,Concepción,Concepción,103 m²,3,2,https://example.invalid/demo/00799,2026-05-24,2026-06-20
DEMO-00392,demo,venta,casa,Casa 6D 4B en Chiguayante,13364.0,527878000,Chiguayante,Concepción,236 m²,6,4,https://example.invalid/demo/00392,2026-05-10,2026-07-07
DEMO-01441,demo,venta,departamento,Depto 3D 2B en Hualpén,4020.0,158790000,Hualpén,Concepción,93 m²,3,2,https://example.invalid/demo/01441,2026-06-24,2026-07-05
DEMO-00996,demo,venta,departamento,Depto 4D 2B en Concepción,5202.0,205479000,Concepción,Concepción,107 m²,4,2,https://example.invalid/demo/00996,2026-05-19,2026-07-14
DEMO-00195,demo,venta,casa,Casa 4D 2B en Chiguayante,7368.0,291036000,Chiguayante,Concepción,,4,2,https://example.invalid/demo/00195,2026-07-27,2026-09-01
DEMO-03112,demo,venta,departamento,Depto 2D 1B en Tomé,2479.0,97920500,Tomé,Concepción,51 m²,2,1,https://example.invalid/demo/03112,2026-08-14,2026-08-18
DEMO-00784,demo,venta,casa,Casa 3D 2B en Concepción,6306.0,249087000,Concepción,Concepción,115 m²,3,2,https://example.invalid/demo/00784,2026-05-28,2026-06-14
DEMO-01879,demo,venta,casa,Casa 4D 2B en Lota,2190.0,86505000,Lota,Concepción,127 m²,4,2,https://example.invalid/demo/01879,2026-07-14,2026-07-28
DEMO-01770,demo,venta,departamento,Depto 3D 2B en Los Ángeles,4961.0,195959500,Los Ángeles,Biobío,96 m²,3,2,https://example.invalid/demo/01770,2026-07-16,2026-08-30
DEMO-01628,demo,venta,casa,Casa 4D 2B en Los Ángeles,4465.0,176367500,Los Ángeles,Biobío,138 m²,4,2,https://example.invalid/demo/01628,2026-08-22,2026-09-01
DEMO-01932,demo,venta,casa,Casa 6D 4B en Penco,5602.0,221279000,Penco,Concepción,,6,4,https://example.invalid/demo/01932,2026-05-07,2026-07-05
DEMO-00310,demo,venta,casa,Casa 6D 4B en Chiguayante,10011.0,395434500,Chiguayante,Concepción,289 m²,6,4,https://example.invalid/demo/00310,2026-05-07,2026-05-10
DEMO-00649,demo,venta,departamento,Depto 3D 2B en Chiguayante,4275.0,168862500,Chiguayante,Concepción,92 m²,3,2,https://example.invalid/demo/00649,2026-07-27,2026-08-26
DEMO-02578,demo,venta,casa,Casa 3D 2B en Talcahuano,4373.0,172733500,Talcahuano,Concepción,115 m²,3,2,https://example.invalid/demo/02578,2026-05-09,2026-06-20
DEMO-00078,demo,venta,casa,Casa 6D 4B en Chiguayante,12963.0,512038500,Chiguayante,Concepción,280 m²,6,4,https://example.invalid/demo/00078,2026-08-22,2026-09-01
DEMO-00485,demo,venta,departamento,Depto 3D 2B en Chiguayante,2977.0,117591500,Chiguayante,Concepción,85 m²,3,2,https://example.invalid/demo/00485,2026-05-26,2026-06-13
DEMO-00702,demo,venta,casa,Casa 5D 3B en Concepción,15608.0,616516000,Concepción,Concepción,165 m²,5,3,https://example.invalid/demo/00702,2026-07-29,2026-08-10
DEMO-00795,demo,venta,casa,Casa 5D 3B en Concepción,6485.0,256157500,Concepción,Concepción,186 m²,5,3,https://example.invalid/demo/00795,2026-08-09,2026-09-01
DEMO-01437,demo,venta,departamento,Depto 2D 1B en Hualpén,2292.0,90534000,Hualpén,Concepción,62 m²,2,1,https://example.invalid/demo/01437,2026-07-15,2026-09-01
DEMO-01403,demo,venta,departamento,Depto 2D 1B en Hualpén,3310.0,130745000,Hualpén,Concepción,57 m²,2,1,https://example.invalid/demo/01403,2026-05-20,2026-06-19
DEMO-01241,demo,venta,casa,Casa 5D 3B en Coronel,5542.0,218909000,Coronel,Concepción,176 m²,5,3,https://example.invalid/demo/01241,2026-08-24,2026-09-01
DEMO-02177,demo,venta,casa,Casa 3D 2B en San Pedro de la Paz,5774.0,228073000,San Pedro de la Paz,Concepción,97 m²,3,2,https://example.invalid/demo/02177,2026-07-01,2026-07-16
DEMO-01224,demo,venta,departamento,Depto 3D 2B en Concepción,6003.0,237118500,Concepción,Concepción,,3,2,https://example.invalid/demo/01224,2026-05-25,2026-05-25
DEMO-01570,demo,venta,casa,Casa 4D 2B en Los Ángeles,3508.0,138566000,Los Ángeles,Biobío,154 m²,4,2,https://example.invalid/demo/01570,2026-08-06,2026-09-01
DEMO-00239,demo,venta,casa,Casa 3D 2B en Chiguayante,2986.0,117947000,Chiguayante,Concepción,,3,2,https://example.invalid/demo/00239,2026-07-17,2026-08-07
DEMO-00208,demo,venta,casa,Casa 3D 2B en Chiguayante,4333.0,171153500,Chiguayante,Concepción,105 m²,3,2,https://example.invalid/demo/00208,2026-05-30,2026-07-25
DEMO-00987,demo,venta,departamento,Depto 4D 2B en Concepción,5329.0,210495500,Concepción,Concepción,106 m²,4,2,https://example.invalid/demo/00987,2026-06-08,2026-06-24
DEMO-01798,demo,venta,departamento,Depto 1D 1B en Los Ángeles,1959.0,77380500,Los Ángeles,Biobío,37 m²,1,1,https://example.invalid/demo/01798,2026-06-21,2026-08-13
DEMO-00302,demo,venta,casa,Casa 3D 2B en Chiguayante,2913.0,115063500,Chiguayante,Concepción,88 m²,3,2,https://example.invalid/demo/00302,2026-05-04,2026-06-22
DEMO-02121,demo,venta,casa,Casa 2D 1B en San Pedro de la Paz,3120.0,123240000,San Pedro de la Paz,Concepción,74 m²,2,1,https://example.invalid/demo/02121,2026-06-01,2026-07-26
DEMO-00762,demo,venta,casa,Casa 4D 2B en Concepción,8628.0,340806000,Concepción,Concepción,131 m²,4,2,https://example.invalid/demo/00762,2026-06-16,2026-07-12
DEMO-01793,demo,venta,departamento,Depto 2D 1B en Los Ángeles,2750.0,108625000,Los Ángeles,Biobío,54 m²,2,1,https://example.invalid/demo/01793,2026-08-29,2026-09-01
DEMO-00009,demo,venta,casa,Casa 6D 4B en Arauco,49,1935500,Arauco,Arauco,255 m²,6,4,https://example.invalid/demo/00009,2026-08-16,2026-09-01
DEMO-01796,demo,venta,departamento,Depto 3D 2B en Los Ángeles,3852.0,152154000,Los Ángeles,Biobío,94 m²,3,2,https://example.invalid/demo/01796,2026-05-14,2026-06-01
DEMO-01267,demo,venta,casa,Casa 4D 2B en Coronel,3915.0,154642500,Coronel,Concepción,157 m²,4,2,https://example.invalid/demo/01267,2026-05-16,2026-06-24
DEMO-01734,demo,venta,departamento,Depto 2D 1B en Los Ángeles,2702.0,106729000,Los Ángeles,Biobío,64 m²,2,1,https://example.invalid/demo/01734,2026-05-04,2026-05-12
DEMO-00022,demo,venta,casa,Casa 4D 2B en Cabrero,2157.0,85201500,Cabrero,Biobío,139 m²,4,2,https://example.invalid/demo/00022,2026-06-29,2026-07-25
DEMO-00426,demo,venta,casa,Casa 4D 2B en Chiguayante,7535.0,297632500,Chiguayante,Concepción,,4,2,https://example.invalid/demo/00426,2026-06-25,2026-07-15
DEMO-01478,demo,venta,departamento,Depto 2D 1B en Hualpén,2548.0,100646000,Hualpén,Concepción,61 m²,2,1,https://example.invalid/demo/01478,2026-07-09,2026-08-22
DEMO-02224,demo,venta,casa,Casa 5D 3B en San Pedro de la Paz,6134.0,242293000,San Pedro de la Paz,Concepción,158 m²,5,3,https://example.invalid/demo/02224,2026-08-05,2026-09-01
DEMO-02582,demo,venta,casa,Casa 3D 2B en Talcahuano,3197.0,126281500,Talcahuano,Concepción,116 m²,3,2,https://example.invalid/demo/02582,2026-05-24,2026-07-21
DEMO-00509,demo,venta,departamento,Depto 4D 2B en Chiguayante,4178.0,165031000,Chiguayante,Concepción,108 m²,4,2,https://example.invalid/demo/00509,2026-05-21,2026-06-26
DEMO-01825,demo,venta,departamento,Depto 2D 1B en Los Ángeles,2794.0,110363000,Los Ángeles,Biobío,,2,1,https://example.invalid/demo/01825,2026-06-20,2026-08-04
DEMO-00403,demo,venta,casa,Casa 5D 3B en Chiguayante,6607.0,260976500,Chiguayante,Concepción,,5,3,https://example.invalid/demo/00403,2026-06-05,2026-07-25
DEMO-00757,demo,venta,casa,Casa 4D 2B en Concepción,8618.0,340411000,Concepción,Concepción,157 m²,4,2,https://example.invalid/demo/00757,2026-05-19,2026-07-18
DEMO-02515,demo,venta,departamento,Depto 3D 2B en San Pedro de la Paz,0,0,San Pedro de la Paz,Concepción,80 m²,3,2,https://example.invalid/demo/02515,2026-08-07,2026-09-01
DEMO-00845,demo,venta,casa,Casa 2D 1B en Concepción,3982.0,157289000,Concepción,Concepción,67 m²,2,1,https://example.invalid/demo/00845,2026-08-16,2026-09-01
DEMO-00842,demo,venta,casa,Casa 4D 2B en Concepción,6520.0,257540000,Concepción,Concepción,126 m²,4,2,https://example.invalid/demo/00842,2026-06-07,2026-07-23
DEMO-03064,demo,venta,casa,Casa 5D 3B en Tomé,5136.0,202872000,Tomé,Concepción,188 m²,5,3,https://example.invalid/demo/03064,2026-07-12,2026-08-15
DEMO-00660,demo,venta,departamento,Depto 2D 1B en Chiguayante,3992.0,157684000,Chiguayante,Concepción,67 m²,2,1,https://example.invalid/demo/00660,2026-07-10,2026-08-15
DEMO-01304,demo,venta,departamento,Depto 2D 1B en Coronel,1976.0,78052000,Coronel,Concepción,,2,1,https://example.invalid/demo/01304,2026-08-14,2026-09-01
DEMO-00858,demo,venta,casa,Casa 3D 2B en Concepción,3110.0,122845000,Concepción,Concepción,,3,2,https://example.invalid/demo/00858,2026-06-19,2026-07-11
DEMO-00828,demo,venta,casa,Casa 2D 1B en Concepción,2490.0,98355000,Concepción,Concepción,83 m²,2,1,https://example.invalid/demo/00828,2026-05-19,2026-07-01
DEMO-01724,demo,venta,departamento,Depto 2D 1B en Los Ángeles,3215.0,126992500,Los Ángeles,Biobío,53 m²,2,1,https://example.invalid/demo/01724,2026-08-05,2026-08-28
DEMO-03006,demo,venta,casa,Casa 4D 2B en Tomé,6255.0,247072500,Tomé,Concepción,141 m²,4,2,https://example.invalid/demo/03006,2026-07-01,2026-07-02
DEMO-03027,demo,venta,casa,Casa 3D 2B en Tomé,3647.0,144056500,Tomé,Concepción,121 m²,3,2,https://example.invalid/demo/03027,2026-05-26,2026-07-25
DEMO-00594,demo,venta,departamento,Depto 2D 1B en Chiguayante,3037.0,119961500,Chiguayante,Concepción,,2,1,https://example.invalid/demo/00594,2026-08-24,2026-09-01
DEMO-00369,demo,venta,casa,Casa 6D 4B en Chiguayante,7595.0,300002500,Chiguayante,Concepción,202 m²,6,4,https://example.invalid/demo/00369,2026-07-27,2026-08-26
DEMO-01127,demo,venta,departamento,Depto 2D 1B en Concepción,3624.0,143148000,Concepción,Concepción,56 m²,2,1,https://example.invalid/demo/01127,2026-06-17,2026-08-07
DEMO-02690,demo,venta,casa,Casa 3D 2B en Talcahuano,4675.0,184662500,Talcahuano,Concepción,,3,2,https://example.invalid/demo/02690,2026-08-25,2026-09-01
DEMO-00545,demo,venta,departamento,Depto 1D 1B en Chiguayante,1857.0,73351500,Chiguayante,Concepción,38 m²,1,1,https://example.invalid/demo/00545,2026-06-24,2026-07-20
DEMO-00553,demo,venta,departamento,Depto 2D 1B en Chiguayante,2938.0,116051000,Chiguayante,Concepción,49 m²,2,1,https://example.invalid/demo/00553,2026-06-06,2026-06-17
DEMO-00375,demo,venta,casa,Casa 6D 4B en Chiguayante,8611.0,340134500,Chiguayante,Concepción,224 m²,6,4,https://example.invalid/demo/00375,2026-08-28,2026-09-01
DEMO-01747,demo,venta,departamento,Depto 3D 2B en Los Ángeles,2819.0,111350500,Los Ángeles,Biobío,74 m²,3,2,https://example.invalid/demo/01747,2026-05-11,2026-07-02
DEMO-01910,demo,venta,casa,Casa 3D 2B en Penco,3349.0,132285500,Penco,Concepción,,3,2,https://example.invalid/demo/01910,2026-07-09,2026-08-20
DEMO-01435,demo,venta,departamento,Depto 3D 2B en Hualpén,3505.0,138447500,Hualpén,Concepción,73 m²,3,2,https://example.invalid/demo/01435,2026-06-12,2026-07-12
DEMO-02969,demo,venta,casa,Casa 3D 2B en Tomé,2471.0,97604500,Tomé,Concepción,108 m²,3,2,https://example.invalid/demo/02969,2026-08-30,2026-09-01
DEMO-00639,demo,venta,departamento,Depto 3D 2B en Chiguayante,3082.0,121739000,Chiguayante,Concepción,75 m²,3,2,https://example.invalid/demo/00639,2026-07-06,2026-09-01
DEMO-01575,demo,venta,casa,Casa 6D 4B en Los Ángeles,5707.0,225426500,Los Ángeles,Biobío,,6,4,https://example.invalid/demo/01575,2026-05-07,2026-05-09
DEMO-02624,demo,venta,casa,Casa 6D 4B en Talcahuano,6056.0,239212000,Talcahuano,Concepción,252 m²,6,4,https://example.invalid/demo/02624,2026-08-07,2026-09-01
DEMO-01806,demo,venta,departamento,Depto 2D 1B en Los Ángeles,2525.0,99737500,Los Ángeles,Biobío,64 m²,2,1,https://example.invalid/demo/01806,2026-05-12,2026-05-23
DEMO-02606,demo,venta,casa,Casa 3D 2B en Talcahuano,3629.0,143345500,Talcahuano,Concepción,115 m²,3,2,https://example.invalid/demo/02606,2026-07-12,2026-09-01
DEMO-03132,demo,venta,departamento,Depto 2D 1B en Tomé,2698.0,106571000,Tomé,Concepción,60 m²,2,1,https://example.invalid/demo/03132,2026-07-19,2026-09-01
DEMO-00056,demo,arriendo,casa,Casa 5D 3B en Chiguayante,29.5,1165250,Chiguayante,Concepción,189 m²,5,3,https://example.invalid/demo/00056,2026-06-27,2026-08-17
DEMO-01980,demo,arriendo,casa,Casa 6D 4B en San Pedro de la Paz,46.1,1820950,San Pedro de la Paz,Concepción,221 m²,6,4,https://example.invalid/demo/01980,2026-05-19,2026-07-12
DEMO-01853,demo,venta,departamento,Depto 2D 1B en Los Ángeles,2526.0,99777000,Los Ángeles,Biobío,67 m²,2,1,https://example.invalid/demo/01853,2026-07-24,2026-08-14
DEMO-01568,demo,venta,casa,Casa 4D 2B en Los Ángeles,4265.0,168467500,Los Ángeles,Biobío,140 m²,4,2,https://example.invalid/demo/01568,2026-08-07,2026-09-01
DEMO-01580,demo,venta,casa,Casa 5D 3B en Los Ángeles,5648.0,223096000,Los Ángeles,Biobío,169 m²,5,3,https://example.invalid/demo/01580,2026-07-02,2026-07-10
DEMO-00271,demo,venta,casa,Casa 3D 2B en Chiguayante,4741.0,187269500,Chiguayante,Concepción,120 m²,3,2,https://example.invalid/demo/00271,2026-08-04,2026-09-01
DEMO-00036,demo,venta,casa,Casa 3D 2B en Cañete,2067.0,81646500,Cañete,Arauco,,3,2,https://example.invalid/demo/00036,2026-08-25,2026-09-01
DEMO-00313,demo,venta,casa,Casa 2D 1B en Chiguayante,2402.0,94879000,Chiguayante,Concepción,71 m²,2,1,https://example.invalid/demo/00313,2026-06-04,2026-06-14
DEMO-02882,demo,venta,casa,Casa 3D 2B en Tomé,3170.0,125215000,Tomé,Concepción,,3,2,https://example.invalid/demo/02882,2026-08-27,2026-09-01
DEMO-02095,demo,venta,casa,Casa 3D 2B en San Pedro de la Paz,5161.0,203859500,San Pedro de la Paz,Concepción,119 m²,3,2,https://example.invalid/demo/02095,2026-07-27,2026-08-18
DEMO-02476,demo,venta,departamento,Depto 4D 2B en San Pedro de la Paz,6200.0,244900000,San Pedro de la Paz,Concepción,105 m²,4,2,https://example.invalid/demo/02476,2026-05-08,2026-06-07
DEMO-02397,demo,venta,departamento,Depto 3D 2B en San Pedro de la Paz,3225.0,127387500,San Pedro de la Paz,Concepción,,3,2,https://example.invalid/demo/02397,2026-06-18,2026-08-06
DEMO-03137,demo,venta,departamento,Depto 3D 2B en Tomé,2148.0,84846000,Tomé,Concepción,97 m²,3,2,https://example.invalid/demo/03137,2026-08-10,2026-09-01
DEMO-01987,demo,arriendo,casa,Casa 6D 4B en San Pedro de la Paz,38.0,1501000,San Pedro de la Paz,Concepción,216 m²,6,4,https://example.invalid/demo/01987,2026-05-16,2026-05-24
DEMO-02675,demo,venta,casa,Casa 6D 4B en Talcahuano,8137.0,321411500,Talcahuano,Concepción,282 m²,6,4,https://example.invalid/demo/02675,2026-07-16,2026-09-01
DEMO-00588,demo,venta,departamento,Depto 3D 2B en Chiguayante,3335.0,131732500,Chiguayante,Concepción,74 m²,3,2,https://example.invalid/demo/00588,2026-06-30,2026-07-03
DEMO-01449,demo,venta,departamento,Depto 3D 2B en Hualpén,3600.0,142200000,Hualpén,Concepción,,3,2,https://example.invalid/demo/01449,2026-07-22,2026-08-06
DEMO-02269,demo,venta,departamento,Depto 4D 2B en San Pedro de la Paz,7202.0,284479000,San Pedro de la Paz,Concepción,126 m²,4,2,https://example.invalid/demo/02269,2026-07-10,2026-07-16
DEMO-02769,demo,venta,departamento,Depto 5D 3B en Talcahuano,4315.0,170442500,Talcahuano,Concepción,,5,3,https://example.invalid/demo/02769,2026-07-16,2026-07-19
DEMO-01124,demo,venta,departamento,Depto 4D 2B en Concepción,5174.0,204373000,Concepción,Concepción,112 m²,4,2,https://example.invalid/demo/01124,2026-08-03,2026-09-01
DEMO-00141,demo,venta,casa,Casa 6D 4B en Chiguayante,7295.0,288152500,Chiguayante,Concepción,235 m²,6,4,https://example.invalid/demo/00141,2026-05-20,2026-05-30
DEMO-02506,demo,venta,departamento,Depto 3D 2B en San Pedro de la Paz,4016.0,158632000,San Pedro de la Paz,Concepción,74 m²,3,2,https://example.invalid/demo/02506,2026-06-28,2026-08-08
DEMO-01375,demo,venta,casa,Casa 3D 2B en Hualpén,2667.0,105346500,Hualpén,Concepción,101 m²,3,2,https://example.invalid/demo/01375,2026-05-05,2026-06-16
DEMO-00814,demo,venta,casa,Casa 6D 4B en Concepción,19309.0,762705500,Concepción,Concepción,284 m²,6,4,https://example.invalid/demo/00814,2026-08-06,2026-08-25
DEMO-01873,demo,venta,casa,Casa 4D 2B en Lota,3258.0,128691000,Lota,Concepción,143 m²,4,2,https://example.invalid/demo/01873,2026-08-28,2026-09-01
DEMO-02229,demo,venta,casa,Casa 4D 2B en San Pedro de la Paz,6071.0,239804500,San Pedro de la Paz,Concepción,133 m²,4,2,https://example.invalid/demo/02229,2026-06-21,2026-07-22
DEMO-01717,demo,venta,departamento,Depto 2D 1B en Los Ángeles,1645.0,64977500,Los Ángeles,Biobío,50 m²,2,1,https://example.invalid/demo/01717,2026-05-14,2026-06-06
DEMO-00136,demo,venta,casa,Casa 4D 2B en Chiguayante,5585.0,220607500,Chiguayante,Concepción,141 m²,4,2,https://example.invalid/demo/00136,2026-08-25,2026-09-01
DEMO-00387,demo,venta,casa,Casa 4D 2B en Chiguayante,6152.0,243004000,Chiguayante,Concepción,148 m²,4,2,https://example.invalid/demo/00387,2026-07-06,2026-08-22
DEMO-01844,demo,venta,departamento,Depto 2D 1B en Los Ángeles,2306.0,91087000,Los Ángeles,Biobío,,2,1,https://example.invalid/demo/01844,2026-06-21,2026-08-19
DEMO-00685,demo,arriendo,casa,Casa 6D 4B en Concepción,58.3,2302850,Concepción,Concepción,,6,4,https://example.invalid/demo/00685,2026-07-10,2026-07-25
DEMO-00477,demo,venta,departamento,Depto 3D 2B en Chiguayante,4527.0,178816500,Chiguayante,Concepción,71 m²,3,2,https://example.invalid/demo/00477,2026-08-21,2026-08-26
DEMO-01625,demo,venta,casa,Casa 4D 2B en Los Ángeles,4196.0,165742000,Los Ángeles,Biobío,150 m²,4,2,https://example.invalid/demo/01625,2026-08-27,2026-09-01
DEMO-00087,demo,venta,casa,Casa 4D 2B en Chiguayante,3435.0,135682500,Chiguayante,Concepción,134 m²,4,2,https://example.invalid/demo/00087,2026-08-06,2026-09-01
DEMO-01662,demo,venta,casa,Casa 3D 2B en Los Ángeles,4393.0,173523500,Los Ángeles,Biobío,108 m²,3,2,https://example.invalid/demo/01662,2026-08-20,2026-09-01
DEMO-02169,demo,venta,casa,Casa 5D 3B en San Pedro de la Paz,7015.0,277092500,San Pedro de la Paz,Concepción,166 m²,5,3,https://example.invalid/demo/02169,2026-05-28,2026-07-19
DEMO-00910,demo,venta,casa,Casa 3D 2B en Concepción,6071.0,239804500,Concepción,Concepción,113 m²,3,2,https://example.invalid/demo/00910,2026-05-08,2026-06-21
DEMO-02864,demo,venta,departamento,Depto 2D 1B en Talcahuano,3686.0,145597000,Talcahuano,Concepción,56 m²,2,1,https://example.invalid/demo/02864,2026-07-14,2026-07-23
DEMO-00240,demo,venta,casa,Casa 2D 1B en Chiguayante,2822.0,111469000,Chiguayante,Concepción,72 m²,2,1,https://example.invalid/demo/00240,2026-08-26,2026-09-01
DEMO-01998,demo,venta,casa,Casa 6D 4B en San Pedro de la Paz,10628.0,419806000,San Pedro de la Paz,Concepción,217 m²,6,4,https://example.invalid/demo/01998,2026-06-04,2026-06-05
DEMO-02274,demo,venta,departamento,Depto 4D 2B en San Pedro de la Paz,5388.0,212826000,San Pedro de la Paz,Concepción,102 m²,4,2,https://example.invalid/demo/02274,2026-08-25,2026-09-01
DEMO-00432,demo,venta,casa,Casa 4D 2B en Chiguayante,4344.0,171588000,Chiguayante,Concepción,138 m²,4,2,https://example.invalid/demo/00432,2026-08-03,2026-08-20
DEMO-01456,demo,venta,departamento,Depto 3D 2B en Hualpén,3484.0,137618000,Hualpén,Concepción,77 m²,3,2,https://example.invalid/demo/01456,2026-08-04,2026-08-29
DEMO-01014,demo,venta,departamento,Depto 2D 1B en Concepción,6729.0,265795500,Concepción,Concepción,70 m²,2,1,https://example.invalid/demo/01014,2026-05-14,2026-07-08
DEMO-00917,demo,venta,casa,Casa 2D 1B en Concepción,3737.0,147611500,Concepción,Concepción,87 m²,2,1,https://example.invalid/demo/00917,2026-07-23,2026-08-14
DEMO-02868,demo,venta,departamento,Depto 2D 1B en Talcahuano,2262.0,89349000,Talcahuano,Concepción,,2,1,https://example.invalid/demo/02868,2026-06-01,2026-06-29
DEMO-02819,demo,venta,departamento,Depto 3D 2B en Talcahuano,4072.0,160844000,Talcahuano,Concepción,96 m²,3,2,https://example.invalid/demo/02819,2026-06-01,2026-06-19
DEMO-02742,demo,venta,departamento,Depto 2D 1B en Talcahuano,1880.0,74260000,Talcahuano,Concepción,46 m²,2,1,https://example.invalid/demo/02742,2026-06-28,2026-07-19
DEMO-01988,demo,arriendo,casa,Casa 6D 4B en San Pedro de la Paz,42.8,1690600,San Pedro de la Paz,Concepción,,6,4,https://example.invalid/demo/01988,2026-07-28,2026-09-01
DEMO-01133,demo,venta,departamento,Depto 2D 1B en Concepción,0,0,Concepción,Concepción,,2,1,https://example.invalid/demo/01133,2026-08-14,2026-09-01
DEMO-01901,demo,venta,casa,Casa 3D 2B en Penco,3129.0,123595500,Penco,Concepción,117 m²,3,2,https://example.invalid/demo/01901,2026-07-19,2026-08-27
DEMO-02652,demo,venta,casa,Casa 5D 3B en Talcahuano,4635.0,183082500,Talcahuano,Concepción,159 m²,5,3,https://example.invalid/demo/02652,2026-07-22,2026-07-25
DEMO-01952,demo,venta,departamento,Depto 3D 2B en Penco,4831.0,190824500,Penco,Concepción,78 m²,3,2,https://example.invalid/demo/01952,2026-09-01,2026-09-01
DEMO-00956,demo,arriendo,departamento,Depto 2D 1B en Concepción,24.0,948000,Concepción,Concepción,63 m²,2,1,https://example.invalid/demo/00956,2026-09-01,2026-09-01
DEMO-01838,demo,venta,departamento,Depto 2D 1B en Los Ángeles,3137.0,123911500,Los Ángeles,Biobío,52 m²,2,1,https://example.invalid/demo/01838,2026-06-22,2026-07-04
DEMO-01919,demo,venta,casa,Casa 5D 3B en Penco,4395.0,173602500,Penco,Concepción,160 m²,5,3,https://example.invalid/demo/01919,2026-06-14,2026-08-01
DEMO-00820,demo,venta,casa,Casa 6D 4B en Concepción,6152.0,243004000,Concepción,Concepción,,6,4,https://example.invalid/demo/00820,2026-07-15,2026-08-26
DEMO-01779,demo,venta,departamento,Depto 3D 2B en Los Ángeles,2544.0,100488000,Los Ángeles,Biobío,82 m²,3,2,https://example.invalid/demo/01779,2026-08-04,2026-09-01
DEMO-01634,demo,venta,casa,Casa 4D 2B en Los Ángeles,4433.0,175103500,Los Ángeles,Biobío,123 m²,4,2,https://example.invalid/demo/01634,2026-08-29,2026-09-01
DEMO-00281,demo,venta,casa,Casa 5D 3B en Chiguayante,5347.0,211206500,Chiguayante,Concepción,189 m²,5,3,https://example.invalid/demo/00281,2026-06-10,2026-07-21
DEMO-02798,demo,venta,departamento,Depto 3D 2B en Talcahuano,4112.0,162424000,Talcahuano,Concepción,,3,2,https://example.invalid/demo/02798,2026-06-12,2026-07-26
DEMO-00765,demo,venta,casa,Casa 6D 4B en Concepción,7688.0,303676000,Concepción,Concepción,208 m²,6,4,https://example.invalid/demo/00765,2026-08-14,2026-09-01
DEMO-00538,demo,venta,departamento,Depto 4D 2B en Chiguayante,6013.0,237513500,Chiguayante,Concepción,105 m²,4,2,https://example.invalid/demo/00538,2026-07-09,2026-07-19
DEMO-00148,demo,venta,casa,Casa 4D 2B en Chiguayante,3490.0,137855000,Chiguayante,Concepción,130 m²,4,2,https://example.invalid/demo/00148,2026-08-01,2026-08-28
DEMO-02563,demo,venta,casa,Casa 3D 2B en Santa Juana,2211.0,87334500,Santa Juana,Concepción,117 m²,3,2,https://example.invalid/demo/02563,2026-08-26,2026-09-01
DEMO-02328,demo,venta,departamento,Depto 4D 2B en San Pedro de la Paz,5525.0,218237500,San Pedro de la Paz,Concepción,111 m²,4,2,https://example.invalid/demo/02328,2026-08-19,2026-09-01
DEMO-01414,demo,venta,departamento,Depto 2D 1B en Hualpén,2857.0,112851500,Hualpén,Concepción,55 m²,2,1,https://example.invalid/demo/01414,2026-08-13,2026-09-01
DEMO-01671,demo,venta,casa,Casa 5D 3B en Los Ángeles,4522.0,178619000,Los Ángeles,Biobío,,5,3,https://example.invalid/demo/01671,2026-08-28,2026-09-01
DEMO-00075,demo,venta,casa,Casa 6D 4B en Chiguayante,8308.0,328166000,Chiguayante,Concepción,223 m²,6,4,https://example.invalid/demo/00075,2026-06-09,2026-08-02
DEMO-00198,demo,venta,casa,Casa 2D 1B en Chiguayante,2659.0,105030500,Chiguayante,Concepción,,2,1,https://example.invalid/demo/00198,2026-07-01,2026-07-04
DEMO-00760,demo,venta,casa,Casa 4D 2B en Concepción,6583.0,260028500,Concepción,Concepción,157 m²,4,2,https://example.invalid/demo/00760,2026-07-01,2026-08-10
DEMO-02699,demo,venta,casa,Casa 2D 1B en Talcahuano,2917.0,115221500,Talcahuano,Concepción,80 m²,2,1,https://example.invalid/demo/02699,2026-07-13,2026-08-24
DEMO-01588,demo,venta,casa,Casa 4D 2B en Los Ángeles,4472.0,176644000,Los Ángeles,Biobío,156 m²,4,2,https://example.invalid/demo/01588,2026-07-12,2026-08-04
DEMO-01657,demo,venta,casa,Casa 4D 2B en Los Ángeles,5294.0,209113000,Los Ángeles,Biobío,,4,2,https://example.invalid/demo/01657,2026-08-18,2026-08-28
DEMO-01303,demo,venta,departamento,Depto 3D 2B en Coronel,1532.0,60514000,Coronel,Concepción,72 m²,3,2,https://example.invalid/demo/01303,2026-07-14,2026-07-28
DEMO-00168,demo,venta,casa,Casa 4D 2B en Chiguayante,3783.0,149428500,Chiguayante,Concepción,,4,2,https://example.invalid/demo/00168,2026-07-22,2026-08-01
DEMO-01857,demo,venta,departamento,Depto 3D 2B en Los Ángeles,3430.0,135485000,Los Ángeles,Biobío,90 m²,3,2,https://example.invalid/demo/01857,2026-08-01,2026-09-01
DEMO-02697,demo,venta,casa,Casa 3D 2B en Talcahuano,2895.0,114352500,Talcahuano,Concepción,104 m²,3,2,https://example.invalid/demo/02697,2026-06-21,2026-08-09
DEMO-02450,demo,venta,departamento,Depto 2D 1B en San Pedro de la Paz,3345.0,132127500,San Pedro de la Paz,Concepción,68 m²,2,1,https://example.invalid/demo/02450,2026-08-03,2026-09-01
DEMO-02895,demo,venta,casa,Casa 3D 2B en Tomé,3446.0,136117000,Tomé,Concepción,,3,2,https://example.invalid/demo/02895,2026-05-10,2026-05-29
DEMO-00029,demo,venta,casa,Casa 6D 4B en Cañete,4829.0,190745500,Cañete,Arauco,239 m²,6,4,https://example.invalid/demo/00029,2026-05-13,2026-05-18
DEMO-00682,demo,arriendo,casa,Casa 5D 3B en Concepción,59.6,2354200,Concepción,Concepción,189 m²,5,3,https://example.invalid/demo/00682,2026-08-01,2026-08-25
DEMO-02951,demo,venta,casa,Casa 4D 2B en Tomé,3223.0,127308500,Tomé,Concepción,133 m²,4,2,https://example.invalid/demo/02951,2026-05-31,2026-06-08
DEMO-02671,demo,venta,casa,Casa 6D 4B en Talcahuano,5470.0,216065000,Talcahuano,Concepción,216 m²,6,4,https://example.invalid/demo/02671,2026-05-28,2026-06-20
DEMO-01408,demo,venta,departamento,Depto 2D 1B en Hualpén,2504.0,98908000,Hualpén,Concepción,64 m²,2,1,https://example.invalid/demo/01408,2026-06-16,2026-06-16
DEMO-02598,demo,venta,casa,Casa 3D 2B en Talcahuano,4099.0,161910500,Talcahuano,Concepción,120 m²,3,2,https://example.invalid/demo/02598,2026-07-20,2026-09-01
DEMO-00927,demo,venta,casa,Casa 3D 2B en Concepción,5716.0,225782000,Concepción,Concepción,110 m²,3,2,https://example.invalid/demo/00927,2026-06-11,2026-06-20
DEMO-02611,demo,venta,casa,Casa 6D 4B en Talcahuano,8078.0,319081000,Talcahuano,Concepción,203 m²,6,4,https://example.invalid/demo/02611,2026-08-03,2026-09-01
DEMO-01907,demo,venta,casa,Casa 6D 4B en Penco,6297.0,248731500,Penco,Concepción,196 m²,6,4,https://example.invalid/demo/01907,2026-08-14,2026-09-01
DEMO-01700,demo,venta,departamento,Depto 4D 2B en Los Ángeles,2637.0,104161500,Los Ángeles,Biobío,122 m²,4,2,https://example.invalid/demo/01700,2026-07-15,2026-07-17
DEMO-02891,demo,venta,casa,Casa 5D 3B en Tomé,4464.0,176328000,Tomé,Concepción,159 m²,5,3,https://example.invalid/demo/02891,2026-05-18,2026-07-16
DEMO-03146,demo,venta,departamento,Depto 5D 3B en Tomé,4489.0,177315500,Tomé,Concepción,133 m²,5,3,https://example.invalid/demo/03146,2026-05-07,2026-06-10
DEMO-02681,demo,venta,casa,Casa 6D 4B en Talcahuano,9530.0,376435000,Talcahuano,Concepción,289 m²,6,4,https://example.invalid/demo/02681,2026-08-16,2026-08-25
DEMO-00048,demo,arriendo,casa,Casa 4D 2B en Chiguayante,22.1,872950,Chiguayante,Concepción,149 m²,4,2,https://example.invalid/demo/00048,2026-05-17,2026-05-28
DEMO-03029,demo,venta,casa,Casa 5D 3B en Tomé,3485.0,137657500,Tomé,Concepción,173 m²,5,3,https://example.invalid/demo/03029,2026-08-11,2026-08-26
DEMO-00393,demo,venta,casa,Casa 6D 4B en Chiguayante,9127.0,360516500,Chiguayante,Concepción,237 m²,6,4,https://example.invalid/demo/00393,2026-06-04,2026-07-30
DEMO-02917,demo,venta,casa,Casa 5D 3B en Tomé,4825.0,190587500,Tomé,Concepción,158 m²,5,3,https://example.invalid/demo/02917,2026-06-01,2026-07-25
DEMO-00722,demo,venta,casa,Casa 4D 2B en Concepción,7048.0,278396000,Concepción,Concepción,155 m²,4,2,https://example.invalid/demo/00722,2026-08-30,2026-09-01
DEMO-02976,demo,venta,casa,Casa 2D 1B en Tomé,2634.0,104043000,Tomé,Concepción,82 m²,2,1,https://example.invalid/demo/02976,2026-06-01,2026-06-04
DEMO-00118,demo,venta,casa,Casa 6D 4B en Chiguayante,9941.0,392669500,Chiguayante,Concepción,255 m²,6,4,https://example.invalid/demo/00118,2026-06-30,2026-08-21
DEMO-02191,demo,venta,casa,Casa 6D 4B en San Pedro de la Paz,9075.0,358462500,San Pedro de la Paz,Concepción,256 m²,6,4,https://example.invalid/demo/02191,2026-07-10,2026-07-31
DEMO-02829,demo,venta,departamento,Depto 4D 2B en Talcahuano,4179.0,165070500,Talcahuano,Concepción,122 m²,4,2,https://example.invalid/demo/02829,2026-07-17,2026-09-01
DEMO-00459,demo,venta,departamento,Depto 4D 2B en Chiguayante,4952.0,195604000,Chiguayante,Concepción,98 m²,4,2,https://example.invalid/demo/00459,2026-08-07,2026-09-01
DEMO-02949,demo,venta,casa,Casa 3D 2B en Tomé,1925.0,76037500,Tomé,Concepción,89 m²,3,2,https://example.invalid/demo/02949,2026-05-09,2026-06-16
DEMO-02695,demo,venta,casa,Casa 4D 2B en Talcahuano,5585.0,220607500,Talcahuano,Concepción,128 m²,4,2,https://example.invalid/demo/02695,2026-07-22,2026-09-01
DEMO-02426,demo,venta,departamento,Depto 2D 1B en San Pedro de la Paz,2147.0,84806500,San Pedro de la Paz,Concepción,43 m²,2,1,https://example.invalid/demo/02426,2026-06-16,2026-08-14
DEMO-02092,demo,venta,casa,Casa 6D 4B en San Pedro de la Paz,7567.0,298896500,San Pedro de la Paz,Concepción,195 m²,6,4,https://example.invalid/demo/02092,2026-06-26,2026-07-07
DEMO-00692,demo,arriendo,casa,Casa 5D 3B en Concepción,28.3,1117850,Concepción,Concepción,164 m²,5,3,https://example.invalid/demo/00692,2026-07-25,2026-09-01
DEMO-02718,demo,venta,casa,Casa 3D 2B en Talcahuano,4196.0,165742000,Talcahuano,Concepción,,3,2,https://example.invalid/demo/02718,2026-08-03,2026-09-01
DEMO-01402,demo,venta,departamento,Depto 2D 1B en Hualpén,2320.0,91640000,Hualpén,Concepción,61 m²,2,1,https://example.invalid/demo/01402,2026-07-24,2026-07-31
DEMO-02154,demo,venta,casa,Casa 5D 3B en San Pedro de la Paz,8441.0,333419500,San Pedro de la Paz,Concepción,176 m²,5,3,https://example.invalid/demo/02154,2026-07-16,2026-08-01
DEMO-00004,demo,venta,casa,Casa 4D 2B en Arauco,4095.0,161752500,Arauco,Arauco,144 m²,4,2,https://example.invalid/demo/00004,2026-07-31,2026-08-22
DEMO-02335,demo,venta,departamento,Depto 2D 1B en San Pedro de la Paz,2374.0,93773000,San Pedro de la Paz,Concepción,,2,1,https://example.invalid/demo/02335,2026-07-21,2026-08-27
DEMO-02156,demo,venta,casa,Casa 4D 2B en San Pedro de la Paz,5081.0,200699500,San Pedro de la Paz,Concepción,124 m²,4,2,https://example.invalid/demo/02156,2026-08-26,2026-09-01
DEMO-00074,demo,venta,casa,Casa 3D 2B en Chiguayante,2932.0,115814000,Chiguayante,Concepción,105 m²,3,2,https://example.invalid/demo/00074,2026-06-15,2026-07-11
DEMO-01692,demo,venta,departamento,Depto 3D 2B en Los Ángeles,4445.0,175577500,Los Ángeles,Biobío,88 m²,3,2,https://example.invalid/demo/01692,2026-05-26,2026-06-14
DEMO-02420,demo,venta,departamento,Depto 2D 1B en San Pedro de la Paz,3399.0,134260500,San Pedro de la Paz,Concepción,63 m²,2,1,https://example.invalid/demo/02420,2026-05-31,2026-07-04
DEMO-02871,demo,venta,casa,Casa 6D 4B en Tomé,7092.0,280134000,Tomé,Concepción,253 m²,6,4,https://example.invalid/demo/02871,2026-06-19,2026-06-20
DEMO-00868,demo,venta,casa,Casa 3D 2B en Concepción,3607.0,142476500,Concepción,Concepción,106 m²,3,2,https://example.invalid/demo/00868,2026-06-24,2026-06-26
DEMO-00146,demo,venta,casa,Casa 4D 2B en Chiguayante,7620.0,300990000,Chiguayante,Concepción,143 m²,4,2,https://example.invalid/demo/00146,2026-08-16,2026-08-21
DEMO-00034,demo,venta,casa,Casa 6D 4B en Cañete,3559.0,140580500,Cañete,Arauco,227 m²,6,4,https://example.invalid/demo/00034,2026-06-14,2026-07-29
DEMO-01466,demo,venta,departamento,Depto 3D 2B en Hualpén,3561.0,140659500,Hualpén,Concepción,,3,2,https://example.invalid/demo/01466,2026-06-13,2026-07-08
DEMO-03090,demo,venta,casa,Casa 5D 3B en Tomé,6884.0,271918000,Tomé,Concepción,192 m²,5,3,https://example.invalid/demo/03090,2026-06-05,2026-07-28
DEMO-00070,demo,venta,casa,Casa 6D 4B en Chiguayante,8233.0,325203500,Chiguayante,Concepción,225 m²,6,4,https://example.invalid/demo/00070,2026-08-14,2026-09-01
DEMO-02854,demo,venta,departamento,Depto 3D 2B en Talcahuano,2799.0,110560500,Talcahuano,Concepción,81 m²,3,2,https://example.invalid/demo/02854,2026-05-28,2026-06-15
DEMO-01612,demo,venta,casa,Casa 6D 4B en Los Ángeles,5631.0,222424500,Los Ángeles,Biobío,202 m²,6,4,https://example.invalid/demo/01612,2026-06-19,2026-08-16
DEMO-02807,demo,venta,departamento,Depto 4D 2B en Talcahuano,4434.0,175143000,Talcahuano,Concepción,102 m²,4,2,https://example.invalid/demo/02807,2026-08-11,2026-09-01
DEMO-03135,demo,venta,departamento,Depto 2D 1B en Tomé,2491.0,98394500,Tomé,Concepción,,2,1,https://example.invalid/demo/03135,2026-06-10,2026-06-17
DEMO-02641,demo,venta,casa,Casa 6D 4B en Talcahuano,10289.0,406415500,Talcahuano,Concepción,232 m²,6,4,https://example.invalid/demo/02641,2026-07-11,2026-07-26
DEMO-02303,demo,venta,departamento,Depto 3D 2B en San Pedro de la Paz,9159.0,361780500,San Pedro de la Paz,Concepción,96 m²,3,2,https://example.invalid/demo/02303,2026-08-01,2026-08-30
DEMO-02735,demo,venta,casa,Casa 4D 2B en Talcahuano,4208.0,166216000,Talcahuano,Concepción,142 m²,4,2,https://example.invalid/demo/02735,2026-07-28,2026-08-22
DEMO-00192,demo,venta,casa,Casa 4D 2B en Chiguayante,8710.0,344045000,Chiguayante,Concepción,145 m²,4,2,https://example.invalid/demo/00192,2026-07-28,2026-09-01
DEMO-00940,demo,venta,casa,Casa 5D 3B en Concepción,5722.0,226019000,Concepción,Concepción,166 m²,5,3,https://example.invalid/demo/00940,2026-06-28,2026-08-08
DEMO-00880,demo,venta,casa,Casa 3D 2B en Concepción,6668.0,263386000,Concepción,Concepción,102 m²,3,2,https://example.invalid/demo/00880,2026-08-10,2026-09-01
DEMO-01335,demo,venta,casa,Casa 3D 2B en Hualpén,3408.0,134616000,Hualpén,Concepción,119 m²,3,2,https://example.invalid/demo/01335,2026-05-13,2026-07-12
DEMO-01822,demo,venta,departamento,Depto 3D 2B en Los Ángeles,5381.0,212549500,Los Ángeles,Biobío,91 m²,3,2,https://example.invalid/demo/01822,2026-08-16,2026-09-01
DEMO-00181,demo,venta,casa,Casa 4D 2B en Chiguayante,7094.0,280213000,Chiguayante,Concepción,151 m²,4,2,https://example.invalid/demo/00181,2026-05-13,2026-06-05
DEMO-03147,demo,venta,departamento,Depto 5D 3B en Tomé,7480.0,295460000,Tomé,Concepción,138 m²,5,3,https://example.invalid/demo/03147,2026-05-07,2026-07-04
DEMO-00616,demo,venta,departamento,Depto 2D 1B en Chiguayante,2322.0,91719000,Chiguayante,Concepción,,2,1,https://example.invalid/demo/00616,2026-08-11,2026-09-01
DEMO-01481,demo,venta,departamento,Depto 3D 2B en Hualpén,3396.0,134142000,Hualpén,Concepción,85 m²,3,2,https://example.invalid/demo/01481,2026-07-07,2026-08-06
DEMO-02388,demo,venta,departamento,Depto 3D 2B en San Pedro de la Paz,3324.0,131298000,San Pedro de la Paz,Concepción,83 m²,3,2,https://example.invalid/demo/02388,2026-06-25,2026-07-27
DEMO-01284,demo,venta,casa,Casa 3D 2B en Coronel,1765.0,69717500,Coronel,Concepción,,3,2,https://example.invalid/demo/01284,2026-08-29,2026-09-01
DEMO-01762,demo,venta,departamento,Depto 1D 1B en Los Ángeles,2407.0,95076500,Los Ángeles,Biobío,38 m²,1,1,https://example.invalid/demo/01762,2026-08-08,2026-09-01
DEMO-01162,demo,venta,departamento,Depto 3D 2B en Concepción,4724.0,186598000,Concepción,Concepción,90 m²,3,2,https://example.invalid/demo/01162,2026-05-10,2026-07-07
DEMO-02308,demo,venta,departamento,Depto 2D 1B en San Pedro de la Paz,5291.0,208994500,San Pedro de la Paz,Concepción,67 m²,2,1,https://example.invalid/demo/02308,2026-08-12,2026-08-26
DEMO-01141,demo,venta,departamento,Depto 2D 1B en Concepción,3426.0,135327000,Concepción,Concepción,,2,1,https://example.invalid/demo/01141,2026-07-16,2026-08-31
DEMO-00435,demo,arriendo,departamento,Depto 3D 2B en Chiguayante,11.7,462150,Chiguayante,Concepción,85 m²,3,2,https://example.invalid/demo/00435,2026-05-28,2026-06-29
DEMO-00232,demo,venta,casa,Casa 6D 4B en Chiguayante,9077.0,358541500,Chiguayante,Concepción,,6,4,https://example.invalid/demo/00232,2026-08-05,2026-09-01
DEMO-00069,demo,venta,casa,Casa 6D 4B en Chiguayante,8027.0,317066500,Chiguayante,Concepción,200 m²,6,4,https://example.invalid/demo/00069,2026-07-23,2026-08-09
DEMO-02651,demo,venta,casa,Casa 4D 2B en Talcahuano,2938.0,116051000,Talcahuano,Concepción,125 m²,4,2,https://example.invalid/demo/02651,2026-08-03,2026-08-21
DEMO-03038,demo,venta,casa,Casa 5D 3B en Tomé,3765.0,148717500,Tomé,Concepción,162 m²,5,3,https://example.invalid/demo/03038,2026-07-08,2026-08-13
DEMO-02709,demo,venta,casa,Casa 5D 3B en Talcahuano,6332.0,250114000,Talcahuano,Concepción,190 m²,5,3,https://example.invalid/demo/02709,2026-08-10,2026-09-01
DEMO-00883,demo,venta,casa,Casa 6D 4B en Concepción,18760.0,741020000,Concepción,Concepción,290 m²,6,4,https://example.invalid/demo/00883,2026-08-21,2026-09-01
DEMO-00460,demo,venta,departamento,Depto 2D 1B en Chiguayante,2063.0,81488500,Chiguayante,Concepción,51 m²,2,1,https://example.invalid/demo/00460,2026-06-10,2026-07-19
DEMO-02375,demo,venta,departamento,Depto 2D 1B en San Pedro de la Paz,3134.0,123793000,San Pedro de la Paz,Concepción,49 m²,2,1,https://example.invalid/demo/02375,2026-05-27,2026-07-09
DEMO-01167,demo,venta,departamento,Depto 3D 2B en Concepción,5782.0,228389000,Concepción,Concepción,,3,2,https://example.invalid/demo/01167,2026-08-03,2026-08-17
DEMO-02556,demo,venta,casa,Casa 6D 4B en Santa Bárbara,1981.0,78249500,Santa Bárbara,Biobío,,6,4,https://example.invalid/demo/02556,2026-05-20,2026-06-11
DEMO-00292,demo,venta,casa,Casa 5D 3B en Chiguayante,7902.0,312129000,Chiguayante,Concepción,190 m²,5,3,https://example.invalid/demo/00292,2026-06-29,2026-07-20
DEMO-00631,demo,venta,departamento,Depto 3D 2B en Chiguayante,5861.0,231509500,Chiguayante,Concepción,83 m²,3,2,https://example.invalid/demo/00631,2026-08-06,2026-08-28
DEMO-01440,demo,venta,departamento,Depto 4D 2B en Hualpén,5947.0,234906500,Hualpén,Concepción,107 m²,4,2,https://example.invalid/demo/01440,2026-07-21,2026-08-19
DEMO-00532,demo,venta,departamento,Depto 2D 1B en Chiguayante,4023.0,158908500,Chiguayante,Concepción,52 m²,2,1,https://example.invalid/demo/00532,2026-07-31,2026-09-01
DEMO-02772,demo,venta,departamento,Depto 2D 1B en Talcahuano,3180.0,125610000,Talcahuano,Concepción,70 m²,2,1,https://example.invalid/demo/02772,2026-06-04,2026-06-04
DEMO-02724,demo,venta,casa,Casa 5D 3B en Talcahuano,5363.0,211838500,Talcahuano,Concepción,,5,3,https://example.invalid/demo/02724,2026-05-05,2026-05-29
DEMO-02507,demo,venta,departamento,Depto 1D 1B en San Pedro de la Paz,2771.0,109454500,San Pedro de la Paz,Concepción,41 m²,1,1,https://example.invalid/demo/02507,2026-06-13,2026-06-30
DEMO-00490,demo,venta,departamento,Depto 4D 2B en Chiguayante,6197.0,244781500,Chiguayante,Concepción,,4,2,https://example.invalid/demo/00490,2026-08-08,2026-08-29
DEMO-02065,demo,venta,casa,Casa 5D 3B en San Pedro de la Paz,8440.0,333380000,San Pedro de la Paz,Concepción,183 m²,5,3,https://example.invalid/demo/02065,2026-05-22,2026-05-31
DEMO-01146,demo,venta,departamento,Depto 3D 2B en Concepción,0,0,Concepción,Concepción,82 m²,3,2,https://example.invalid/demo/01146,2026-06-15,2026-08-10
DEMO-01524,demo,venta,casa,Casa 3D 2B en Hualqui,2091.0,82594500,Hualqui,Concepción,93 m²,3,2,https://example.invalid/demo/01524,2026-05-14,2026-06-23
DEMO-01029,demo,venta,departamento,Depto 3D 2B en Concepción,6503.0,256868500,Concepción,Concepción,97 m²,3,2,https://example.invalid/demo/01029,2026-05-19,2026-06-03
DEMO-02660,demo,venta,casa,Casa 3D 2B en Talcahuano,3549.0,140185500,Talcahuano,Concepción,,3,2,https://example.invalid/demo/02660,2026-08-06,2026-09-01
DEMO-00707,demo,venta,casa,Casa 6D 4B en Concepción,11646.0,460017000,Concepción,Concepción,225 m²,6,4,https://example.invalid/demo/00707,2026-05-07,2026-06-01
DEMO-00010,demo,venta,casa,Casa 2D 1B en Arauco,1062.0,41949000,Arauco,Arauco,81 m²,2,1,https://example.invalid/demo/00010,2026-08-03,2026-09-01
DEMO-00125,demo,venta,casa,Casa 3D 2B en Chiguayante,4021.0,158829500,Chiguayante,Concepción,114 m²,3,2,https://example.invalid/demo/00125,2026-06-06,2026-07-12
DEMO-00230,demo,venta,casa,Casa 4D 2B en Chiguayante,3957.0,156301500,Chiguayante,Concepción,129 m²,4,2,https://example.invalid/demo/00230,2026-06-02,2026-06-09
DEMO-02433,demo,venta,departamento,Depto 4D 2B en San Pedro de la Paz,12441.0,491419500,San Pedro de la Paz,Concepción,111 m²,4,2,https://example.invalid/demo/02433,2026-06-28,2026-08-07
DEMO-00154,demo,venta,casa,Casa 3D 2B en Chiguayante,4559.0,180080500,Chiguayante,Concepción,108 m²,3,2,https://example.invalid/demo/00154,2026-08-17,2026-09-01
DEMO-02679,demo,venta,casa,Casa 2D 1B en Talcahuano,2568.0,101436000,Talcahuano,Concepción,65 m²,2,1,https://example.invalid/demo/02679,2026-08-14,2026-09-01
DEMO-01610,demo,venta,casa,Casa 4D 2B en Los Ángeles,4398.0,173721000,Los Ángeles,Biobío,,4,2,https://example.invalid/demo/01610,2026-07-22,2026-09-01
DEMO-02134,demo,venta,casa,Casa 6D 4B en San Pedro de la Paz,9710.0,383545000,San Pedro de la Paz,Concepción,,6,4,https://example.invalid/demo/02134,2026-05-13,2026-06-14
DEMO-01544,demo,venta,casa,Casa 6D 4B en Los Ángeles,7824.0,309048000,Los Ángeles,Biobío,255 m²,6,4,https://example.invalid/demo/01544,2026-06-05,2026-07-16
DEMO-01137,demo,venta,departamento,Depto 3D 2B en Concepción,4382.0,173089000,Concepción,Concepción,72 m²,3,2,https://example.invalid/demo/01137,2026-08-21,2026-08-31
DEMO-03021,demo,venta,casa,Casa 4D 2B en Tomé,3617.0,142871500,Tomé,Concepción,,4,2,https://example.invalid/demo/03021,2026-05-27,2026-07-25
DEMO-03076,demo,venta,casa,Casa 3D 2B en Tomé,5835.0,230482500,Tomé,Concepción,111 m²,3,2,https://example.invalid/demo/03076,2026-06-17,2026-06-23
DEMO-01048,demo,venta,departamento,Depto 2D 1B en Concepción,2311.0,91284500,Concepción,Concepción,43 m²,2,1,https://example.invalid/demo/01048,2026-07-28,2026-08-19
DEMO-02001,demo,venta,casa,Casa 4D 2B en San Pedro de la Paz,6133.0,242253500,San Pedro de la Paz,Concepción,155 m²,4,2,https://example.invalid/demo/02001,2026-08-05,2026-09-01
DEMO-00297,demo,venta,casa,Casa 5D 3B en Chiguayante,6195.0,244702500,Chiguayante,Concepción,189 m²,5,3,https://example.invalid/demo/00297,2026-05-14,2026-06-07
DEMO-01490,demo,venta,departamento,Depto 2D 1B en Hualpén,2618.0,103411000,Hualpén,Concepción,66 m²,2,1,https://example.invalid/demo/01490,2026-07-22,2026-08-22
DEMO-00921,demo,venta,casa,Casa 2D 1B en Concepción,3395.0,134102500,Concepción,Concepción,71 m²,2,1,https://example.invalid/demo/00921,2026-06-06,2026-06-25
DEMO-00228,demo,venta,casa,Casa 5D 3B en Chiguayante,6568.0,259436000,Chiguayante,Concepción,169 m²,5,3,https://example.invalid/demo/00228,2026-07-22,2026-08-07
DEMO-01463,demo,venta,departamento,Depto 4D 2B en Hualpén,3883.0,153378500,Hualpén,Concepción,102 m²,4,2,https://example.invalid/demo/01463,2026-07-18,2026-07-18
DEMO-02623,demo,venta,casa,Casa 6D 4B en Talcahuano,0,0,Talcahuano,Concepción,231 m²,6,4,https://example.invalid/demo/02623,2026-07-14,2026-09-01
DEMO-00097,demo,venta,casa,Casa 6D 4B en Chiguayante,6574.0,259673000,Chiguayante,Concepción,234 m²,6,4,https://example.invalid/demo/00097,2026-06-25,2026-08-19
DEMO-03092,demo,venta,casa,Casa 2D 1B en Tomé,1278.0,50481000,Tomé,Concepción,65 m²,2,1,https://example.invalid/demo/03092,2026-06-14,2026-07-25
DEMO-02472,demo,venta,departamento,Depto 2D 1B en San Pedro de la Paz,4871.0,192404500,San Pedro de la Paz,Concepción,,2,1,https://example.invalid/demo/02472,2026-07-31,2026-08-10
DEMO-02461,demo,venta,departamento,Depto 5D 3B en San Pedro de la Paz,11017.0,435171500,San Pedro de la Paz,Concepción,129 m²,5,3,https://example.invalid/demo/02461,2026-05-11,2026-05-19
DEMO-02929,demo,venta,casa,Casa 4D 2B en Tomé,3255.0,128572500,Tomé,Concepción,135 m²,4,2,https://example.invalid/demo/02929,2026-05-20,2026-06-16
DEMO-01431,demo,venta,departamento,Depto 3D 2B en Hualpén,2681.0,105899500,Hualpén,Concepción,73 m²,3,2,https://example.invalid/demo/01431,2026-08-09,2026-09-01
DEMO-01531,demo,venta,casa,Casa 5D 3B en Hualqui,3015.0,119092500,Hualqui,Concepción,167 m²,5,3,https://example.invalid/demo/01531,2026-08-10,2026-08-22
DEMO-03060,demo,venta,casa,Casa 2D 1B en Tomé,2390.0,94405000,Tomé,Concepción,87 m²,2,1,https://example.invalid/demo/03060,2026-08-22,2026-09-01
DEMO-02265,demo,venta,departamento,Depto 3D 2B en San Pedro de la Paz,7855.0,310272500,San Pedro de la Paz,Concepción,82 m²,3,2,https://example.invalid/demo/02265,2026-07-03,2026-08-21
DEMO-00671,demo,venta,departamento,Depto 4D 2B en Chiguayante,5568.0,219936000,Chiguayante,Concepción,99 m²,4,2,https://example.invalid/demo/00671,2026-07-19,2026-09-01
DEMO-02444,demo,venta,departamento,Depto 5D 3B en San Pedro de la Paz,9447.0,373156500,San Pedro de la Paz,Concepción,137 m²,5,3,https://example.invalid/demo/02444,2026-05-12,2026-07-08
DEMO-02537,demo,venta,departamento,Depto 2D 1B en San Pedro de la Paz,4139.0,163490500,San Pedro de la Paz,Concepción,49 m²,2,1,https://example.invalid/demo/02537,2026-05-19,2026-06-09
DEMO-03070,demo,venta,casa,Casa 6D 4B en Tomé,5383.0,212628500,Tomé,Concepción,,6,4,https://example.invalid/demo/03070,2026-07-26,2026-08-19
DEMO-02703,demo,venta,casa,Casa 4D 2B en Talcahuano,5336.0,210772000,Talcahuano,Concepción,147 m²,4,2,https://example.invalid/demo/02703,2026-08-04,2026-08-08
DEMO-02733,demo,venta,casa,Casa 6D 4B en Talcahuano,5547.0,219106500,Talcahuano,Concepción,197 m²,6,4,https://example.invalid/demo/02733,2026-06-26,2026-08-04
DEMO-01804,demo,venta,departamento,Depto 2D 1B en Los Ángeles,2754.0,108783000,Los Ángeles,Biobío,57 m²,2,1,https://example.invalid/demo/01804,2026-06-17,2026-07-07
DEMO-01935,demo,venta,departamento,Depto 4D 2B en Penco,5568.0,219936000,Penco,Concepción,119 m²,4,2,https://example.invalid/demo/01935,2026-07-10,2026-07-12
DEMO-03117,demo,venta,departamento,Depto 2D 1B en Tomé,2332.0,92114000,Tomé,Concepción,70 m²,2,1,https://example.invalid/demo/03117,2026-07-24,2026-08-10
DEMO-01203,demo,venta,departamento,Depto 3D 2B en Concepción,4471.0,176604500,Concepción,Concepción,,3,2,https://example.invalid/demo/01203,2026-05-22,2026-06-06
DEMO-01433,demo,venta,departamento,Depto 4D 2B en Hualpén,6969.0,275275500,Hualpén,Concepción,115 m²,4,2,https://example.invalid/demo/01433,2026-07-31,2026-08-30
DEMO-02024,demo,venta,casa,Casa 3D 2B en San Pedro de la Paz,5559.0,219580500,San Pedro de la Paz,Concepción,,3,2,https://example.invalid/demo/02024,2026-06-28,2026-07-06
DEMO-01196,demo,venta,departamento,Depto 4D 2B en Concepción,6245.0,246677500,Concepción,Concepción,,4,2,https://example.invalid/demo/01196,2026-07-26,2026-09-01
DEMO-02006,demo,venta,casa,Casa 6D 4B en San Pedro de la Paz,9105.0,359647500,San Pedro de la Paz,Concepción,,6,4,https://example.invalid/demo/02006,2026-07-24,2026-09-01
DEMO-00951,demo,arriendo,departamento,Depto 2D 1B en Concepción,18.5,730750,Concepción,Concepción,61 m²,2,1,https://example.invalid/demo/00951,2026-07-03,2026-08-21
DEMO-00145,demo,venta,casa,Casa 6D 4B en Chiguayante,9815.0,387692500,Chiguayante,Concepción,,6,4,https://example.invalid/demo/00145,2026-08-02,2026-08-11
DEMO-01143,demo,venta,departamento,Depto 2D 1B en Concepción,3656.0,144412000,Concepción,Concepción,60 m²,2,1,https://example.invalid/demo/01143,2026-06-24,2026-08-08
DEMO-01539,demo,venta,casa,Casa 5D 3B en Los Ángeles,5628.0,222306000,Los Ángeles,Biobío,167 m²,5,3,https://example.invalid/demo/01539,2026-07-07,2026-09-01
DEMO-00979,demo,venta,departamento,Depto 2D 1B en Concepción,2311.0,91284500,Concepción,Concepción,42 m²,2,1,https://example.invalid/demo/00979,2026-07-16,2026-07-30
DEMO-01883,demo,venta,casa,Casa 6D 4B en Negrete,4266.0,168507000,Negrete,Biobío,219 m²,6,4,https://example.invalid/demo/01883,2026-06-20,2026-08-07
DEMO-03043,demo,venta,casa,Casa 5D 3B en Tomé,4783.0,188928500,Tomé,Concepción,187 m²,5,3,https://example.invalid/demo/03043,2026-05-12,2026-06-28
DEMO-01034,demo,venta,departamento,Depto 3D 2B en Concepción,5150.0,203425000,Concepción,Concepción,71 m²,3,2,https://example.invalid/demo/01034,2026-08-04,2026-09-01
DEMO-01601,demo,venta,casa,Casa 6D 4B en Los Ángeles,11612.0,458674000,Los Ángeles,Biobío,,6,4,https://example.invalid/demo/01601,2026-08-28,2026-09-01
DEMO-02646,demo,venta,casa,Casa 2D 1B en Talcahuano,2813.0,111113500,Talcahuano,Concepción,,2,1,https://example.invalid/demo/02646,2026-05-11,2026-05-13
DEMO-00467,demo,venta,departamento,Depto 3D 2B en Chiguayante,5805.0,229297500,Chiguayante,Concepción,83 m²,3,2,https://example.invalid/demo/00467,2026-08-02,2026-09-01
DEMO-02860,demo,venta,departamento,Depto 1D 1B en Talcahuano,2025.0,79987500,Talcahuano,Concepción,40 m²,1,1,https://example.invalid/demo/02860,2026-07-27,2026-08-12
DEMO-02083,demo,venta,casa,Casa 6D 4B en San Pedro de la Paz,7925.0,313037500,San Pedro de la Paz,Concepción,,6,4,https://example.invalid/demo/02083,2026-07-27,2026-09-01
DEMO-02821,demo,venta,departamento,Depto 2D 1B en Talcahuano,3205.0,126597500,Talcahuano,Concepción,57 m²,2,1,https://example.invalid/demo/02821,2026-05-27,2026-07-20
DEMO-02415,demo,venta,departamento,Depto 2D 1B en San Pedro de la Paz,5071.0,200304500,San Pedro de la Paz,Concepción,68 m²,2,1,https://example.invalid/demo/02415,2026-08-13,2026-09-01
DEMO-01525,demo,venta,casa,Casa 2D 1B en Hualqui,2236.0,88322000,Hualqui,Concepción,65 m²,2,1,https://example.invalid/demo/01525,2026-06-15,2026-07-09
DEMO-00587,demo,venta,departamento,Depto 2D 1B en Chiguayante,2258.0,89191000,Chiguayante,Concepción,,2,1,https://example.invalid/demo/00587,2026-05-10,2026-06-01
DEMO-01515,demo,venta,casa,Casa 6D 4B en Hualqui,4445.0,175577500,Hualqui,Concepción,,6,4,https://example.invalid/demo/01515,2026-05-20,2026-07-06
DEMO-00821,demo,venta,casa,Casa 3D 2B en Concepción,4606.0,181937000,Concepción,Concepción,118 m²,3,2,https://example.invalid/demo/00821,2026-07-01,2026-08-01
DEMO-00131,demo,venta,casa,Casa 6D 4B en Chiguayante,9901.0,391089500,Chiguayante,Concepción,231 m²,6,4,https://example.invalid/demo/00131,2026-06-04,2026-06-22
DEMO-01320,demo,arriendo,casa,Casa 3D 2B en Hualpén,20.1,793950,Hualpén,Concepción,110 m²,3,2,https://example.invalid/demo/01320,2026-05-16,2026-06-16
DEMO-01502,demo,venta,departamento,Depto 2D 1B en Hualpén,2905.0,114747500,Hualpén,Concepción,68 m²,2,1,https://example.invalid/demo/01502,2026-08-04,2026-09-01
DEMO-01105,demo,venta,departamento,Depto 2D 1B en Concepción,5242.0,207059000,Concepción,Concepción,,2,1,https://example.invalid/demo/01105,2026-08-15,2026-09-01
DEMO-02220,demo,venta,casa,Casa 6D 4B en San Pedro de la Paz,12978.0,512631000,San Pedro de la Paz,Concepción,,6,4,https://example.invalid/demo/02220,2026-08-16,2026-08-31
DEMO-00129,demo,venta,casa,Casa 3D 2B en Chiguayante,2967.0,117196500,Chiguayante,Concepción,112 m²,3,2,https://example.invalid/demo/00129,2026-07-07,2026-08-25
DEMO-02657,demo,venta,casa,Casa 5D 3B en Talcahuano,8605.0,339897500,Talcahuano,Concepción,,5,3,https://example.invalid/demo/02657,2026-08-27,2026-08-28
DEMO-01590,demo,venta,casa,Casa 3D 2B en Los Ángeles,3797.0,149981500,Los Ángeles,Biobío,122 m²,3,2,https://example.invalid/demo/01590,2026-08-18,2026-09-01
DEMO-01030,demo,venta,departamento,Depto 3D 2B en Concepción,3864.0,152628000,Concepción,Concepción,89 m²,3,2,https://example.invalid/demo/01030,2026-07-07,2026-07-21
DEMO-02629,demo,venta,casa,Casa 3D 2B en Talcahuano,2950.0,116525000,Talcahuano,Concepción,108 m²,3,2,https://example.invalid/demo/02629,2026-08-03,2026-08-11
DEMO-01164,demo,venta,departamento,Depto 2D 1B en Concepción,4000.0,158000000,Concepción,Concepción,59 m²,2,1,https://example.invalid/demo/01164,2026-05-29,2026-06-09
DEMO-00547,demo,venta,departamento,Depto 3D 2B en Chiguayante,3003.0,118618500,Chiguayante,Concepción,75 m²,3,2,https://example.invalid/demo/00547,2026-08-24,2026-09-01
DEMO-00229,demo,venta,casa,Casa 3D 2B en Chiguayante,3981.0,157249500,Chiguayante,Concepción,111 m²,3,2,https://example.invalid/demo/00229,2026-08-14,2026-08-25
DEMO-02188,demo,venta,casa,Casa 5D 3B en San Pedro de la Paz,6816.0,269232000,San Pedro de la Paz,Concepción,,5,3,https://example.invalid/demo/02188,2026-07-21,2026-08-20
DEMO-02351,demo,venta,departamento,Depto 3D 2B en San Pedro de la Paz,67,2646500,San Pedro de la Paz,Concepción,93 m²,3,2,https://example.invalid/demo/02351,2026-08-04,2026-09-01
DEMO-02403,demo,venta,departamento,Depto 2D 1B en San Pedro de la Paz,32,1264000,San Pedro de la Paz,Concepción,68 m²,2,1,https://example.invalid/demo/02403,2026-07-22,2026-08-26
DEMO-01732,demo,venta,departamento,Depto 3D 2B en Los Ángeles,3064.0,121028000,Los Ángeles,Biobío,74 m²,3,2,https://example.invalid/demo/01732,2026-07-11,2026-07-19
DEMO-02722,demo,venta,casa,Casa 4D 2B en Talcahuano,3997.0,157881500,Talcahuano,Concepción,,4,2,https://example.invalid/demo/02722,2026-05-13,2026-06-20
DEMO-00670,demo,venta,departamento,Depto 3D 2B en Chiguayante,6997.0,276381500,Chiguayante,Concepción,89 m²,3,2,https://example.invalid/demo/00670,2026-06-23,2026-08-18
DEMO-00341,demo,venta,casa,Casa 6D 4B en Chiguayante,0,0,Chiguayante,Concepción,269 m²,6,4,https://example.invalid/demo/00341,2026-07-24,2026-08-09
DEMO-00339,demo,venta,casa,Casa 4D 2B en Chiguayante,4557.0,180001500,Chiguayante,Concepción,143 m²,4,2,https://example.invalid/demo/00339,2026-06-30,2026-07-30
DEMO-00744,demo,venta,casa,Casa 2D 1B en Concepción,3600.0,142200000,Concepción,Concepción,74 m²,2,1,https://example.invalid/demo/00744,2026-07-06,2026-07-24
DEMO-00581,demo,venta,departamento,Depto 2D 1B en Chiguayante,3273.0,129283500,Chiguayante,Concepción,67 m²,2,1,https://example.invalid/demo/00581,2026-06-02,2026-06-27
DEMO-01561,demo,venta,casa,Casa 3D 2B en Los Ángeles,3719.0,146900500,Los Ángeles,Biobío,118 m²,3,2,https://example.invalid/demo/01561,2026-07-15,2026-07-24
DEMO-00264,demo,venta,casa,Casa 6D 4B en Chiguayante,10125.0,399937500,Chiguayante,Concepción,280 m²,6,4,https://example.invalid/demo/00264,2026-05-18,2026-05-30
DEMO-01812,demo,venta,departamento,Depto 3D 2B en Los Ángeles,2902.0,114629000,Los Ángeles,Biobío,92 m²,3,2,https://example.invalid/demo/01812,2026-08-14,2026-08-25
DEMO-00657,demo,venta,departamento,Depto 4D 2B en Chiguayante,8044.0,317738000,Chiguayante,Concepción,123 m²,4,2,https://example.invalid/demo/00657,2026-05-15,2026-05-22
DEMO-02332,demo,venta,departamento,Depto 1D 1B en San Pedro de la Paz,1704.0,67308000,San Pedro de la Paz,Concepción,37 m²,1,1,https://example.invalid/demo/02332,2026-06-16,2026-07-03
DEMO-00140,demo,venta,casa,Casa 4D 2B en Chiguayante,6135.0,242332500,Chiguayante,Concepción,131 m²,4,2,https://example.invalid/demo/00140,2026-05-29,2026-07-23
DEMO-02731,demo,venta,casa,Casa 4D 2B en Talcahuano,4591.0,181344500,Talcahuano,Concepción,132 m²,4,2,https://example.invalid/demo/02731,2026-06-18,2026-07-27
DEMO-02410,demo,venta,departamento,Depto 4D 2B en San Pedro de la Paz,5002.0,197579000,San Pedro de la Paz,Concepción,98 m²,4,2,https://example.invalid/demo/02410,2026-08-06,2026-09-01
DEMO-00356,demo,venta,casa,Casa 3D 2B en Chiguayante,5102.0,201529000,Chiguayante,Concepción,103 m²,3,2,https://example.invalid/demo/00356,2026-07-25,2026-08-07
DEMO-01603,demo,venta,casa,Casa 5D 3B en Los Ángeles,3598.0,142121000,Los Ángeles,Biobío,168 m²,5,3,https://example.invalid/demo/01603,2026-08-06,2026-08-12
DEMO-02571,demo,venta,casa,Casa 3D 2B en Santa Juana,2420.0,95590000,Santa Juana,Concepción,104 m²,3,2,https://example.invalid/demo/02571,2026-05-17,2026-07-07
DEMO-01413,demo,venta,departamento,Depto 3D 2B en Hualpén,4240.0,167480000,Hualpén,Concepción,,3,2,https://example.invalid/demo/01413,2026-05-11,2026-05-16
DEMO-03082,demo,venta,casa,Casa 2D 1B en Tomé,1924.0,75998000,Tomé,Concepción,74 m²,2,1,https://example.invalid/demo/03082,2026-06-19,2026-07-22
DEMO-00856,demo,venta,casa,Casa 6D 4B en Concepción,0,0,Concepción,Concepción,219 m²,6,4,https://example.invalid/demo/00856,2026-06-20,2026-07-10
DEMO-00943,demo,venta,casa,Casa 6D 4B en Concepción,12030.0,475185000,Concepción,Concepción,,6,4,https://example.invalid/demo/00943,2026-06-10,2026-06-20
DEMO-02686,demo,venta,casa,Casa 6D 4B en Talcahuano,11909.0,470405500,Talcahuano,Concepción,266 m²,6,4,https://example.invalid/demo/02686,2026-07-01,2026-07-26
DEMO-02345,demo,venta,departamento,Depto 3D 2B en San Pedro de la Paz,6957.0,274801500,San Pedro de la Paz,Concepción,,3,2,https://example.invalid/demo/02345,2026-07-10,2026-08-14
DEMO-00368,demo,venta,casa,Casa 6D 4B en Chiguayante,6724.0,265598000,Chiguayante,Concepción,244 m²,6,4,https://example.invalid/demo/00368,2026-05-11,2026-05-17
DEMO-00787,demo,venta,casa,Casa 3D 2B en Concepción,2964.0,117078000,Concepción,Concepción,92 m²,3,2,https://example.invalid/demo/00787,2026-06-02,2026-06-25
DEMO-01180,demo,venta,departamento,Depto 3D 2B en Concepción,5348.0,211246000,Concepción,Concepción,93 m²,3,2,https://example.invalid/demo/01180,2026-08-09,2026-09-01
DEMO-02654,demo,venta,casa,Casa 4D 2B en Talcahuano,4648.0,183596000,Talcahuano,Concepción,144 m²,4,2,https://example.invalid/demo/02654,2026-08-09,2026-09-01
DEMO-00066,demo,arriendo,casa,Casa 3D 2B en Chiguayante,16.5,651750,Chiguayante,Concepción,112 m²,3,2,https://example.invalid/demo/00066,2026-06-01,2026-07-13
DEMO-01315,demo,arriendo,casa,Casa 6D 4B en Hualpén,23.8,940100,Hualpén,Concepción,202 m²,6,4,https://example.invalid/demo/01315,2026-08-26,2026-08-31
DEMO-00534,demo,venta,departamento,Depto 3D 2B en Chiguayante,3085.0,121857500,Chiguayante,Concepción,,3,2,https://example.invalid/demo/00534,2026-07-09,2026-07-12
DEMO-01866,demo,venta,departamento,Depto 3D 2B en Los Ángeles,5743.0,226848500,Los Ángeles,Biobío,92 m²,3,2,https://example.invalid/demo/01866,2026-07-27,2026-09-01
DEMO-02793,demo,venta,departamento,Depto 3D 2B en Talcahuano,3741.0,147769500,Talcahuano,Concepción,92 m²,3,2,https://example.invalid/demo/02793,2026-05-19,2026-06-07
DEMO-01701,demo,venta,departamento,Depto 3D 2B en Los Ángeles,1969.0,77775500,Los Ángeles,Biobío,73 m²,3,2,https://example.invalid/demo/01701,2026-06-28,2026-07-20
DEMO-00862,demo,venta,casa,Casa 6D 4B en Concepción,15143.0,598148500,Concepción,Concepción,310 m²,6,4,https://example.invalid/demo/00862,2026-08-11,2026-09-01
DEMO-00371,demo,venta,casa,Casa 4D 2B en Chiguayante,7379.0,291470500,Chiguayante,Concepción,151 m²,4,2,https://example.invalid/demo/00371,2026-07-06,2026-07-25
DEMO-01912,demo,venta,casa,Casa 3D 2B en Penco,3009.0,118855500,Penco,Concepción,98 m²,3,2,https://example.invalid/demo/01912,2026-07-19,2026-07-25
DEMO-02942,demo,venta,casa,Casa 4D 2B en Tomé,3219.0,127150500,Tomé,Concepción,130 m²,4,2,https://example.invalid/demo/02942,2026-07-30,2026-08-16
DEMO-02915,demo,venta,casa,Casa 6D 4B en Tomé,4890.0,193155000,Tomé,Concepción,225 m²,6,4,https://example.invalid/demo/02915,2026-05-19,2026-06-06
DEMO-01763,demo,venta,departamento,Depto 2D 1B en Los Ángeles,3115.0,123042500,Los Ángeles,Biobío,68 m²,2,1,https://example.invalid/demo/01763,2026-08-11,2026-08-14
DEMO-01465,demo,venta,departamento,Depto 3D 2B en Hualpén,3371.0,133154500,Hualpén,Concepción,85 m²,3,2,https://example.invalid/demo/01465,2026-06-18,2026-08-16
DEMO-01687,demo,arriendo,departamento,Depto 2D 1B en Los Ángeles,7.6,300200,Los Ángeles,Biobío,53 m²,2,1,https://example.invalid/demo/01687,2026-07-31,2026-09-01
DEMO-02131,demo,venta,casa,Casa 5D 3B en San Pedro de la Paz,7639.0,301740500,San Pedro de la Paz,Concepción,172 m²,5,3,https://example.invalid/demo/02131,2026-08-17,2026-09-01
DEMO-02042,demo,venta,casa,Casa 4D 2B en San Pedro de la Paz,5216.0,206032000,San Pedro de la Paz,Concepción,134 m²,4,2,https://example.invalid/demo/02042,2026-05-17,2026-07-16
DEMO-03099,demo,venta,casa,Casa 5D 3B en Tomé,4098.0,161871000,Tomé,Concepción,,5,3,https://example.invalid/demo/03099,2026-08-04,2026-09-01
DEMO-02781,demo,venta,departamento,Depto 4D 2B en Talcahuano,0,0,Talcahuano,Concepción,107 m²,4,2,https://example.invalid/demo/02781,2026-06-13,2026-07-07
DEMO-01543,demo,venta,casa,Casa 6D 4B en Los Ángeles,7907.0,312326500,Los Ángeles,Biobío,253 m²,6,4,https://example.invalid/demo/01543,2026-05-22,2026-07-16
DEMO-01150,demo,venta,departamento,Depto 3D 2B en Concepción,3783.0,149428500,Concepción,Concepción,73 m²,3,2,https://example.invalid/demo/01150,2026-08-25,2026-09-01
DEMO-03051,demo,venta,casa,Casa 6D 4B en Tomé,6365.0,251417500,Tomé,Concepción,194 m²,6,4,https://example.invalid/demo/03051,2026-05-12,2026-06-12
DEMO-00605,demo,venta,departamento,Depto 2D 1B en Chiguayante,2266.0,89507000,Chiguayante,Concepción,59 m²,2,1,https://example.invalid/demo/00605,2026-05-23,2026-07-10
DEMO-02483,demo,venta,departamento,Depto 4D 2B en San Pedro de la Paz,4687.0,185136500,San Pedro de la Paz,Concepción,123 m²,4,2,https://example.invalid/demo/02483,2026-07-02,2026-07-09
DEMO-02663,demo,venta,casa,Casa 3D 2B en Talcahuano,4627.0,182766500,Talcahuano,Concepción,108 m²,3,2,https://example.invalid/demo/02663,2026-05-31,2026-06-01
DEMO-01814,demo,venta,departamento,Depto 2D 1B en Los Ángeles,2642.0,104359000,Los Ángeles,Biobío,52 m²,2,1,https://example.invalid/demo/01814,2026-06-30,2026-07-16
DEMO-01400,demo,venta,departamento,Depto 2D 1B en Hualpén,3020.0,119290000,Hualpén,Concepción,,2,1,https://example.invalid/demo/01400,2026-07-27,2026-07-30
DEMO-01860,demo,venta,departamento,Depto 3D 2B en Los Ángeles,5805.0,229297500,Los Ángeles,Biobío,,3,2,https://example.invalid/demo/01860,2026-06-25,2026-07-17
DEMO-01253,demo,venta,casa,Casa 6D 4B en Coronel,8467.0,334446500,Coronel,Concepción,288 m²,6,4,https://example.invalid/demo/01253,2026-05-13,2026-07-01
DEMO-02016,demo,venta,casa,Casa 3D 2B en San Pedro de la Paz,3665.0,144767500,San Pedro de la Paz,Concepción,113 m²,3,2,https://example.invalid/demo/02016,2026-08-18,2026-09-01
DEMO-00189,demo,venta,casa,Casa 5D 3B en Chiguayante,7022.0,277369000,Chiguayante,Concepción,160 m²,5,3,https://example.invalid/demo/00189,2026-07-23,2026-09-01
DEMO-02983,demo,venta,casa,Casa 5D 3B en Tomé,4741.0,187269500,Tomé,Concepción,170 m²,5,3,https://example.invalid/demo/02983,2026-07-11,2026-07-24
DEMO-00963,demo,venta,departamento,Depto 4D 2B en Concepción,7386.0,291747000,Concepción,Concepción,104 m²,4,2,https://example.invalid/demo/00963,2026-08-18,2026-09-01
DEMO-01534,demo,arriendo,casa,Casa 3D 2B en Los Ángeles,17.6,695200,Los Ángeles,Biobío,,3,2,https://example.invalid/demo/01534,2026-05-28,2026-06-02
DEMO-00853,demo,venta,casa,Casa 6D 4B en Concepción,13087.0,516936500,Concepción,Concepción,206 m²,6,4,https://example.invalid/demo/00853,2026-05-04,2026-06-01
DEMO-01751,demo,venta,departamento,Depto 4D 2B en Los Ángeles,4230.0,167085000,Los Ángeles,Biobío,103 m²,4,2,https://example.invalid/demo/01751,2026-08-02,2026-09-01
DEMO-02268,demo,venta,departamento,Depto 2D 1B en San Pedro de la Paz,3056.0,120712000,San Pedro de la Paz,Concepción,58 m²,2,1,https://example.invalid/demo/02268,2026-07-22,2026-08-22
DEMO-01187,demo,venta,departamento,Depto 4D 2B en Concepción,6169.0,243675500,Concepción,Concepción,103 m²,4,2,https://example.invalid/demo/01187,2026-08-22,2026-09-01
DEMO-01686,demo,arriendo,departamento,Depto 3D 2B en Los Ángeles,19.5,770250,Los Ángeles,Biobío,89 m²,3,2,https://example.invalid/demo/01686,2026-06-03,2026-06-04
DEMO-01081,demo,venta,departamento,Depto 2D 1B en Concepción,2798.0,110521000,Concepción,Concepción,51 m²,2,1,https://example.invalid/demo/01081,2026-06-17,2026-06-30
DEMO-02539,demo,venta,departamento,Depto 2D 1B en San Pedro de la Paz,3295.0,130152500,San Pedro de la Paz,Concepción,64 m²,2,1,https://example.invalid/demo/02539,2026-08-02,2026-08-06
DEMO-01328,demo,venta,casa,Casa 2D 1B en Hualpén,2657.0,104951500,Hualpén,Concepción,79 m²,2,1,https://example.invalid/demo/01328,2026-05-14,2026-06-20
DEMO-00006,demo,venta,casa,Casa 6D 4B en Arauco,55,2172500,Arauco,Arauco,237 m²,6,4,https://example.invalid/demo/00006,2026-07-17,2026-08-15
DEMO-02933,demo,venta,casa,Casa 3D 2B en Tomé,2694.0,106413000,Tomé,Concepción,,3,2,https://example.invalid/demo/02933,2026-05-23,2026-06-14
DEMO-02291,demo,venta,departamento,Depto 2D 1B en San Pedro de la Paz,5033.0,198803500,San Pedro de la Paz,Concepción,68 m²,2,1,https://example.invalid/demo/02291,2026-06-07,2026-07-03
DEMO-02106,demo,venta,casa,Casa 3D 2B en San Pedro de la Paz,4169.0,164675500,San Pedro de la Paz,Concepción,106 m²,3,2,https://example.invalid/demo/02106,2026-06-17,2026-08-03
DEMO-01184,demo,venta,departamento,Depto 2D 1B en Concepción,3277.0,129441500,Concepción,Concepción,57 m²,2,1,https://example.invalid/demo/01184,2026-05-15,2026-07-06
DEMO-01652,demo,venta,casa,Casa 6D 4B en Los Ángeles,9683.0,382478500,Los Ángeles,Biobío,220 m²,6,4,https://example.invalid/demo/01652,2026-07-29,2026-08-18
DEMO-01384,demo,venta,casa,Casa 6D 4B en Hualpén,5288.0,208876000,Hualpén,Concepción,,6,4,https://example.invalid/demo/01384,2026-07-04,2026-08-20
DEMO-00019,demo,venta,casa,Casa 3D 2B en Cabrero,1991.0,78644500,Cabrero,Biobío,108 m²,3,2,https://example.invalid/demo/00019,2026-09-01,2026-09-01
DEMO-00574,demo,venta,departamento,Depto 3D 2B en Chiguayante,2440.0,96380000,Chiguayante,Concepción,72 m²,3,2,https://example.invalid/demo/00574,2026-08-15,2026-08-20
DEMO-02408,demo,venta,departamento,Depto 3D 2B en San Pedro de la Paz,6970.0,275315000,San Pedro de la Paz,Concepción,71 m²,3,2,https://example.invalid/demo/02408,2026-06-19,2026-07-15
DEMO-00742,demo,venta,casa,Casa 4D 2B en Concepción,9764.0,385678000,Concepción,Concepción,141 m²,4,2,https://example.invalid/demo/00742,2026-07-11,2026-09-01
DEMO-01894,demo,venta,casa,Casa 2D 1B en Penco,2326.0,91877000,Penco,Concepción,87 m²,2,1,https://example.invalid/demo/01894,2026-06-12,2026-06-17
DEMO-01003,demo,venta,departamento,Depto 2D 1B en Concepción,2645.0,104477500,Concepción,Concepción,,2,1,https://example.invalid/demo/01003,2026-07-22,2026-09-01
DEMO-02377,demo,venta,departamento,Depto 2D 1B en San Pedro de la Paz,2525.0,99737500,San Pedro de la Paz,Concepción,60 m²,2,1,https://example.invalid/demo/02377,2026-07-14,2026-08-05
DEMO-02947,demo,venta,casa,Casa 2D 1B en Tomé,1814.0,71653000,Tomé,Concepción,,2,1,https://example.invalid/demo/02947,2026-06-05,2026-07-19
DEMO-01736,demo,venta,departamento,Depto 2D 1B en Los Ángeles,2611.0,103134500,Los Ángeles,Biobío,49 m²,2,1,https://example.invalid/demo/01736,2026-07-23,2026-08-12
DEMO-02185,demo,venta,casa,Casa 2D 1B en San Pedro de la Paz,3985.0,157407500,San Pedro de la Paz,Concepción,,2,1,https://example.invalid/demo/02185,2026-07-19,2026-09-01
DEMO-00948,demo,venta,casa,Casa 3D 2B en Concepción,5537.0,218711500,Concepción,Concepción,119 m²,3,2,https://example.invalid/demo/00948,2026-08-01,2026-09-01
DEMO-02626,demo,venta,casa,Casa 6D 4B en Talcahuano,6820.0,269390000,Talcahuano,Concepción,242 m²,6,4,https://example.invalid/demo/02626,2026-05-25,2026-07-24
DEMO-01900,demo,venta,casa,Casa 3D 2B en Penco,4229.0,167045500,Penco,Concepción,98 m²,3,2,https://example.invalid/demo/01900,2026-08-20,2026-08-25
DEMO-01915,demo,venta,casa,Casa 6D 4B en Penco,0,0,Penco,Concepción,201 m²,6,4,https://example.invalid/demo/01915,2026-07-19,2026-08-19
DEMO-01585,demo,venta,casa,Casa 5D 3B en Los Ángeles,4694.0,185413000,Los Ángeles,Biobío,,5,3,https://example.invalid/demo/01585,2026-05-09,2026-06-04
DEMO-00286,demo,venta,casa,Casa 2D 1B en Chiguayante,2550.0,100725000,Chiguayante,Concepción,68 m²,2,1,https://example.invalid/demo/00286,2026-07-21,2026-09-01
DEMO-00214,demo,venta,casa,Casa 4D 2B en Chiguayante,5900.0,233050000,Chiguayante,Concepción,145 m²,4,2,https://example.invalid/demo/00214,2026-05-29,2026-06-24
DEMO-00461,demo,venta,departamento,Depto 3D 2B en Chiguayante,5326.0,210377000,Chiguayante,Concepción,77 m²,3,2,https://example.invalid/demo/00461,2026-05-09,2026-07-08
DEMO-01351,demo,venta,casa,Casa 6D 4B en Hualpén,9015.0,356092500,Hualpén,Concepción,266 m²,6,4,https://example.invalid/demo/01351,2026-06-26,2026-07-02
DEMO-02306,demo,venta,departamento,Depto 4D 2B en San Pedro de la Paz,5172.0,204294000,San Pedro de la Paz,Concepción,,4,2,https://example.invalid/demo/02306,2026-08-07,2026-09-01
DEMO-00908,demo,venta,casa,Casa 5D 3B en Concepción,8441.0,333419500,Concepción,Concepción,190 m²,5,3,https://example.invalid/demo/00908,2026-08-23,2026-09-01
DEMO-00593,demo,venta,departamento,Depto 2D 1B en Chiguayante,4047.0,159856500,Chiguayante,Concepción,69 m²,2,1,https://example.invalid/demo/00593,2026-06-08,2026-07-13
DEMO-02991,demo,venta,casa,Casa 3D 2B en Tomé,2241.0,88519500,Tomé,Concepción,100 m²,3,2,https://example.invalid/demo/02991,2026-08-23,2026-09-01
DEMO-02182,demo,venta,casa,Casa 4D 2B en San Pedro de la Paz,3960.0,156420000,San Pedro de la Paz,Concepción,124 m²,4,2,https://example.invalid/demo/02182,2026-05-22,2026-07-21
DEMO-00601,demo,venta,departamento,Depto 2D 1B en Chiguayante,3227.0,127466500,Chiguayante,Concepción,67 m²,2,1,https://example.invalid/demo/00601,2026-08-16,2026-09-01
DEMO-02120,demo,venta,casa,Casa 6D 4B en San Pedro de la Paz,12568.0,496436000,San Pedro de la Paz,Concepción,248 m²,6,4,https://example.invalid/demo/02120,2026-07-18,2026-08-20
DEMO-00027,demo,venta,casa,Casa 5D 3B en Cabrero,2269.0,89625500,Cabrero,Biobío,,5,3,https://example.invalid/demo/00027,2026-05-13,2026-06-30
DEMO-02727,demo,venta,casa,Casa 2D 1B en Talcahuano,5068.0,200186000,Talcahuano,Concepción,79 m²,2,1,https://example.invalid/demo/02727,2026-06-10,2026-08-09
DEMO-00892,demo,venta,casa,Casa 6D 4B en Concepción,8040.0,317580000,Concepción,Concepción,,6,4,https://example.invalid/demo/00892,2026-07-06,2026-07-17
DEMO-01383,demo,venta,casa,Casa 5D 3B en Hualpén,4129.0,163095500,Hualpén,Concepción,163 m²,5,3,https://example.invalid/demo/01383,2026-08-07,2026-08-16
DEMO-00456,demo,venta,departamento,Depto 2D 1B en Chiguayante,3745.0,147927500,Chiguayante,Concepción,,2,1,https://example.invalid/demo/00456,2026-07-01,2026-08-07
DEMO-01646,demo,venta,casa,Casa 2D 1B en Los Ángeles,5131.0,202674500,Los Ángeles,Biobío,79 m²,2,1,https://example.invalid/demo/01646,2026-06-06,2026-07-31
DEMO-02728,demo,venta,casa,Casa 5D 3B en Talcahuano,5894.0,232813000,Talcahuano,Concepción,170 m²,5,3,https://example.invalid/demo/02728,2026-05-25,2026-07-21
DEMO-02565,demo,venta,casa,Casa 6D 4B en Santa Juana,3749.0,148085500,Santa Juana,Concepción,224 m²,6,4,https://example.invalid/demo/02565,2026-06-22,2026-08-08
DEMO-02318,demo,venta,departamento,Depto 1D 1B en San Pedro de la Paz,1927.0,76116500,San Pedro de la Paz,Concepción,36 m²,1,1,https://example.invalid/demo/02318,2026-06-10,2026-07-07
DEMO-00016,demo,venta,casa,Casa 6D 4B en Cabrero,5011.0,197934500,Cabrero,Biobío,223 m²,6,4,https://example.invalid/demo/00016,2026-07-09,2026-08-31
DEMO-02447,demo,venta,departamento,Depto 4D 2B en San Pedro de la Paz,4584.0,181068000,San Pedro de la Paz,Concepción,98 m²,4,2,https://example.invalid/demo/02447,2026-06-29,2026-08-05
DEMO-02490,demo,venta,departamento,Depto 3D 2B en San Pedro de la Paz,6724.0,265598000,San Pedro de la Paz,Concepción,83 m²,3,2,https://example.invalid/demo/02490,2026-06-29,2026-08-06
DEMO-02331,demo,venta,departamento,Depto 4D 2B en San Pedro de la Paz,6894.0,272313000,San Pedro de la Paz,Concepción,,4,2,https://example.invalid/demo/02331,2026-05-23,2026-06-01
DEMO-02409,demo,venta,departamento,Depto 3D 2B en San Pedro de la Paz,6429.0,253945500,San Pedro de la Paz,Concepción,97 m²,3,2,https://example.invalid/demo/02409,2026-07-13,2026-08-24
DEMO-02481,demo,venta,departamento,Depto 2D 1B en San Pedro de la Paz,3712.0,146624000,San Pedro de la Paz,Concepción,60 m²,2,1,https://example.invalid/demo/02481,2026-08-07,2026-09-01
DEMO-01343,demo,venta,casa,Casa 5D 3B en Hualpén,3979.0,157170500,Hualpén,Concepción,,5,3,https://example.invalid/demo/01343,2026-08-01,2026-08-13
DEMO-02029,demo,venta,casa,Casa 6D 4B en San Pedro de la Paz,11208.0,442716000,San Pedro de la Paz,Concepción,212 m²,6,4,https://example.invalid/demo/02029,2026-07-24,2026-08-08
DEMO-00518,demo,venta,departamento,Depto 3D 2B en Chiguayante,4128.0,163056000,Chiguayante,Concepción,74 m²,3,2,https://example.invalid/demo/00518,2026-05-29,2026-07-16
DEMO-00710,demo,venta,casa,Casa 4D 2B en Concepción,7317.0,289021500,Concepción,Concepción,135 m²,4,2,https://example.invalid/demo/00710,2026-06-28,2026-06-30
DEMO-01371,demo,venta,casa,Casa 4D 2B en Hualpén,3373.0,133233500,Hualpén,Concepción,146 m²,4,2,https://example.invalid/demo/01371,2026-07-01,2026-07-28
DEMO-02190,demo,venta,casa,Casa 6D 4B en San Pedro de la Paz,7364.0,290878000,San Pedro de la Paz,Concepción,211 m²,6,4,https://example.invalid/demo/02190,2026-07-24,2026-09-01
DEMO-02174,demo,venta,casa,Casa 6D 4B en San Pedro de la Paz,8642.0,341359000,San Pedro de la Paz,Concepción,199 m²,6,4,https://example.invalid/demo/02174,2026-06-03,2026-06-30
DEMO-01598,demo,venta,casa,Casa 3D 2B en Los Ángeles,3091.0,122094500,Los Ángeles,Biobío,104 m²,3,2,https://example.invalid/demo/01598,2026-08-24,2026-09-01
DEMO-01954,demo,venta,departamento,Depto 2D 1B en Penco,1758.0,69441000,Penco,Concepción,62 m²,2,1,https://example.invalid/demo/01954,2026-08-15,2026-08-23
DEMO-01959,demo,venta,departamento,Depto 2D 1B en Penco,1729.0,68295500,Penco,Concepción,47 m²,2,1,https://example.invalid/demo/01959,2026-08-01,2026-09-01
DEMO-02146,demo,venta,casa,Casa 4D 2B en San Pedro de la Paz,6879.0,271720500,San Pedro de la Paz,Concepción,151 m²,4,2,https://example.invalid/demo/02146,2026-07-16,2026-07-27
DEMO-02939,demo,venta,casa,Casa 4D 2B en Tomé,3263.0,128888500,Tomé,Concepción,150 m²,4,2,https://example.invalid/demo/02939,2026-08-21,2026-09-01
DEMO-01295,demo,venta,casa,Casa 4D 2B en Coronel,2972.0,117394000,Coronel,Concepción,,4,2,https://example.invalid/demo/01295,2026-07-25,2026-08-08
DEMO-02160,demo,venta,casa,Casa 5D 3B en San Pedro de la Paz,8370.0,330615000,San Pedro de la Paz,Concepción,192 m²,5,3,https://example.invalid/demo/02160,2026-05-13,2026-05-19
DEMO-02365,demo,venta,departamento,Depto 2D 1B en San Pedro de la Paz,4127.0,163016500,San Pedro de la Paz,Concepción,54 m²,2,1,https://example.invalid/demo/02365,2026-08-27,2026-09-01
DEMO-01093,demo,venta,departamento,Depto 2D 1B en Concepción,3911.0,154484500,Concepción,Concepción,47 m²,2,1,https://example.invalid/demo/01093,2026-05-07,2026-05-14
DEMO-01233,demo,venta,casa,Casa 4D 2B en Coronel,4820.0,190390000,Coronel,Concepción,,4,2,https://example.invalid/demo/01233,2026-07-17,2026-07-24
DEMO-02924,demo,venta,casa,Casa 2D 1B en Tomé,2382.0,94089000,Tomé,Concepción,61 m²,2,1,https://example.invalid/demo/02924,2026-08-02,2026-09-01
DEMO-00520,demo,venta,departamento,Depto 3D 2B en Chiguayante,6986.0,275947000,Chiguayante,Concepción,95 m²,3,2,https://example.invalid/demo/00520,2026-05-20,2026-07-06
DEMO-01246,demo,venta,casa,Casa 4D 2B en Coronel,4325.0,170837500,Coronel,Concepción,145 m²,4,2,https://example.invalid/demo/01246,2026-06-29,2026-08-20
DEMO-01151,demo,venta,departamento,Depto 2D 1B en Concepción,5100.0,201450000,Concepción,Concepción,69 m²,2,1,https://example.invalid/demo/01151,2026-06-12,2026-06-30
DEMO-01136,demo,venta,departamento,Depto 2D 1B en Concepción,4454.0,175933000,Concepción,Concepción,61 m²,2,1,https://example.invalid/demo/01136,2026-08-23,2026-09-01
DEMO-00695,demo,arriendo,casa,Casa 6D 4B en Concepción,48.0,1896000,Concepción,Concepción,273 m²,6,4,https://example.invalid/demo/00695,2026-06-22,2026-06-28
DEMO-00934,demo,venta,casa,Casa 2D 1B en Concepción,2643.0,104398500,Concepción,Concepción,64 m²,2,1,https://example.invalid/demo/00934,2026-07-01,2026-08-16
DEMO-02987,demo,venta,casa,Casa 2D 1B en Tomé,1884.0,74418000,Tomé,Concepción,65 m²,2,1,https://example.invalid/demo/02987,2026-07-29,2026-08-25
DEMO-01436,demo,venta,departamento,Depto 2D 1B en Hualpén,2426.0,95827000,Hualpén,Concepción,57 m²,2,1,https://example.invalid/demo/01436,2026-06-08,2026-07-23
DEMO-02263,demo,arriendo,departamento,Depto 4D 2B en San Pedro de la Paz,44.6,1761700,San Pedro de la Paz,Concepción,123 m²,4,2,https://example.invalid/demo/02263,2026-07-05,2026-07-22
DEMO-02837,demo,venta,departamento,Depto 2D 1B en Talcahuano,2872.0,113444000,Talcahuano,Concepción,54 m²,2,1,https://example.invalid/demo/02837,2026-05-18,2026-05-29
DEMO-00928,demo,venta,casa,Casa 3D 2B en Concepción,7361.0,290759500,Concepción,Concepción,,3,2,https://example.invalid/demo/00928,2026-06-19,2026-07-31
DEMO-01546,demo,venta,casa,Casa 6D 4B en Los Ángeles,5150.0,203425000,Los Ángeles,Biobío,213 m²,6,4,https://example.invalid/demo/01546,2026-07-10,2026-07-18
DEMO-00839,demo,venta,casa,Casa 5D 3B en Concepción,10541.0,416369500,Concepción,Concepción,183 m²,5,3,https://example.invalid/demo/00839,2026-05-16,2026-05-22
DEMO-02330,demo,venta,departamento,Depto 4D 2B en San Pedro de la Paz,6763.0,267138500,San Pedro de la Paz,Concepción,,4,2,https://example.invalid/demo/02330,2026-05-08,2026-06-04
DEMO-02348,demo,venta,departamento,Depto 3D 2B en San Pedro de la Paz,4921.0,194379500,San Pedro de la Paz,Concepción,83 m²,3,2,https://example.invalid/demo/02348,2026-06-13,2026-06-30
DEMO-01868,demo,venta,departamento,Depto 2D 1B en Los Ángeles,2181.0,86149500,Los Ángeles,Biobío,58 m²,2,1,https://example.invalid/demo/01868,2026-05-13,2026-06-20
DEMO-00699,demo,arriendo,casa,Casa 5D 3B en Concepción,29.1,1149450,Concepción,Concepción,,5,3,https://example.invalid/demo/00699,2026-05-19,2026-07-07
DEMO-02395,demo,venta,departamento,Depto 3D 2B en San Pedro de la Paz,4767.0,188296500,San Pedro de la Paz,Concepción,84 m²,3,2,https://example.invalid/demo/02395,2026-05-17,2026-06-28
DEMO-01947,demo,venta,departamento,Depto 2D 1B en Penco,2650.0,104675000,Penco,Concepción,55 m²,2,1,https://example.invalid/demo/01947,2026-07-28,2026-09-01
DEMO-00630,demo,venta,departamento,Depto 2D 1B en Chiguayante,2248.0,88796000,Chiguayante,Concepción,53 m²,2,1,https://example.invalid/demo/00630,2026-06-20,2026-07-13
DEMO-02931,demo,venta,casa,Casa 6D 4B en Tomé,3771.0,148954500,Tomé,Concepción,208 m²,6,4,https://example.invalid/demo/02931,2026-06-10,2026-07-14
DEMO-02977,demo,venta,casa,Casa 2D 1B en Tomé,1667.0,65846500,Tomé,Concepción,71 m²,2,1,https://example.invalid/demo/02977,2026-08-16,2026-09-01
DEMO-01174,demo,venta,departamento,Depto 2D 1B en Concepción,2862.0,113049000,Concepción,Concepción,55 m²,2,1,https://example.invalid/demo/01174,2026-08-09,2026-08-21
DEMO-02839,demo,venta,departamento,Depto 2D 1B en Talcahuano,2826.0,111627000,Talcahuano,Concepción,56 m²,2,1,https://example.invalid/demo/02839,2026-06-02,2026-06-24
DEMO-01965,demo,venta,departamento,Depto 2D 1B en Penco,2394.0,94563000,Penco,Concepción,,2,1,https://example.invalid/demo/01965,2026-07-09,2026-08-14
DEMO-02680,demo,venta,casa,Casa 2D 1B en Talcahuano,1866.0,73707000,Talcahuano,Concepción,78 m²,2,1,https://example.invalid/demo/02680,2026-07-13,2026-08-09
DEMO-00260,demo,venta,casa,Casa 4D 2B en Chiguayante,5610.0,221595000,Chiguayante,Concepción,153 m²,4,2,https://example.invalid/demo/00260,2026-08-13,2026-09-01
DEMO-02849,demo,venta,departamento,Depto 3D 2B en Talcahuano,3689.0,145715500,Talcahuano,Concepción,78 m²,3,2,https://example.invalid/demo/02849,2026-07-17,2026-09-01
DEMO-01445,demo,venta,departamento,Depto 3D 2B en Hualpén,4939.0,195090500,Hualpén,Concepción,,3,2,https://example.invalid/demo/01445,2026-05-31,2026-07-05
DEMO-02788,demo,venta,departamento,Depto 4D 2B en Talcahuano,5257.0,207651500,Talcahuano,Concepción,116 m²,4,2,https://example.invalid/demo/02788,2026-05-14,2026-05-22
DEMO-02181,demo,venta,casa,Casa 6D 4B en San Pedro de la Paz,8533.0,337053500,San Pedro de la Paz,Concepción,,6,4,https://example.invalid/demo/02181,2026-05-08,2026-06-12
DEMO-02030,demo,venta,casa,Casa 5D 3B en San Pedro de la Paz,9223.0,364308500,San Pedro de la Paz,Concepción,166 m²,5,3,https://example.invalid/demo/02030,2026-05-24,2026-07-16
DEMO-01780,demo,venta,departamento,Depto 3D 2B en Los Ángeles,3668.0,144886000,Los Ángeles,Biobío,95 m²,3,2,https://example.invalid/demo/01780,2026-07-02,2026-08-21
DEMO-01425,demo,venta,departamento,Depto 2D 1B en Hualpén,1448.0,57196000,Hualpén,Concepción,,2,1,https://example.invalid/demo/01425,2026-06-23,2026-08-03
DEMO-01401,demo,venta,departamento,Depto 4D 2B en Hualpén,4901.0,193589500,Hualpén,Concepción,111 m²,4,2,https://example.invalid/demo/01401,2026-08-21,2026-09-01
DEMO-01683,demo,venta,casa,Casa 6D 4B en Los Ángeles,8480.0,334960000,Los Ángeles,Biobío,311 m²,6,4,https://example.invalid/demo/01683,2026-06-01,2026-07-14
DEMO-02372,demo,venta,departamento,Depto 3D 2B en San Pedro de la Paz,4255.0,168072500,San Pedro de la Paz,Concepción,74 m²,3,2,https://example.invalid/demo/02372,2026-08-09,2026-08-22
DEMO-00294,demo,venta,casa,Casa 4D 2B en Chiguayante,4155.0,164122500,Chiguayante,Concepción,151 m²,4,2,https://example.invalid/demo/00294,2026-08-31,2026-09-01
DEMO-00774,demo,venta,casa,Casa 2D 1B en Concepción,2870.0,113365000,Concepción,Concepción,,2,1,https://example.invalid/demo/00774,2026-05-23,2026-05-29
DEMO-03128,demo,venta,departamento,Depto 3D 2B en Tomé,3653.0,144293500,Tomé,Concepción,96 m²,3,2,https://example.invalid/demo/03128,2026-06-14,2026-06-16
DEMO-01870,demo,venta,departamento,Depto 2D 1B en Los Ángeles,3217.0,127071500,Los Ángeles,Biobío,59 m²,2,1,https://example.invalid/demo/01870,2026-05-24,2026-06-03
DEMO-00817,demo,venta,casa,Casa 6D 4B en Concepción,11703.0,462268500,Concepción,Concepción,267 m²,6,4,https://example.invalid/demo/00817,2026-05-29,2026-07-25
DEMO-03002,demo,venta,casa,Casa 4D 2B en Tomé,3281.0,129599500,Tomé,Concepción,146 m²,4,2,https://example.invalid/demo/03002,2026-08-20,2026-09-01
DEMO-01827,demo,venta,departamento,Depto 2D 1B en Los Ángeles,1702.0,67229000,Los Ángeles,Biobío,48 m²,2,1,https://example.invalid/demo/01827,2026-07-31,2026-08-26
DEMO-01218,demo,venta,departamento,Depto 2D 1B en Concepción,3312.0,130824000,Concepción,Concepción,55 m²,2,1,https://example.invalid/demo/01218,2026-05-09,2026-05-23
DEMO-00796,demo,venta,casa,Casa 5D 3B en Concepción,7210.0,284795000,Concepción,Concepción,161 m²,5,3,https://example.invalid/demo/00796,2026-08-06,2026-08-29
DEMO-01372,demo,venta,casa,Casa 4D 2B en Hualpén,4367.0,172496500,Hualpén,Concepción,126 m²,4,2,https://example.invalid/demo/01372,2026-05-08,2026-05-16
DEMO-02064,demo,venta,casa,Casa 3D 2B en San Pedro de la Paz,2858.0,112891000,San Pedro de la Paz,Concepción,109 m²,3,2,https://example.invalid/demo/02064,2026-06-04,2026-06-10
DEMO-01500,demo,venta,departamento,Depto 4D 2B en Hualpén,6654.0,262833000,Hualpén,Concepción,117 m²,4,2,https://example.invalid/demo/01500,2026-07-14,2026-09-01
DEMO-03040,demo,venta,casa,Casa 4D 2B en Tomé,3417.0,134971500,Tomé,Concepción,150 m²,4,2,https://example.invalid/demo/03040,2026-05-09,2026-06-15
DEMO-01427,demo,venta,departamento,Depto 3D 2B en Hualpén,3546.0,140067000,Hualpén,Concepción,,3,2,https://example.invalid/demo/01427,2026-07-05,2026-07-11
DEMO-01506,demo,venta,casa,Casa 2D 1B en Hualqui,1208.0,47716000,Hualqui,Concepción,61 m²,2,1,https://example.invalid/demo/01506,2026-06-10,2026-08-09
DEMO-00900,demo,venta,casa,Casa 4D 2B en Concepción,7843.0,309798500,Concepción,Concepción,129 m²,4,2,https://example.invalid/demo/00900,2026-05-26,2026-06-01
DEMO-02333,demo,venta,departamento,Depto 2D 1B en San Pedro de la Paz,2499.0,98710500,San Pedro de la Paz,Concepción,55 m²,2,1,https://example.invalid/demo/02333,2026-05-14,2026-06-18
DEMO-01300,demo,venta,departamento,Depto 3D 2B en Coronel,3294.0,130113000,Coronel,Concepción,91 m²,3,2,https://example.invalid/demo/01300,2026-06-11,2026-06-24
DEMO-01713,demo,venta,departamento,Depto 3D 2B en Los Ángeles,3031.0,119724500,Los Ángeles,Biobío,94 m²,3,2,https://example.invalid/demo/01713,2026-07-16,2026-07-29
DEMO-00767,demo,venta,casa,Casa 6D 4B en Concepción,7984.0,315368000,Concepción,Concepción,222 m²,6,4,https://example.invalid/demo/00767,2026-05-07,2026-06-01
DEMO-01750,demo,venta,departamento,Depto 3D 2B en Los Ángeles,2888.0,114076000,Los Ángeles,Biobío,92 m²,3,2,https://example.invalid/demo/01750,2026-07-14,2026-09-01
