url,cerca_biotren,cerca_colegio,cerca_parque,cerca_salud,cerca_supermercado,cerca_universidad,dist_biotren,dist_colegio,dist_parque,dist_salud,dist_supermercado,dist_universidad,sol_calidad,sol_calle,sol_edificios,sol_fuente,sol_horas_luz,sol_p10,sol_p3,sol_p6
https://example.invalid/demo/01162,Buses Delsal,Liceo de Niñas,,CruzBlanca,Supermercado Versluys,Casa Central Universidad Catolica de la Santisima Concepción,703,232,35,99,186,120,0.65,4.8,31,demo,9.5,7.2,5.7,7.0
https://example.invalid/demo/02089,Juan Pablo II,Escuela de Lenguaje Llacolén,,Ex Clínica Universitaria San Pedro,Santa Isabel,AIEP,1840,1101,635,1511,1386,2181,0.69,8.3,35,demo,9.5,9.2,9.0,9.2
https://example.invalid/demo/03040,,Escuela de Lenguaje Amanecer,,CESFAM Alberto Reyes,Unimarc,,5335,630,928,717,2619,,0.69,0.0,36,demo,9.5,9.5,9.3,9.5
https://example.invalid/demo/00585,Pedro Medina,Colegio de Lenguaje Senderos de BioBio,,Cruz Roja Filial Chiguayante,Super Ganga,,951,766,691,1362,1175,,0.77,4.2,35,demo,9.5,8.5,6.8,7.0
https://example.invalid/demo/01313,,,,,,,,,,,,,0.59,5.8,32,demo,9.5,9.5,9.5,9.5
https://example.invalid/demo/00829,Terminal de Buses Jota Ewert,Escuela Especial de Lenguaje Pequeños Amigos,Bandejón central Manuel Rodriguez,CITSALUD,Super Ganga,Colegio Bautista de Concepción,191,193,143,967,585,397,0.74,1.7,35,demo,9.5,9.5,5.0,9.5
https://example.invalid/demo/01173,Terminal de Buses Collao,Escuela Básica Lagos de Chile,Parque de la Virgen,SAMU,Il Patrone,Programa de Estudios sobre la Responsabilidad Social y Programa Talentos UdeC,1190,595,302,737,804,563,0.71,3.3,38,demo,9.5,6.3,6.0,6.0
https://example.invalid/demo/02336,Juan Pablo II,Escuela de Lenguaje Llacolén,Plaza San Pedro Histórico,Ex Clínica Universitaria San Pedro,Santa Isabel,AIEP,1177,513,521,632,611,3043,0.65,3.0,31,demo,9.5,7.5,4.2,7.0
https://example.invalid/demo/00371,Pedro Medina,Colegio de Lenguaje Senderos de BioBio,,Cruz Roja Filial Chiguayante,Supermercado Monika,,3092,2923,2916,3253,3353,,0.69,6.5,32,demo,9.5,9.5,9.3,9.5
https://example.invalid/demo/03147,,Escuela Básica Ignacio Serrano Montaner,Plazoleta Calle Las Lilas,Hospital de Tomé,Unimarc,,3662,212,214,401,885,,0.59,4.5,37,demo,9.5,9.5,8.8,9.0
https://example.invalid/demo/02490,Juan Pablo II,Deutsche Schule Concepción,,Ex Clínica Universitaria San Pedro,Unimarc,AIEP,1349,206,326,504,493,3550,0.68,6.5,28,demo,9.5,8.5,7.2,7.7
https://example.invalid/demo/00893,Terminal de Buses Jota Ewert,Escuela Parvularia Blanca Estela,,CESFAM Tucapel,Super Ganga,Universidad San Sebastián,1100,256,148,172,393,960,0.65,3.8,34,demo,9.5,7.7,6.3,7.2
https://example.invalid/demo/01997,Juan Pablo II,Colegio Santísima Trinidad,,Ex Clínica Universitaria San Pedro,Unimarc,INACAP San Pedro de la Paz,1752,184,441,1066,574,2763,0.72,7.2,32,demo,9.5,9.5,9.5,9.5
https://example.invalid/demo/00807,Estación Intermodal Concepción,Colegio Carmela Romero de Espinosa,Plaza España,Dental Art,Lider,Instituto Profesional Valle Central,257,82,107,78,241,192,0.63,4.8,30,demo,9.5,9.0,6.5,8.7
https://example.invalid/demo/02884,,Escuela Especial Tomé,Plaza Arturo Prat,Hospital de Tomé,Unimarc,,3210,169,175,363,433,,0.69,2.2,32,demo,9.5,9.2,8.0,8.3
https://example.invalid/demo/01131,,Colegio Einstein Concepcion,Plaza Perú,Centro Clínico Docente en Oftalmología,Santa Isabel,Universidad Bolivariana,483,247,190,64,161,130,0.84,5.7,32,demo,9.5,9.0,6.8,8.0
https://example.invalid/demo/02991,,Liceo Ecuador,Plaza Arturo Prat,Hospital de Tomé,Acuenta,,2908,135,468,516,390,,0.74,5.2,27,demo,9.5,9.5,8.0,9.5
https://example.invalid/demo/01960,Lirquén,Escuela Penco,,CESFAM Penco,Gabito,,3494,143,284,627,269,,0.68,0.5,34,demo,9.5,6.8,0.8,6.2
https://example.invalid/demo/01749,Terminal Santa Rita,Colegio Beato Damian de Molokai,,Consultorio,Supermercado Unico,Instituto Santo Tomás,2107,385,325,1171,346,1563,0.5,6.3,36,demo,9.5,7.7,7.0,7.7
https://example.invalid/demo/00433,Pedro Medina,Colegio de Lenguaje Senderos de BioBio,,Cruz Roja Filial Chiguayante,Super Ganga,,831,645,567,1312,1051,,0.7,4.7,33,demo,9.5,7.0,6.3,7.0
https://example.invalid/demo/02485,Juan Pablo II,Escuela de Lenguaje Llacolén,Plaza Bellavista,Centro de Salud Familiar Juan Soto Fernández,Super Gangas,Univesidad Santo Tomás Concepción,1536,976,627,1506,1223,2010,0.62,8.5,32,demo,9.5,9.5,9.5,9.5
https://example.invalid/demo/00670,Estación de buses Turbus,Colegio John F. Kennedy,,Cruz Roja Filial Chiguayante,Supermercado Monika,,1365,1074,1175,1275,1368,,0.74,7.2,39,demo,9.5,8.0,7.5,7.8
https://example.invalid/demo/03148,,Liceo República del Ecuador,"Plaza Inclusiva ""Samuel Muñoz""",Hospital de Tomé,Acuenta,,3170,216,546,395,679,,0.81,1.3,36,demo,9.5,6.7,3.7,5.3
https://example.invalid/demo/00241,Estación de buses Turbus,Colegio John F. Kennedy,,Cruz Roja Filial Chiguayante,Supermercado Monika,,1360,1089,1094,1289,1367,,0.83,5.7,35,demo,9.5,6.7,5.7,5.8
https://example.invalid/demo/00126,Pedro Medina,Liceo Chiguayante,,Policlínico Chiguayante,Super Ganga,,751,267,55,82,358,,0.78,5.8,32,demo,9.5,6.7,6.5,6.5
https://example.invalid/demo/01304,Laguna Quiñenco,Escuela Javiera Carrera,,CESFAM Yobilo,SuperBodega aCuenta,,931,456,380,396,995,2087,0.76,0.7,34,demo,9.5,5.3,2.7,2.8
https://example.invalid/demo/00267,Estación de buses Turbus,Colegio Chileno Árabe,Plaza de Armas de Chiguayante,Cruz Roja Filial Chiguayante,Unimarc,,1161,120,379,927,851,,0.71,8.3,28,demo,9.5,9.5,9.5,9.5
https://example.invalid/demo/01444,Universidad Técnica Federico Santa María,Escuela Especial de Lenguaje Villa Hermosa,,CESFAM Talcahuano Sur,Alvi,CEDUC UCN Hualpén,712,155,164,1201,169,653,0.74,4.8,34,demo,9.5,6.8,5.2,5.3
https://example.invalid/demo/01167,Concepción,Escuela Óscar Castro Zúñiga,Parque Bicentenario,Integramédica,Lider,Univesidad Santo Tomás Concepción,59,196,223,242,154,360,0.69,5.3,32,demo,9.5,9.5,9.3,9.5
https://example.invalid/demo/02684,Hospital Las Higueras,Escuela Santa Clara,,Instituto de Seguridad del Trabajo de Talcahuano,Supermercado Ganga,Universidad Católica de la Santísima Concepción Talcahuano,1088,637,358,1301,1040,1072,0.7,7.8,33,demo,9.5,9.5,9.3,9.5
https://example.invalid/demo/02163,Juan Pablo II,,Plaza Enrique Soro,Ex Clínica Universitaria San Pedro,Bio Pan,Instituto Santo Tomás,1403,1145,935,2106,1251,2674,0.67,7.0,33,demo,9.5,9.5,9.3,9.5
https://example.invalid/demo/00903,,Liceo Polivalente Experimental Lucila Godoy Alcayaga,Parque Metropolitano Cerro Caracol,Clínica dental: Radio Dent,Emporio Agrícola,Universidad de las Américas,614,505,247,464,686,604,0.55,8.2,38,demo,9.5,9.5,9.5,9.5
https://example.invalid/demo/00766,,Liceo Polivalente Experimental Lucila Godoy Alcayaga,Parque Ecuador,Clínica dental: Radio Dent,Emporio Agrícola,Universidad de las Américas Concepcion,608,39,160,149,277,179,0.58,5.0,33,demo,9.5,8.5,6.5,8.0
https://example.invalid/demo/00060,Pedro Medina,Colegio de Lenguaje Senderos de BioBio,,Cruz Roja Filial Chiguayante,Unimarc,,1462,1295,1321,1972,1776,,0.8,8.2,35,demo,9.5,9.5,9.3,9.5
https://example.invalid/demo/01780,Terminal de Buses Rurales Vega Techada,Escuela Particular Juan Pablo II,,CESFAM Norte,Supermercado Acuenta,Centro Integral de Educación Tecnológica Curamávida,2296,194,351,1069,1068,716,0.61,5.8,31,demo,9.5,8.5,6.7,7.3
https://example.invalid/demo/00741,,Liceo de Niñas,,Clínica odontológica Andes,Supermercado Versluys,Instituto Superior de Comercio de Concepción (INSUCO),730,34,259,55,237,99,0.79,4.5,38,demo,9.5,5.8,5.0,5.3
https://example.invalid/demo/02653,Terminal Félix Adán,Escuela México Estado de Guerrero (D-482),,Filial Cruz Roja Talcahuano,Santa Isabel,Instituto Profesional ESUCOMEX Talcahuano,244,441,172,790,316,1303,0.63,7.3,30,demo,9.5,9.5,9.3,9.5
https://example.invalid/demo/00398,Pedro Medina,Golden School,Plaza Cochrane,Policlínico Chiguayante,Santa Isabel,,610,188,202,451,90,,0.78,6.0,32,demo,9.5,9.5,8.3,8.7
https://example.invalid/demo/00530,Pedro Medina,Colegio Aurora de Chile Sur,,CESFAM Pinares,Lider,,759,707,311,1177,709,,0.78,6.0,37,demo,9.5,9.5,7.2,8.8
https://example.invalid/demo/01751,Terminal Santa Rita,Escuela D-928 Manuel Blanco Encalada (ex n° 6),,Clínica Adventista,Jumbo,Instituto Santo Tomás,1123,178,197,173,387,358,0.68,3.7,34,demo,9.5,6.3,4.7,5.8
https://example.invalid/demo/02557,,,,,,,,,,,,,0.72,3.5,36,demo,9.5,7.0,5.2,6.5
https://example.invalid/demo/01234,Estación Intermodal Coronel,Escuela Javiera Carrera,,CESFAM Yobilo,SuperBodega aCuenta,,856,371,451,517,921,1952,0.7,4.0,37,demo,9.5,6.0,4.8,5.5
https://example.invalid/demo/00673,Chiguayante,Escuela José Hipólito Salas y Toro,,Cruz Roja Filial Chiguayante,Supermercado Monika,,326,301,339,579,416,,0.77,6.7,30,demo,9.5,9.5,8.5,9.5
https://example.invalid/demo/02125,Juan Pablo II,Escuela Darío Salas,,Ex Clínica Universitaria San Pedro,Supermercado Super Ganga,INACAP San Pedro de la Paz,798,269,37,1154,169,2495,0.64,8.3,33,demo,9.5,9.5,9.5,9.5
https://example.invalid/demo/02185,Juan Pablo II,"Colegio Concepción San Pedro, campus Villa",,Ex Clínica Universitaria San Pedro,Supermercado Super Ganga,INACAP San Pedro de la Paz,1002,205,233,1051,533,2347,0.67,8.2,33,demo,9.5,9.5,9.5,9.5
https://example.invalid/demo/01348,Universidad Técnica Federico Santa María,Colegio Parque Central,,Clínica Mutual de Seguridad CCHC,Jumbo,Universidad Técnica Federico Santa María,974,397,338,832,762,768,0.78,5.7,32,demo,9.5,6.5,6.0,6.2
https://example.invalid/demo/03109,,Escuela República De Panamá,Plaza Arturo Prat,CESFAM/ SAPU Bellavista,Mayorista 10,,2201,345,862,1164,567,,0.64,6.7,33,demo,9.5,7.8,7.8,7.8
https://example.invalid/demo/02637,El Arenal,Colegio San Vicente,,CESFAM San Vicente,Unimarc,Instituto Profesional ESUCOMEX Talcahuano,302,257,193,337,347,690,0.62,6.0,32,demo,9.5,9.5,8.8,9.5
https://example.invalid/demo/01307,,,,,,,,,,,,,0.67,4.3,36,demo,9.5,7.5,6.0,6.7
https://example.invalid/demo/00886,Buses Delsal,Centro de Educación de Adultos Newentun,,Clínica Kenal,Santa Isabel,Casa Central Universidad Catolica de la Santisima Concepción,449,98,215,339,130,196,0.8,5.2,40,demo,9.5,7.8,7.3,7.8
https://example.invalid/demo/00286,Pedro Medina,Colegio San Patricio,,Policlínico Chiguayante,Super Ganga,,646,131,279,225,140,,0.69,8.3,36,demo,9.5,9.5,9.2,9.5
https://example.invalid/demo/01639,Terminal Santa Rita,Escuela de Lenguaje Contigo Aprendo,Parque Cali,CESFAM Villa los Ríos,,,2417,191,311,871,1214,1930,0.56,6.5,32,demo,9.5,9.5,8.8,9.0
https://example.invalid/demo/00754,Terminal de líneas a Tomé,Colegio la Inmaculada Concepción,Plazoleta Ejercito 2,CESFAM Tucapel,Supermercado Unihue,Colegio Bautista de Concepción,212,592,98,1178,350,738,0.78,8.2,32,demo,9.5,9.5,9.0,9.5
https://example.invalid/demo/00622,Pedro Medina,Colegio de Lenguaje Senderos de BioBio,,Cruz Roja Filial Chiguayante,Super Ganga,,1011,826,684,1207,1153,,0.77,6.3,35,demo,9.5,8.7,7.5,8.2
https://example.invalid/demo/01060,,Colegio Einstein Concepcion,Plaza Perú,Centro Clínico Docente en Oftalmología,Santa Isabel,Universidad Bolivariana,553,307,206,130,157,126,0.81,3.5,27,demo,9.5,5.7,4.2,5.2
https://example.invalid/demo/01063,Terminal de Buses Jota Ewert,Colegio Gran Bretaña,Bandejón central Manuel Rodriguez,CESFAM Tucapel,Unimarc,Colegio Bautista de Concepción,470,269,207,947,335,722,0.5,8.2,32,demo,9.5,9.5,9.3,9.5
https://example.invalid/demo/02294,Juan Pablo II,Deutsche Schule Concepción,,Ex Clínica Universitaria San Pedro,Unimarc,Instituto Profesional Virginio Gómez,1774,442,578,945,600,3460,0.77,7.7,30,demo,9.5,9.5,8.3,9.5
https://example.invalid/demo/01291,Estación Intermodal Coronel,Colegio Jorge Rojas,Plazoleta Altos de Coronel,CESFAM Yobilo,Unimarc,,1387,1105,1062,1029,1301,2066,0.67,3.5,36,demo,9.5,8.2,7.2,7.5
https://example.invalid/demo/00462,Estación de buses Turbus,Colegio John F. Kennedy,Plaza Manuel Rodríguez,Cruz Roja Filial Chiguayante,Supermercado Monika,,967,627,1047,822,956,,0.66,8.3,32,demo,9.5,9.0,8.5,8.8
https://example.invalid/demo/00028,,,,,,,,,,,,,0.62,7.2,32,demo,9.5,9.5,9.0,9.5
https://example.invalid/demo/02567,,,,,,,,,,,,,0.72,6.0,36,demo,9.5,7.5,6.8,6.8
https://example.invalid/demo/00947,,Mozatschule Concepción,,SAMU,Santa Isabel,Universidad de Concepción,859,227,652,1050,1274,368,0.73,7.8,33,demo,9.5,9.5,9.5,9.5
https://example.invalid/demo/01533,Terminal de Buses Rurales Vega Techada,Colegio San Nicolás,,CESFAM Norte,Tottus,Instituto AIEP,1311,281,53,356,904,1003,0.66,3.7,35,demo,9.5,7.0,4.7,5.7
https://example.invalid/demo/02747,Hospital Las Higueras,Colegio Talcahuano,,Hospital Las Higueras,Supermercado Ganga,Universidad Católica de la Santísima Concepción Talcahuano,998,870,670,1371,797,730,0.76,4.3,42,demo,9.5,5.7,4.5,4.8
https://example.invalid/demo/01275,Laguna Quiñenco,Colegio Wenga Coronel,,CESFAM Yobilo,SuperBodega aCuenta,Centro de Estudios e Inclusión Laboral Biocor,450,324,566,770,564,2020,0.74,7.2,31,demo,9.5,9.5,9.3,9.5
https://example.invalid/demo/00219,Pedro Medina,Centro de Nivelación y de Capacitación para Adultos Madre María Nys,Plaza Pedro Medina,Policlínico Chiguayante,Super Ganga,,191,75,180,498,346,,0.69,2.8,39,demo,9.5,8.3,6.5,7.5
https://example.invalid/demo/01968,Lirquén,Escuela Penco,,CESFAM Penco,Gabito,,3290,131,109,422,150,,0.77,4.5,31,demo,9.5,5.5,4.8,4.8
https://example.invalid/demo/02384,Juan Pablo II,Colegio Santísima Trinidad,,Ex Clínica Universitaria San Pedro,Unimarc,INACAP San Pedro de la Paz,1705,119,350,966,410,2918,0.72,4.0,29,demo,9.5,8.7,6.7,7.7
https://example.invalid/demo/02168,Juan Pablo II,Colegio Santísima Trinidad,,Ex Clínica Universitaria San Pedro,Unimarc,INACAP San Pedro de la Paz,1809,322,233,983,189,3249,0.74,5.0,39,demo,9.5,6.7,5.5,5.5
https://example.invalid/demo/00748,Lorenzo Arenas,Escuela Diferencial Bao Bab,,Centro Kelluwün,Jumbo,Escuela de Suboficiales de Carabineros - Grupo Concepción,1347,491,525,593,357,1956,0.75,8.7,24,demo,9.5,9.5,9.5,9.5
https://example.invalid/demo/00408,Manquimávida,Colegio de Lenguaje Senderos de BioBio,,CESFAM Pinares,Lider,,1149,1114,630,1719,1240,,0.72,8.7,32,demo,9.5,9.5,9.2,9.5
https://example.invalid/demo/00856,Concepción,Escuela de Lenguaje Palabritas,Parque Costanera,Centro de Salud Familiar Juan Soto Fernández,Tottus,Univesidad Santo Tomás Concepción,911,738,390,564,769,1047,0.81,7.8,32,demo,9.5,9.5,9.5,9.5
https://example.invalid/demo/02312,Juan Pablo II,Colegio El Arrayán,,Ex Clínica Universitaria San Pedro,Santa Isabel,INACAP San Pedro de la Paz,954,253,165,142,522,3227,0.77,4.7,35,demo,9.5,6.7,5.5,6.3
https://example.invalid/demo/01933,Lirquén,Queen Elizabeth School,plaza los lapices,Centro de diálisis Nephrocare,Acuenta,,2630,1325,1417,1297,1252,,0.77,8.8,39,demo,9.5,9.5,9.5,9.5
https://example.invalid/demo/01678,Terminal de Buses Rurales Vega Techada,Liceo Don Orione,,CESFAM Norte,Super Ganga,Instituto AIEP,1434,680,328,1019,1052,1442,0.68,6.3,40,demo,9.5,9.5,8.5,9.5
https://example.invalid/demo/00833,Concepción,Colegio Alonso de Ercilla,Áreas verdes Esmeralda,CESFAM Pedro de Valdivia (Concepción),Super Ganga,Instituto Profesional Virginio Gómez,1129,367,554,311,611,766,0.79,3.8,28,demo,9.5,9.5,9.3,9.5
https://example.invalid/demo/01917,Lirquén,Jardin infantil y sala cuna: Lord Cochrane,,UAPO,Unimarc,,2545,117,241,284,292,,0.57,7.2,30,demo,9.5,9.5,7.5,9.5
https://example.invalid/demo/03008,,Escuela Básica Bellavista,Plaza de Bellavista,CESFAM/ SAPU Bellavista,Mayorista 10,,1460,1249,1319,1391,2479,,0.66,6.7,32,demo,9.5,9.5,9.5,9.5
https://example.invalid/demo/02691,Mercado,Liceo Almirante Pedro Espina Ritchie,Paseo Ventana al Mar,Filial Cruz Roja Talcahuano,Santa Isabel,Instituto Profesional ESUCOMEX Talcahuano,1368,759,665,699,1286,1264,0.75,8.0,32,demo,9.5,9.5,9.3,9.5
https://example.invalid/demo/00338,Estación de buses Turbus,Colegio Chileno Árabe,,Cruz Roja Filial Chiguayante,Unimarc,,3564,2880,2811,3364,3316,,0.88,8.5,33,demo,9.5,9.5,9.3,9.5
https://example.invalid/demo/02340,Juan Pablo II,Escuela Luis Alberto Acevedo,Plaza Lota,Ex Clínica Universitaria San Pedro,Super Gangas,Univesidad Santo Tomás Concepción,413,236,7,627,91,3229,0.58,5.8,31,demo,9.5,6.5,6.3,6.5
https://example.invalid/demo/01824,Terminal Santa Rita,Colegio Southern College,,CESFAM/ SAPU 2 de Septiembre,Supermercado Acuenta,Inacap Los Ángeles,2201,46,98,657,813,1167,0.75,0.0,36,demo,9.5,9.5,8.0,9.5
https://example.invalid/demo/00590,Estación de buses Turbus,Colegio John F. Kennedy,Plaza Manuel Rodríguez,Cruz Roja Filial Chiguayante,Supermercado Monika,,554,316,640,502,560,,0.77,2.2,31,demo,9.5,8.0,7.0,7.5
https://example.invalid/demo/02511,Concepción,Deutsche Schule Concepción,,CESFAM Pedro de Valdivia (Concepción),Unimarc,Instituto Profesional Virginio Gómez,2503,1667,372,1924,1852,2446,0.59,7.7,32,demo,9.5,9.5,9.0,9.5
https://example.invalid/demo/01884,Lirquén,Escuela de Lenguaje San Nicolás,,Centro de diálisis Nephrocare,Bigger,,2570,132,144,230,132,,0.6,6.2,35,demo,9.5,9.5,8.3,9.5
https://example.invalid/demo/01717,Terminal Rodoviario Los Ángeles,Escuela Clara Rebolledo de Godoy,,CESFAM NORORIENTE Los Ángeles,Unimarc,Hogar Universidad de Concepción,793,73,260,208,407,962,0.72,7.3,29,demo,9.5,9.5,9.5,9.5
https://example.invalid/demo/00833,Concepción,Colegio Alonso de Ercilla,Áreas verdes Esmeralda,CESFAM Pedro de Valdivia (Concepción),Super Ganga,Instituto Profesional Virginio Gómez,1129,367,554,311,611,766,0.79,3.8,28,demo,9.5,9.5,9.3,9.5
https://example.invalid/demo/02439,Concepción,Escuela de Lenguaje Llacolén,Parque Costanera,Centro de Salud Familiar Juan Soto Fernández,Tottus,Univesidad Santo Tomás Concepción,1513,1361,1030,1245,1424,1714,0.71,0.0,31,demo,9.5,9.5,7.2,9.5
https://example.invalid/demo/01635,Terminal Rodoviario Los Ángeles,Colegio Saint George,,CESFAM NORORIENTE Los Ángeles,El Trébol,Hogar Universidad de Concepción,564,234,275,569,196,1129,0.75,7.0,36,demo,9.5,9.5,7.5,9.5
https://example.invalid/demo/01853,Terminal Santa Rita,Pulmahue Montessori,,Complejo Asistencial Doctor Víctor Ríos Ruiz,Tottus,,1225,392,169,765,790,742,0.72,7.0,32,demo,9.5,8.5,7.5,8.2
https://example.invalid/demo/02273,Juan Pablo II,Deutsche Schule Concepción,,Ex Clínica Universitaria San Pedro,Unimarc,INACAP San Pedro de la Paz,2169,696,250,1308,587,3768,0.67,4.2,33,demo,9.5,4.5,4.2,4.2
https://example.invalid/demo/00414,Estación de buses Turbus,Colegio Concepción Chiguayante,,Cruz Roja Filial Chiguayante,Unimarc,,2557,1488,1328,2319,1748,,0.81,4.8,36,demo,9.5,8.7,5.3,8.7
https://example.invalid/demo/00102,Pedro Medina,Colegio de Lenguaje Senderos de BioBio,,Policlínico Chiguayante,Unimarc,,832,691,832,1483,1121,,0.73,0.0,30,demo,9.5,5.3,5.0,5.2
https://example.invalid/demo/00374,Manquimávida,Colegio Gabriel González Videla,,CESFAM Pinares,Santa Isabel,,1019,279,230,853,326,,0.76,4.7,38,demo,9.5,9.5,8.5,9.5
https://example.invalid/demo/01863,Terminal de Buses Rurales Vega Techada,Escuela D-886 Colonia Árabe (ex n° 97),PLaza La Araucania,CESFAM Norte,Tottus,Instituto AIEP,1045,259,311,606,763,923,0.72,7.5,40,demo,9.5,9.5,9.0,9.5
https://example.invalid/demo/00107,Pedro Medina,Centro de Nivelación y de Capacitación para Adultos Madre María Nys,Plaza Pedro Medina,Policlínico Chiguayante,Unimarc,,79,150,261,617,369,,0.71,2.8,35,demo,9.5,8.8,6.8,7.8
https://example.invalid/demo/01604,Terminal Santa Rita,Colegio Santa Teresa de Los Andes - Los Ángeles,,CESFAM Nuevo horizonte,Lider Express,Inacap Los Ángeles,3041,702,90,1146,1365,1992,0.76,4.5,34,demo,9.5,9.3,5.7,8.8
https://example.invalid/demo/01930,Lirquén,Centro Educacional Alborada,,CESFAM Penco,Gabito,,4700,1291,693,1904,1614,,0.72,6.0,32,demo,9.5,9.5,8.5,9.5
https://example.invalid/demo/02207,Estación Intermodal Concepción,Colegio Carmela Romero de Espinosa,Plaza España,Clínica podológica: Footclinic,Alimentos del Pedregal,Instituto Profesional Valle Central,413,217,233,84,179,148,0.65,4.8,26,demo,9.5,7.2,5.2,5.8
https://example.invalid/demo/00745,Buses Delsal,Colegio San Pedro Nolasco,,Centro Médico Obstétrico y Ginecológico,Jumbo,Preuniversitarios Cpech,513,184,449,275,211,284,0.78,3.0,32,demo,9.5,5.7,3.2,3.8
https://example.invalid/demo/00152,Estación de buses Turbus,Colegio John F. Kennedy,,Cruz Roja Filial Chiguayante,Supermercado Monika,,2267,1947,2031,2145,2263,,0.59,6.0,34,demo,9.5,9.5,9.3,9.5
https://example.invalid/demo/01994,Juan Pablo II,Escuela de Lenguaje Llacolén,Plaza Bellavista,Ex Clínica Universitaria San Pedro,Super Gangas,Instituto Santo Tomás,931,883,680,1477,795,2636,0.65,8.3,34,demo,9.5,9.5,9.5,9.5
https://example.invalid/demo/02492,Juan Pablo II,Deutsche Schule Concepción,,Ex Clínica Universitaria San Pedro,Unimarc,Instituto Profesional Virginio Gómez,2265,902,732,1442,956,3450,0.56,6.3,32,demo,9.5,8.8,8.8,8.8
https://example.invalid/demo/01577,Terminal Santa Rita,Instituto Profesional y Centro de Formacion Tecnica Santa Lucia E.I.R.L,,CESFAM/ SAPU Paillihue,,,2295,171,211,204,253,1779,0.74,4.2,35,demo,9.5,6.8,6.7,6.7
https://example.invalid/demo/00070,Pedro Medina,Colegio de Lenguaje Senderos de BioBio,,CESFAM Pinares,Lider,,552,553,420,1147,620,,0.66,3.7,35,demo,9.5,6.8,5.7,6.0
https://example.invalid/demo/02445,Juan Pablo II,Colegio Santísima Trinidad,,Ex Clínica Universitaria San Pedro,Unimarc,INACAP San Pedro de la Paz,1950,285,78,1136,351,3209,0.67,3.7,36,demo,9.5,5.3,4.0,4.2
https://example.invalid/demo/02955,,Escuela Básica y Adultos California,Plaza Arturo Prat,Hospital de Tomé,Acuenta,,2764,371,917,883,739,,0.61,1.2,38,demo,9.5,2.2,1.2,1.3
https://example.invalid/demo/02494,Juan Pablo II,Deutsche Schule Concepción,,Ex Clínica Universitaria San Pedro,Unimarc,Instituto Profesional Virginio Gómez,2462,1065,794,1629,1074,3564,0.5,5.7,32,demo,9.5,9.5,7.7,9.5
https://example.invalid/demo/01200,,Lycée Charles de Gaulle,Parque Ecuador,Medyks,Supermercado Versluys,Universidad de las Américas,310,7,230,186,309,232,0.79,1.0,38,demo,9.5,4.7,4.2,4.7
https://example.invalid/demo/01845,Terminal de Buses Rurales Vega Techada,Colegio PROACAP,,Hospital Mutual de Seguridad de Los Ángeles ACHS,Unimarc,Instituto AIEP,507,189,561,709,314,643,0.82,6.8,34,demo,9.5,7.7,7.3,7.7
https://example.invalid/demo/02875,,Escuela Lisa Enriqueta Peter Teubner,Parque Agustín Dagnino,Hospital de Tomé,Acuenta,,2735,464,1336,1442,1327,,0.86,2.7,28,demo,9.5,8.3,7.2,7.7
https://example.invalid/demo/01817,Terminal Santa Rita,Liceo Alemán,Plaza Pinto,Consultorio,Supermercado Unico,Universidad y CFT de Los Lagos,1260,117,253,333,513,740,0.62,7.0,32,demo,9.5,9.5,9.2,9.5
https://example.invalid/demo/01592,Terminal Rodoviario Los Ángeles,Escuela E-871 Clara Rebolledo de Godoy,,CESFAM NORORIENTE Los Ángeles,Mayorista,Hogar Universidad de Concepción,302,116,485,331,440,1255,0.69,8.5,35,demo,9.5,9.5,9.0,9.5
https://example.invalid/demo/00885,,Mozatschule Concepción,,SAMU,Colun,Universidad de Concepción,978,361,649,984,1307,345,0.66,4.0,38,demo,9.5,9.5,9.5,9.5
https://example.invalid/demo/01329,Universidad Técnica Federico Santa María,Colegio Alonkura,,CESFAM Talcahuano Sur,Alvi,Universidad Técnica Federico Santa María,1133,105,245,772,591,1072,0.81,4.0,32,demo,9.5,5.7,4.3,4.8
https://example.invalid/demo/01338,Lorenzo Arenas,Colegio Cristóbal Colón,,Sanatorio Alemán,Alvi,Universidad Técnica Federico Santa María,1396,414,129,568,323,1438,0.77,8.0,31,demo,9.5,9.5,9.5,9.5
https://example.invalid/demo/01528,Hualqui,Escuela D-600 Manuel Amat y Juniet,,CESFAM Hualqui,Unimarc,,1274,1480,1071,1456,1460,,0.74,5.7,31,demo,9.5,9.5,9.5,9.5
https://example.invalid/demo/03033,,Escuela República De Panamá,Plaza de Bellavista,CESFAM/ SAPU Bellavista,Acuenta,,1730,488,998,770,1102,,0.7,5.5,27,demo,9.5,6.8,6.7,6.8
https://example.invalid/demo/02117,Juan Pablo II,Colegio Santísima Trinidad,,Ex Clínica Universitaria San Pedro,Unimarc,INACAP San Pedro de la Paz,1783,674,604,1303,1045,2271,0.52,5.3,33,demo,9.5,8.3,6.2,6.7
https://example.invalid/demo/02399,Juan Pablo II,Deutsche Schule Concepción,,Ex Clínica Universitaria San Pedro,Unimarc,AIEP,1485,463,612,716,732,3271,0.8,1.2,30,demo,9.5,3.3,1.2,3.3
https://example.invalid/demo/00027,,,,,,,,,,,,,0.66,7.7,32,demo,9.5,9.2,9.2,9.2
https://example.invalid/demo/00915,Concepción,Escuela Particular Santa Catalina de Siena,,Diagnamet,Super Ganga,Instituto Profesional Virginio Gómez,721,154,347,583,431,545,0.61,2.2,33,demo,9.5,9.5,5.3,9.5
https://example.invalid/demo/02002,Juan Pablo II,Colegio El Arrayán,Plaza Las Encinas,Ex Clínica Universitaria San Pedro,Santa Isabel,INACAP San Pedro de la Paz,937,209,105,212,562,3131,0.79,4.0,29,demo,9.5,6.5,4.8,5.7
https://example.invalid/demo/00185,Pedro Medina,Colegio de Lenguaje Senderos de BioBio,,Cruz Roja Filial Chiguayante,Super Ganga,,742,560,411,1163,889,,0.77,5.3,30,demo,9.5,5.5,5.5,5.5
https://example.invalid/demo/00109,Pedro Medina,Colegio de Lenguaje Senderos de BioBio,,Cruz Roja Filial Chiguayante,Lider,,2469,2323,2204,3017,2722,,0.68,7.2,28,demo,9.5,9.5,9.0,9.5
https://example.invalid/demo/01231,Estación Intermodal Coronel,Escuela lenguaje exploradores del saber,Plazoleta Altos de Coronel,Mutual de seguridad: CCHC,Unimarc,,1068,495,209,562,460,1267,0.82,4.0,40,demo,9.5,8.8,6.5,6.7
https://example.invalid/demo/01492,Universidad Técnica Federico Santa María,Escuela Especial de Lenguaje Villa Hermosa,,CESFAM Talcahuano Sur,Alvi,CEDUC UCN Hualpén,812,196,210,1128,285,748,0.76,1.8,33,demo,9.5,6.7,5.7,6.0
https://example.invalid/demo/00979,Conquistador,Colegio Gran Bretaña,,Centro Medico Universidad San Sebastián,Unimarc,Casa Central Universidad Catolica de la Santisima Concepción,242,213,347,819,359,835,0.76,4.5,33,demo,9.5,5.8,5.8,5.8
https://example.invalid/demo/01157,Buses Delsal,Centro de Educación de Adultos Newentun,,Clínica Kenal,Santa Isabel,Casa Central Universidad Catolica de la Santisima Concepción,429,113,285,349,124,265,0.79,3.2,33,demo,9.5,7.7,5.0,5.7
https://example.invalid/demo/02542,Juan Pablo II,Escuela Luis Alberto Acevedo,Plaza San Pedro Histórico,Ex Clínica Universitaria San Pedro,Santa Isabel,Univesidad Santo Tomás Concepción,693,267,311,268,129,3385,0.61,0.0,31,demo,9.5,7.5,5.7,6.2
https://example.invalid/demo/00570,Pedro Medina,Colegio de Lenguaje Senderos de BioBio,,Cruz Roja Filial Chiguayante,Santa Isabel,,877,705,486,1003,914,,0.67,4.3,33,demo,9.5,6.7,4.7,5.3
https://example.invalid/demo/00014,,,,,,,,,,,,,0.81,7.2,31,demo,9.5,9.5,9.3,9.5
https://example.invalid/demo/00601,Estación de buses Turbus,Colegio John F. Kennedy,Plaza Manuel Rodríguez,Cruz Roja Filial Chiguayante,Supermercado Monika,,474,197,558,389,471,,0.69,2.5,32,demo,9.5,8.2,3.3,7.2
https://example.invalid/demo/03016,,Escuela República De Panamá,Paseo Lisa Peters T.,CESFAM/ SAPU Bellavista,Mayorista 10,,2171,1042,1258,1319,1219,,0.69,4.8,36,demo,9.5,9.5,9.3,9.5
https://example.invalid/demo/02531,Juan Pablo II,,,Ex Clínica Universitaria San Pedro,Verluys,Univesidad Santo Tomás Concepción,316,544,416,1095,374,3259,0.84,6.5,32,demo,9.5,9.5,9.3,9.5
https://example.invalid/demo/00400,Estación de buses Turbus,Colegio John F. Kennedy,,Cruz Roja Filial Chiguayante,Supermercado Monika,,1659,1331,1571,1528,1653,,0.52,2.7,27,demo,9.5,7.8,6.5,7.5
https://example.invalid/demo/01033,Conquistador,Escuela Particular Santa Emilia,Patio Ingles,Centro Medico Universidad San Sebastián,Lider Express,Universidad San Sebastián,1012,123,39,45,256,179,0.78,4.2,36,demo,9.5,9.5,7.0,9.5
https://example.invalid/demo/02589,Terminal Los Lobos,Colegio Básico Los Lobos,,CESFAM Los Cerros,Unimarc,Instituto Profesional ESUCOMEX Talcahuano,362,591,285,1374,2225,2534,0.75,8.2,28,demo,9.5,9.5,9.5,9.5
https://example.invalid/demo/01661,Terminal Santa Rita,Colegio Alto Lauquén,,CESFAM/ SAPU Paillihue,,,2926,423,170,900,596,2422,0.86,7.7,29,demo,9.5,9.5,9.0,9.5
https://example.invalid/demo/01804,Terminal Santa Rita,Escuela F-900 República de Alemania,,Consultorio,Supermercado Unico,Instituto Santo Tomás,1798,171,65,807,240,1172,0.69,6.7,35,demo,9.5,9.5,7.7,7.7
https://example.invalid/demo/00211,Pedro Medina,Colegio John F. Kennedy,,Cruz Roja Filial Chiguayante,Supermercado Monika,,2302,2006,2031,2206,2316,,0.6,5.8,35,demo,9.5,9.5,9.3,9.5
https://example.invalid/demo/01842,Terminal Santa Rita,Escuela Especial F-905 Esperanza,Plaza Libertador Bernardo O'Higgins,Bío-Bío Salud,Supermercado Alvi,Santo Tomás,413,195,98,197,301,126,0.72,5.2,32,demo,9.5,8.0,6.2,7.2
https://example.invalid/demo/02193,Juan Pablo II,Colegio Santísima Trinidad,,Ex Clínica Universitaria San Pedro,Unimarc,INACAP San Pedro de la Paz,1502,539,279,967,795,2532,0.74,6.8,31,demo,9.5,6.8,6.8,6.8
https://example.invalid/demo/01184,Buses Delsal,Escuela Juan Gregorio Las Heras,,Centro Médico Obstétrico y Ginecológico,Jumbo,Preuniversitarios Cpech,453,261,240,454,416,423,0.59,8.2,32,demo,9.5,9.5,9.0,9.5
https://example.invalid/demo/01836,Terminal Santa Rita,Escuela Especial CADIS,Plazuela Bunster-Castillo,Clínica Alta Salud,Lider,Universidad Católica de la Santísima Concepción Los Ángeles,723,74,139,59,120,310,0.73,5.8,33,demo,9.5,9.0,7.5,8.3
https://example.invalid/demo/00739,Buses Delsal,Escuela Juan Gregorio Las Heras,,Centro Medico Universidad San Sebastián,Andretta,Preuniversitarios Cpech,498,104,48,601,411,601,0.58,3.3,38,demo,9.5,4.2,3.7,3.7
https://example.invalid/demo/02574,El Arenal,Colegio Remodelación Simons,Borde Costero El Morro,Filial Cruz Roja Talcahuano,Lider,Instituto Profesional ESUCOMEX Talcahuano,1830,1079,762,1207,1224,1473,0.57,6.8,30,demo,9.5,9.5,8.2,9.5
https://example.invalid/demo/00141,Pedro Medina,Colegio de Lenguaje Senderos de BioBio,,Cruz Roja Filial Chiguayante,Super Ganga,,1422,1240,1190,1688,1673,,0.62,0.0,37,demo,9.5,9.5,8.8,9.5
https://example.invalid/demo/01040,Buses Delsal,Escuela Diferencial y Centro de Atencion Temprana Libertad,,Centro Médico Obstétrico y Ginecológico,Jumbo,Preuniversitarios Cpech,673,85,382,361,383,284,0.76,4.0,38,demo,9.5,6.0,5.0,5.8
https://example.invalid/demo/01695,Terminal Santa Rita,Liceo Alemán,Plaza Pinto,Consultorio,Lider,Instituto Santo Tomás,1231,155,219,225,607,598,0.84,2.7,32,demo,9.5,7.2,3.7,6.5
https://example.invalid/demo/00538,Pedro Medina,Colegio de Lenguaje Senderos de BioBio,,Policlínico Chiguayante,Super Ganga,,803,622,620,1370,1099,,0.76,7.3,29,demo,9.5,9.2,8.8,9.2
https://example.invalid/demo/00194,Pedro Medina,Colegio Aurora de Chile,,Policlínico Chiguayante,Unimarc,,440,81,113,258,316,,0.7,6.5,37,demo,9.5,8.8,7.2,8.3
https://example.invalid/demo/02776,El Arenal,Colegio Remodelación Simons,Plaza El Morro,Filial Cruz Roja Talcahuano,Lider,Instituto Profesional ESUCOMEX Talcahuano,1189,448,161,893,592,880,0.63,7.5,30,demo,9.5,9.5,9.0,9.5
https://example.invalid/demo/00234,Estación de buses Turbus,Colegio Chileno Árabe,,Cruz Roja Filial Chiguayante,Unimarc,,2835,2174,2133,2633,2668,,0.71,6.3,35,demo,9.5,9.5,9.2,9.5
https://example.invalid/demo/00853,,Colegio España,Parque de la Virgen,SAMU,Colun,Programa de Estudios sobre la Responsabilidad Social y Programa Talentos UdeC,1189,368,314,382,468,397,0.83,3.7,35,demo,9.5,6.3,4.0,4.7
https://example.invalid/demo/00478,Pedro Medina,Colegio de Lenguaje Senderos de BioBio,,Policlínico Chiguayante,Lider,,812,706,832,1481,1042,,0.75,7.7,36,demo,9.5,8.2,8.2,8.2
https://example.invalid/demo/00703,,Liceo Polivalente Experimental Lucila Godoy Alcayaga,,Clínica dental: Radio Dent,Emporio Agrícola,Universidad de las Américas,711,505,298,436,655,631,0.59,8.8,37,demo,9.5,9.5,9.5,9.5
https://example.invalid/demo/00157,Pedro Medina,Colegio de Lenguaje Senderos de BioBio,,CESFAM Pinares,Lider,,816,755,617,1464,944,,0.7,6.8,33,demo,9.5,9.5,9.2,9.5
https://example.invalid/demo/00707,Terminal de Buses 63 Rengo Lientur,Colegio Santa Sabina,,CESFAM Santa Sabina,Unimarc,Universidad de las Américas (Campus El Boldal),1941,196,222,442,72,1426,0.71,6.2,34,demo,9.5,9.5,9.5,9.5
https://example.invalid/demo/00357,Pedro Medina,Colegio de Lenguaje Senderos de BioBio,,Cruz Roja Filial Chiguayante,Unimarc,,2111,1944,1955,2449,2422,,0.58,7.7,36,demo,9.5,9.5,9.5,9.5
https://example.invalid/demo/01342,Terminal de colectivos 21,Escuela Diferencial Bao Bab,,CESFAM Talcahuano Sur,Jumbo,Universidad Técnica Federico Santa María,1727,406,512,907,307,2410,0.71,2.7,34,demo,9.5,9.5,9.0,9.5
https://example.invalid/demo/02430,Juan Pablo II,Deutsche Schule Concepción,,Ex Clínica Universitaria San Pedro,Santa Isabel,Instituto Profesional Virginio Gómez,2181,1433,41,1626,1640,2419,0.76,6.7,34,demo,9.5,9.5,8.8,9.5
https://example.invalid/demo/02176,Diagonal Biobío,Colegio San Ignacio,Pasaje de entrada al Parque,CESFAM San Pedro de La Paz,Lider Express,INACAP San Pedro de la Paz,688,425,216,873,553,1317,0.68,5.0,34,demo,9.5,9.5,9.5,9.5
https://example.invalid/demo/03055,,Escuela Margarita Naseau,Paseo Lisa Peters T.,Hospital de Tomé,Mayorista 10,,2848,369,296,1024,491,,0.67,2.5,33,demo,9.5,4.2,3.3,3.7
https://example.invalid/demo/01959,Lirquén,Escuela de Lenguaje San Nicolás,,Centro de diálisis Nephrocare,Acuenta,,2601,260,381,118,201,,0.69,0.7,29,demo,9.5,9.5,7.2,9.5
https://example.invalid/demo/02458,Juan Pablo II,Deutsche Schule Concepción,,Ex Clínica Universitaria San Pedro,Santa Isabel,AIEP,1195,386,317,390,629,3440,0.59,3.8,34,demo,9.5,7.0,4.3,5.3
https://example.invalid/demo/01879,Estación de Buses Translota,Escuela Bello Horizonte,Escudo Lota,CESFAM Lota Alto,Unimarc,,3758,41,424,365,1704,4766,0.63,5.3,41,demo,9.5,9.5,8.8,9.5
https://example.invalid/demo/01591,Terminal Rodoviario Los Ángeles,Colegio Saint George,,CESFAM NORORIENTE Los Ángeles,El Trébol,Hogar Universidad de Concepción,701,28,198,829,173,1282,0.77,5.5,30,demo,9.5,9.5,9.3,9.5
https://example.invalid/demo/01412,Universidad Técnica Federico Santa María,Escuela Especial de Lenguaje Villa Hermosa,,CESFAM Hualpencillo,Alvi,CEDUC UCN Hualpén,544,85,277,1299,110,479,0.74,3.5,34,demo,9.5,4.8,4.3,4.8
https://example.invalid/demo/02115,Juan Pablo II,Deutsche Schule Concepción,,Ex Clínica Universitaria San Pedro,Unimarc,Instituto Profesional Virginio Gómez,1879,647,757,1088,816,3275,0.78,4.3,32,demo,9.5,7.8,4.8,7.2
https://example.invalid/demo/02291,Juan Pablo II,Colegio Santísima Trinidad,,Ex Clínica Universitaria San Pedro,Unimarc,INACAP San Pedro de la Paz,1951,302,95,1133,343,3229,0.69,5.3,35,demo,9.5,7.7,6.0,6.5
https://example.invalid/demo/00895,Conquistador,Colegio Marcela Paz,Parque Las Tres Pascualas,Centro Medico Universidad San Sebastián,Lider Express,Universidad San Sebastián,705,294,181,387,224,527,0.74,4.5,31,demo,9.5,9.5,6.7,6.7
https://example.invalid/demo/01820,Terminal de Buses Rurales Vega Techada,Escuela Diferencial Alen,,CESFAM Norte,Supermercado Acuenta,Centro Integral de Educación Tecnológica Curamávida,2017,138,320,829,965,1000,0.48,5.7,31,demo,9.5,9.5,9.3,9.5
https://example.invalid/demo/01757,Terminal Rodoviario Los Ángeles,Escuela Particular Juan Pablo II,,CESFAM NORORIENTE Los Ángeles,El Trébol,Hogar Universidad de Concepción,716,211,121,613,310,1013,0.79,7.8,38,demo,9.5,9.3,8.8,9.3
https://example.invalid/demo/00151,Pedro Medina,Colegio de Lenguaje Senderos de BioBio,,Cruz Roja Filial Chiguayante,Super Ganga,,899,713,592,1235,1070,,0.7,6.3,33,demo,9.5,8.7,7.7,8.2
https://example.invalid/demo/01722,Terminal de Buses Islajacoop,Escuela D-886 Colonia Árabe (ex n° 97),,CESFAM Norte,Supermercado Acuenta,Instituto AIEP,1216,332,168,108,726,788,0.77,0.0,35,demo,9.5,8.3,4.3,6.5
https://example.invalid/demo/02804,Hospital Las Higueras,Escuela de Lenguaje Santa Catalina,,Hospital Las Higueras,Supermercado Ganga,Universidad Católica de la Santísima Concepción Talcahuano,803,449,236,903,566,441,0.55,6.5,29,demo,9.5,7.0,6.7,6.7
https://example.invalid/demo/02710,El Arenal,Colegio Remodelación Simons,,Filial Cruz Roja Talcahuano,Lider,Universidad Católica de la Santísima Concepción Talcahuano,1069,581,201,1283,290,898,0.45,0.0,31,demo,9.5,9.5,8.3,9.2
https://example.invalid/demo/00592,Estación de buses Turbus,Colegio John F. Kennedy,,Cruz Roja Filial Chiguayante,Supermercado Monika,,1049,858,683,1041,1067,,0.71,4.3,31,demo,9.5,7.8,6.0,6.3
https://example.invalid/demo/00183,Estación de buses Turbus,Colegio John F. Kennedy,,Cruz Roja Filial Chiguayante,Supermercado Monika,,1306,991,1243,1191,1303,,0.78,5.0,37,demo,9.5,8.8,6.3,8.8
https://example.invalid/demo/00285,Pedro Medina,Colegio de Lenguaje Senderos de BioBio,,Cruz Roja Filial Chiguayante,Super Ganga,,902,716,626,1307,1109,,0.71,5.7,38,demo,9.5,8.2,6.5,7.0
https://example.invalid/demo/02934,,Escuela Básica y Adultos California,Plaza Arturo Prat,Hospital de Tomé,Acuenta,,2420,167,1307,1350,1042,,0.58,5.2,38,demo,9.5,9.5,6.3,9.5
https://example.invalid/demo/00098,Estación de buses Turbus,Colegio Pacific School,Plaza de Armas de Chiguayante,Cruz Roja Filial Chiguayante,Supermercado Mey,,1331,930,1090,1132,1271,,0.66,7.3,29,demo,9.5,9.5,8.5,9.5
https://example.invalid/demo/02437,Juan Pablo II,Deutsche Schule Concepción,,Ex Clínica Universitaria San Pedro,Unimarc,INACAP San Pedro de la Paz,1575,119,428,716,185,3450,0.78,5.5,32,demo,9.5,7.7,5.7,5.7
https://example.invalid/demo/00704,,Liceo Polivalente Experimental Lucila Godoy Alcayaga,Parque Ecuador,Clínica dental: Radio Dent,Unimarc,Universidad de las Américas Concepcion,904,524,384,406,569,683,0.72,7.0,36,demo,9.5,9.5,8.7,9.5
https://example.invalid/demo/00799,Terminal de Buses 63 Rengo Lientur,Liceo Domingo Santa María,,Clínica del Sur,Kamadi,Universidad del Desarrollo,955,40,132,180,313,896,0.69,5.2,36,demo,9.5,9.5,7.0,9.5
https://example.invalid/demo/00694,Buses Delsal,Escuela Juan Gregorio Las Heras,,Centro Médico Obstétrico y Ginecológico,Andretta,Preuniversitarios Cpech,433,122,102,593,493,554,0.58,3.8,36,demo,9.5,6.2,4.8,6.2
https://example.invalid/demo/00573,Pedro Medina,Colegio de Lenguaje Senderos de BioBio,,Policlínico Chiguayante,Super Ganga,,804,622,613,1366,1093,,0.76,6.8,33,demo,9.5,8.3,8.3,8.3
https://example.invalid/demo/00984,,Colegio La Providencia,Plaza Perú,Centro Médico Emsa,Alimentos del Pedregal,Instituto IPG Concepción,864,5,402,211,391,162,0.72,3.7,29,demo,9.5,4.8,4.8,4.8
https://example.invalid/demo/00230,Pedro Medina,Colegio de Lenguaje Senderos de BioBio,,Policlínico Chiguayante,Super Ganga,,536,353,274,1032,753,,0.63,3.0,35,demo,9.5,3.3,3.0,3.0
https://example.invalid/demo/00321,Manquimávida,Colegio Gabriel González Videla,,CESFAM Pinares,Santa Isabel,,595,220,258,992,337,,0.75,6.7,36,demo,9.5,9.5,9.3,9.5
https://example.invalid/demo/01170,Buses Delsal,Colegio Metodista de Concepción,,Indimed,Alimentos del Pedregal,Casa Central Universidad Catolica de la Santisima Concepción,113,144,382,622,317,609,0.52,0.8,29,demo,9.5,1.3,1.0,1.0
https://example.invalid/demo/02477,Juan Pablo II,Escuela Miguel José Zañartu Santa María E-653,Plaza Las Encinas,Ex Clínica Universitaria San Pedro,Santa Isabel,INACAP San Pedro de la Paz,970,119,158,444,734,2886,0.75,4.3,36,demo,9.5,7.3,5.2,5.8
https://example.invalid/demo/00172,Estación de buses Turbus,Colegio Pacific School,Plaza de Armas de Chiguayante,Cruz Roja Filial Chiguayante,Supermercado Mey,,614,101,336,374,419,,0.73,7.5,33,demo,9.5,9.5,9.2,9.5
https://example.invalid/demo/01802,Terminal Santa Rita,Escuela Diferencial Ángelitos,Alameda,CESFAM/ SAPU 2 de Septiembre,Jumbo,Inacap Los Ángeles,1409,242,158,505,516,369,0.57,6.7,35,demo,9.5,7.0,6.8,7.0
https://example.invalid/demo/02758,El Arenal,Escuela Básica Arenal,,CESFAM San Vicente,Unimarc,Instituto Profesional ESUCOMEX Talcahuano,208,314,408,645,75,284,0.74,5.5,34,demo,9.5,6.2,6.2,6.2
https://example.invalid/demo/00776,,Colegio The Auckland School.,Plaza Perú,Hospital Traumatológico de Concepción,Colun,Instituto IPG Concepción,926,97,432,130,264,20,0.72,4.7,29,demo,9.5,4.7,4.7,4.7
https://example.invalid/demo/01488,Universidad Técnica Federico Santa María,Liceo Pedro del Rio Zañartu,Plaza Arturo Prat,CESFAM Talcahuano Sur,Alvi,CEDUC UCN Hualpén,1073,129,69,900,543,1008,0.77,5.7,35,demo,9.5,6.2,6.2,6.2
https://example.invalid/demo/00445,Pedro Medina,Colegio de Lenguaje Senderos de BioBio,,Cruz Roja Filial Chiguayante,Santa Isabel,,988,811,609,1033,1036,,0.71,7.3,34,demo,9.5,7.8,7.8,7.8
https://example.invalid/demo/00559,Pedro Medina,Colegio de Lenguaje Senderos de BioBio,,Policlínico Chiguayante,Unimarc,,473,298,416,1080,807,,0.7,0.8,33,demo,9.5,3.0,1.7,2.5
https://example.invalid/demo/00878,Terminal de Buses 63 Rengo Lientur,Escuela Nº 538 Diego Portales,,CESFAM Santa Sabina,SuperBodega aCuenta,Universidad San Sebastián,536,200,35,1055,854,1445,0.67,8.5,36,demo,9.5,9.5,9.5,9.5
https://example.invalid/demo/00584,Estación de buses Turbus,Colegio John F. Kennedy,Plaza Manuel Rodríguez,Cruz Roja Filial Chiguayante,Supermercado Monika,,623,355,708,550,625,,0.83,5.8,30,demo,9.5,7.2,6.5,6.7
https://example.invalid/demo/00258,Pedro Medina,Colegio de Lenguaje Senderos de BioBio,,Policlínico Chiguayante,Unimarc,,799,665,823,1456,1082,,0.78,5.3,32,demo,9.5,8.8,6.5,7.7
https://example.invalid/demo/02613,Terminal de buses Mi Expreso,Liceo Bicentenario Anita Serrano Sepúlveda,,Filial Cruz Roja Talcahuano,Unimarc,Instituto Profesional ESUCOMEX Talcahuano,437,407,452,695,521,429,0.75,9.0,36,demo,9.5,9.5,9.5,9.5
https://example.invalid/demo/00432,Pedro Medina,Colegio de Lenguaje Senderos de BioBio,,Cruz Roja Filial Chiguayante,Super Ganga,,1907,1734,1721,2188,2205,,0.78,8.0,37,demo,9.5,9.5,9.2,9.5
https://example.invalid/demo/02927,,Liceo Comercial de Tomé,Plazoleta Calle Las Lilas,Hospital de Tomé,Unimarc,,3294,118,183,326,517,,0.66,7.2,38,demo,9.5,9.5,8.3,9.5
https://example.invalid/demo/01266,Laguna Quiñenco,Escuela Javiera Carrera,,CESFAM Yobilo,SuperBodega aCuenta,,721,220,296,386,770,2110,0.62,5.2,40,demo,9.5,8.8,7.5,8.8
https://example.invalid/demo/01902,Lirquén,Escuela Penco,,CESFAM Penco,Gabito,,4722,1795,1558,2212,2057,,0.61,7.5,31,demo,9.5,9.5,9.3,9.5
https://example.invalid/demo/01099,Conquistador,C.E.I.A. Monseñor Alfredo Silva Santiago,Huerta Comunitaria C3,Clínica Kenal,Mayorista 10,Casa Central Universidad Catolica de la Santisima Concepción,224,47,158,649,84,561,0.72,3.3,36,demo,9.5,5.3,4.0,4.7
https://example.invalid/demo/01935,Lirquén,Centro Educacional Alborada,,CESFAM Penco,Gabito,,3655,150,448,786,430,,0.5,3.8,36,demo,9.5,7.7,4.7,5.3
https://example.invalid/demo/00937,Concepción,Escuela Óscar Castro Zúñiga,Parque Bicentenario,Integramédica,Tottus,Univesidad Santo Tomás Concepción,255,139,249,68,86,383,0.77,0.0,35,demo,9.5,9.5,1.2,9.5
https://example.invalid/demo/01190,Buses Delsal,Colegio Adventista de Concepción (Enseñanza Básica),,Clínica Kenal,Super Ganga,Instituto Profesional Providencia (IPP),474,154,214,390,56,401,0.7,1.8,33,demo,9.5,7.8,4.0,7.7
https://example.invalid/demo/02976,,Escuela Mariano Egaña,Plaza Recreativa Dagnino,Hospital de Tomé,Unimarc,,4204,233,406,986,1671,,0.65,8.0,34,demo,9.5,9.2,8.7,8.8
https://example.invalid/demo/00097,Estación de buses Turbus,Liceo C.H. Obispo San Miguel,Plaza de Armas de Chiguayante,Cruz Roja Filial Chiguayante,Unimarc,,1238,61,457,1054,562,,0.69,1.5,36,demo,9.5,9.5,9.3,9.5
https://example.invalid/demo/02342,Juan Pablo II,Escuela de Lenguaje Aserrín Aserrán,,Ex Clínica Universitaria San Pedro,Verluys,INACAP San Pedro de la Paz,173,301,165,912,296,3126,0.81,7.3,32,demo,9.5,9.5,9.5,9.5
https://example.invalid/demo/01315,Terminal de colectivos 21,Colegio Alonkura,,CESFAM Talcahuano Sur,Alvi,Universidad Técnica Federico Santa María,1187,273,49,586,780,1267,0.81,3.5,36,demo,9.5,7.3,6.7,7.3
https://example.invalid/demo/00010,,,,,,,,,,,,,0.72,4.8,32,demo,9.5,9.5,6.5,9.5
https://example.invalid/demo/02807,Hospital Las Higueras,Colegio Remodelación Simons,,Hospital Las Higueras,Lider,Universidad Católica de la Santísima Concepción Talcahuano,1093,728,257,1233,376,736,0.56,4.7,34,demo,9.5,7.2,6.0,6.5
https://example.invalid/demo/02861,El Arenal,Escuela Básica Libertad E 492,,Hospital Las Higueras,Lider,Universidad Católica de la Santísima Concepción Talcahuano,969,614,153,1200,265,791,0.64,4.0,33,demo,9.5,8.7,5.8,7.3
https://example.invalid/demo/01331,Lorenzo Arenas,Liceo Polivalente Lorenzo Arenas Olivo,Plaza de la Abejita,Centro Kelluwün,Jumbo,Escuela de Suboficiales de Carabineros - Grupo Concepción,1349,738,677,799,610,2047,0.67,5.0,36,demo,9.5,9.5,9.5,9.5
https://example.invalid/demo/02079,Juan Pablo II,Saint John's School,,Ex Clínica Universitaria San Pedro,Unimarc,INACAP San Pedro de la Paz,3441,1572,910,2584,1794,4304,0.64,6.7,39,demo,9.5,8.0,7.5,7.8
https://example.invalid/demo/02916,,Escuela Básica Ignacio Serrano Montaner,,Hospital de Tomé,Unimarc,,3838,132,205,487,1069,,0.7,8.5,37,demo,9.5,9.5,9.5,9.5
https://example.invalid/demo/01349,Universidad Técnica Federico Santa María,Colegio Cristóbal Colón,,Sanatorio Alemán,Bodega Acuenta,Universidad Técnica Federico Santa María,1546,337,55,599,77,1368,0.59,7.2,34,demo,9.5,9.5,8.8,9.5
https://example.invalid/demo/01405,Universidad Técnica Federico Santa María,Colegio Adventista,,CESFAM Talcahuano Sur,Alvi,Universidad Técnica Federico Santa María,908,273,186,1064,443,791,0.69,4.0,32,demo,9.5,8.3,5.8,6.5
https://example.invalid/demo/00960,Terminal de Buses 63 Rengo Lientur,Escuela Irene Frei de Cid,,CESFAM Santa Sabina,Casino,Universidad San Sebastián,830,126,259,926,1061,903,0.79,6.0,33,demo,9.5,9.5,9.5,9.5
https://example.invalid/demo/02636,El Arenal,Escuela Básica Arenal,,Filial Cruz Roja Talcahuano,,Instituto Profesional ESUCOMEX Talcahuano,541,230,527,648,381,234,0.76,8.0,34,demo,9.5,9.5,9.5,9.5
https://example.invalid/demo/02410,Juan Pablo II,Deutsche Schule Concepción,,Ex Clínica Universitaria San Pedro,Santa Isabel,INACAP San Pedro de la Paz,1110,397,211,277,565,3505,0.59,0.5,39,demo,9.5,8.5,1.5,7.5
https://example.invalid/demo/01774,Terminal Santa Rita,Escuela D-868 General Bernardo O'Higgins (ex n° 1),Plaza Libertador Bernardo O'Higgins,Hospital Mutual de Seguridad de Los Ángeles ACHS,Santa Isabel,Santo Tomás,233,380,343,381,161,281,0.8,4.3,35,demo,9.5,8.5,7.5,8.0
https://example.invalid/demo/01264,Huinca,Colegio Metodista Lagunillas,,CESFAM Lagunillas,Supermercado Los Huertos,Centro de Estudios e Inclusión Laboral Biocor,423,79,340,614,334,115,0.75,0.0,36,demo,9.5,9.5,8.8,9.5
https://example.invalid/demo/01874,Estación de Buses Translota,Instituto San Francisco de Asís,Plaza Carrera,CESFAM/ SAPU Doctor Juan Cartes Arias,Unimarc,,3450,149,412,208,1297,5167,0.66,6.8,32,demo,9.5,9.5,9.3,9.5
https://example.invalid/demo/02668,Terminal de buses Mi Expreso,Escuela Dama Blanca,Plaza de Armas de Talcahuano,Filial Cruz Roja Talcahuano,Santa Isabel,Instituto Profesional ESUCOMEX Talcahuano,364,285,434,843,481,829,0.76,8.0,38,demo,9.5,9.5,9.2,9.5
https://example.invalid/demo/02833,El Arenal,Sociedad Educacional Luis Espinoza Pierretti,,Filial Cruz Roja Talcahuano,,Instituto Profesional ESUCOMEX Talcahuano,691,42,129,520,321,260,0.78,2.7,32,demo,9.5,4.7,4.0,4.7
https://example.invalid/demo/02688,Hospital Las Higueras,Escuela Básica Las Higueras,,Hospital Las Higueras,Supermercado Ganga,Universidad Católica de la Santísima Concepción Talcahuano,425,233,116,412,599,685,0.64,5.0,33,demo,9.5,5.7,5.7,5.7
https://example.invalid/demo/00604,Pedro Medina,Colegio de Lenguaje Senderos de BioBio,,Cruz Roja Filial Chiguayante,Super Ganga,,1522,1341,1293,1761,1775,,0.56,7.0,34,demo,9.5,9.5,9.0,9.5
https://example.invalid/demo/02937,,Escuela Mariano Egaña,Plaza Recreativa Dagnino,Hospital de Tomé,Acuenta,,3520,477,291,548,1074,,0.74,8.5,34,demo,9.5,8.5,8.5,8.5
https://example.invalid/demo/00887,Concepción,Escuela Óscar Castro Zúñiga,Parque Bicentenario,Integramédica,Tottus,Univesidad Santo Tomás Concepción,313,62,393,106,76,246,0.67,6.2,30,demo,9.5,9.5,8.5,9.5
https://example.invalid/demo/02782,Hospital Las Higueras,Escuela Santa Clara,,Instituto de Seguridad del Trabajo de Talcahuano,Supermercado Ganga,Universidad Católica de la Santísima Concepción Talcahuano,1110,842,609,1459,1008,1010,0.59,2.2,34,demo,9.5,9.5,9.2,9.5
https://example.invalid/demo/01422,Universidad Técnica Federico Santa María,Centro Integral Los Aromos,,Clínica Mutual de Seguridad CCHC,Alvi,Universidad Técnica Federico Santa María,570,451,135,1340,541,365,0.77,2.3,31,demo,9.5,7.0,3.3,4.5
https://example.invalid/demo/00711,Terminal de Buses Jota Ewert,Liceo Rebeca Matte Bello,Bandejón central Manuel Rodriguez,CESFAM Tucapel,Super Ganga,Colegio Bautista de Concepción,511,173,305,581,320,1028,0.81,6.2,27,demo,9.5,9.5,9.2,9.5
https://example.invalid/demo/02453,Juan Pablo II,Deutsche Schule Concepción,,Ex Clínica Universitaria San Pedro,Unimarc,Instituto Profesional Virginio Gómez,1987,712,738,1187,848,3308,0.68,5.2,28,demo,9.5,5.7,5.7,5.7
https://example.invalid/demo/00628,Pedro Medina,Colegio de Lenguaje Senderos de BioBio,,Cruz Roja Filial Chiguayante,Super Ganga,,1026,846,828,1540,1311,,0.77,6.0,30,demo,9.5,9.2,8.3,8.8
https://example.invalid/demo/00546,Estación de buses Turbus,Colegio John F. Kennedy,Plaza Manuel Rodríguez,Cruz Roja Filial Chiguayante,Supermercado Monika,,700,351,777,544,685,,0.7,5.2,30,demo,9.5,9.5,9.2,9.5
https://example.invalid/demo/00058,Estación de buses Turbus,Liceo C.H. Obispo San Miguel,,Cruz Roja Filial Chiguayante,Unimarc,,1688,776,1061,1577,750,,0.69,6.2,35,demo,9.5,9.5,9.5,9.5
https://example.invalid/demo/00945,,Escuela F-560 Luis Muñoz Burboa,Parque Metropolitano Cerro Caracol,Clínica dental: Radio Dent,Supermercado Versluys,Centro Mandala,637,229,264,911,1115,441,0.69,0.0,39,demo,9.5,9.2,8.2,8.8
https://example.invalid/demo/02717,Hospital Las Higueras,Escuela Básica Las Higueras,,Hospital Las Higueras,Supermercado Ganga,Universidad Católica de la Santísima Concepción Talcahuano,428,212,88,447,613,703,0.66,5.7,32,demo,9.5,6.8,6.3,6.8
https://example.invalid/demo/00527,Pedro Medina,Colegio de Lenguaje Senderos de BioBio,,Cruz Roja Filial Chiguayante,Super Ganga,,941,756,639,1255,1117,,0.71,4.8,34,demo,9.5,8.0,6.5,7.5
https://example.invalid/demo/03029,,Escuela Lisa Enriqueta Peter Teubner,Parque Agustín Dagnino,Hospital de Tomé,Acuenta,,2862,416,1073,1155,1115,,0.91,7.8,33,demo,9.5,9.5,9.5,9.5
https://example.invalid/demo/00242,Estación de buses Turbus,Colegio Chileno Árabe,,Cruz Roja Filial Chiguayante,Supermercado Mey,,1362,735,855,1134,1233,,0.64,4.7,28,demo,9.5,9.5,9.5,9.5
https://example.invalid/demo/00710,Buses Delsal,Escuela Juan Gregorio Las Heras,,Centro Médico Obstétrico y Ginecológico,Andretta,Preuniversitarios Cpech,432,73,58,643,476,602,0.62,6.3,39,demo,9.5,7.8,7.2,7.5
https://example.invalid/demo/01104,Terminal de Buses Jota Ewert,Liceo Rebeca Matte Bello,Plazoleta Jaqueline Van Rysselberghe,CESFAM Tucapel,Super Ganga,Universidad San Sebastián,802,133,292,318,352,1009,0.74,5.8,38,demo,9.5,9.5,8.3,9.0
https://example.invalid/demo/02949,,Liceo República del Ecuador,"Plaza Inclusiva ""Samuel Muñoz""",Hospital de Tomé,Acuenta,,3430,348,321,257,853,,0.69,2.8,39,demo,9.5,5.0,3.2,4.2
https://example.invalid/demo/03052,,Escuela República De Panamá,Plaza de Bellavista,CESFAM/ SAPU Bellavista,Acuenta,,1908,292,1148,900,873,,0.68,6.2,31,demo,9.5,8.7,7.5,8.3
https://example.invalid/demo/01981,Juan Pablo II,Escuela de Lenguaje Llacolén,,Ex Clínica Universitaria San Pedro,Santa Isabel,AIEP,1680,935,577,1258,1178,2464,0.73,4.5,30,demo,9.5,5.7,5.7,5.7
https://example.invalid/demo/02813,Hospital Las Higueras,Escuela Básica Libertad E 492,,Hospital Las Higueras,Supermercado Ganga,Universidad Católica de la Santísima Concepción Talcahuano,855,287,276,777,642,521,0.53,1.8,36,demo,9.5,9.0,8.3,8.7
https://example.invalid/demo/02504,Juan Pablo II,Escuela de Lenguaje Llacolén,Plaza Bellavista,Ex Clínica Universitaria San Pedro,Super Gangas,Instituto Santo Tomás,917,878,681,1468,784,2651,0.61,8.5,31,demo,9.5,9.5,9.5,9.5
https://example.invalid/demo/02285,Juan Pablo II,Deutsche Schule Concepción,,Ex Clínica Universitaria San Pedro,Unimarc,Instituto Profesional Virginio Gómez,1959,645,660,1144,770,3382,0.63,4.7,27,demo,9.5,7.5,7.0,7.3
https://example.invalid/demo/00033,,,,,,,,,,,,,0.7,5.7,37,demo,9.5,7.0,6.3,6.7
https://example.invalid/demo/01614,Terminal Rodoviario Los Ángeles,Escuela D-934 Thomas Jefferson (ex n° 10),,CESFAM Norte,Super Ganga,Instituto AIEP,1653,816,445,1184,1269,1668,0.64,7.7,36,demo,9.5,9.5,9.2,9.5
https://example.invalid/demo/02652,Hospital Las Higueras,Escuela Santa Clara,,Instituto de Seguridad del Trabajo de Talcahuano,Acuenta,Universidad Católica de la Santísima Concepción Talcahuano,1114,371,50,1067,971,1222,0.71,3.3,31,demo,9.5,8.2,7.7,8.0
https://example.invalid/demo/01272,Coronel,Jardín Infantil Emanuel,Paseo Ola,Centro kinésico Coronel,Unimarc,,278,290,73,431,350,1031,0.83,6.5,30,demo,9.5,9.5,9.2,9.5
https://example.invalid/demo/00418,Pedro Medina,Colegio de Lenguaje Senderos de BioBio,,Cruz Roja Filial Chiguayante,Unimarc,,1895,1735,1776,2380,2195,,0.72,7.8,32,demo,9.5,9.5,9.5,9.5
https://example.invalid/demo/02479,Juan Pablo II,Escuela de Lenguaje Aserrín Aserrán,,Ex Clínica Universitaria San Pedro,Verluys,INACAP San Pedro de la Paz,291,182,155,851,368,3002,0.75,7.7,36,demo,9.5,9.5,8.7,9.2
https://example.invalid/demo/01425,Universidad Técnica Federico Santa María,Centro Integral Los Aromos,,Clínica Mutual de Seguridad CCHC,Alvi,Universidad Técnica Federico Santa María,537,483,259,1457,413,359,0.84,5.7,38,demo,9.5,6.7,5.7,6.0
https://example.invalid/demo/00039,Estación de buses Turbus,Colegio Pacific School,,Cruz Roja Filial Chiguayante,Supermercado Mey,,1564,1168,1313,1370,1512,,0.82,0.0,38,demo,9.5,9.2,7.7,9.2
https://example.invalid/demo/02226,Juan Pablo II,Deutsche Schule Concepción,,Ex Clínica Universitaria San Pedro,Santa Isabel,AIEP,1639,882,617,1019,1071,2858,0.74,4.0,34,demo,9.5,5.8,4.3,4.8
https://example.invalid/demo/02344,Juan Pablo II,Colegio Santísima Trinidad,,Ex Clínica Universitaria San Pedro,Unimarc,INACAP San Pedro de la Paz,2671,1091,676,1813,1031,3878,0.71,0.2,35,demo,9.5,6.3,3.3,5.8
https://example.invalid/demo/00356,Pedro Medina,Colegio Aurora de Chile Sur,,CESFAM Pinares,Lider,,588,445,145,892,419,,0.68,0.0,34,demo,9.5,5.2,3.8,4.0
https://example.invalid/demo/02781,El Arenal,Jardin Infantil Barquito de Papel,,CESFAM San Vicente,Lider,Instituto Profesional ESUCOMEX Talcahuano,499,486,221,1087,403,675,0.77,6.0,30,demo,9.5,8.2,7.5,7.8
https://example.invalid/demo/01687,Terminal Santa Rita,Escuela Especial F-905 Esperanza,Plaza Libertador Bernardo O'Higgins,,Supermercado Alvi,Santo Tomás,275,331,236,290,185,160,0.74,4.3,39,demo,9.5,6.5,5.2,5.7
https://example.invalid/demo/01390,Universidad Técnica Federico Santa María,Escuela Esmeralda,,CESFAM Hualpencillo,"SuperMercado ""Sacarllet""",CEDUC UCN Hualpén,1082,226,219,1789,1019,1098,0.58,7.7,36,demo,9.5,9.5,8.8,9.5
https://example.invalid/demo/01009,Buses Delsal,Liceo de Niñas,,CruzBlanca,Supermercado Versluys,Casa Central Universidad Catolica de la Santisima Concepción,696,239,54,112,251,109,0.63,0.2,35,demo,9.5,1.7,1.2,1.2
https://example.invalid/demo/01014,Conquistador,Colegio Marcela Paz,Bandejón central Manuel Rodriguez,Centro Medico Universidad San Sebastián,Unimarc,Universidad San Sebastián,490,178,231,693,121,834,0.81,5.7,26,demo,9.5,9.5,7.7,9.2
https://example.invalid/demo/01195,Terminal de líneas a Tomé,Escuela Especial de Lenguaje Las Palmeritas,Bandejón central Manuel Rodríguez,Centro Integral del Adulto Mayor Juan Soto Fernández,Tottus,Colegio Bautista de Concepción,481,354,281,582,686,462,0.59,7.3,37,demo,9.5,9.5,9.3,9.5
https://example.invalid/demo/02650,Hospital Las Higueras,Escuela Santa Clara,,Instituto de Seguridad del Trabajo de Talcahuano,Acuenta,Universidad Católica de la Santísima Concepción Talcahuano,1066,426,110,1121,1045,1136,0.76,6.8,37,demo,9.5,8.2,7.8,7.8
https://example.invalid/demo/00251,Manquimávida,Colegio Madre Paulina,,CESFAM Pinares,Lider,,1178,1257,837,2014,1562,,0.75,7.3,36,demo,9.5,9.5,9.5,9.5
https://example.invalid/demo/01414,Universidad Técnica Federico Santa María,Liceo Simón Bolívar,,CESFAM Talcahuano Sur,Alvi,Universidad Técnica Federico Santa María,899,367,225,1126,481,763,0.64,6.8,39,demo,9.5,7.0,7.0,7.0
https://example.invalid/demo/00460,Estación de buses Turbus,Colegio John F. Kennedy,,Cruz Roja Filial Chiguayante,Supermercado Monika,,1341,1047,1170,1249,1343,,0.76,7.8,37,demo,9.5,8.8,8.3,8.8
https://example.invalid/demo/03006,,Liceo Industrial Tomé,"Plaza Inclusiva ""Samuel Muñoz""",Hospital de Tomé,Unimarc,,3520,422,326,320,950,,0.67,5.7,36,demo,9.5,7.8,7.8,7.8
https://example.invalid/demo/01398,Universidad Técnica Federico Santa María,Escuela Particular Diego Portales,Paseo Marsella,CESFAM Hualpencillo,Alvi,CEDUC UCN Hualpén,873,229,215,857,547,799,0.78,7.5,32,demo,9.5,9.5,9.3,9.5
https://example.invalid/demo/02743,Mercado,Liceo Almirante Pedro Espina Ritchie,Paseo Ventana al Mar,Filial Cruz Roja Talcahuano,,Instituto Profesional ESUCOMEX Talcahuano,1024,269,208,226,898,805,0.77,7.3,30,demo,9.5,8.0,8.0,8.0
https://example.invalid/demo/00295,Estación de buses Turbus,Colegio John F. Kennedy,,Cruz Roja Filial Chiguayante,Supermercado Monika,,1753,1445,1530,1646,1753,,0.56,3.7,27,demo,9.5,8.7,7.5,8.0
https://example.invalid/demo/00765,Terminal de Buses Collao,Escuela de Lenguaje Entre Palabras,Plaza Lagos de Chile,Centro Clínico Militar,Santa Isabel,Universidad del Desarrollo,489,256,191,474,104,1104,0.86,4.2,28,demo,9.5,9.5,7.0,9.5
https://example.invalid/demo/02545,Juan Pablo II,Escuela de Lenguaje Llacolén,Plaza San Pedro Histórico,Ex Clínica Universitaria San Pedro,Santa Isabel,Univesidad Santo Tomás Concepción,711,76,35,595,272,3060,0.61,3.2,31,demo,9.5,6.2,6.2,6.2
https://example.invalid/demo/01221,Buses Delsal,Escuela Juan Gregorio Las Heras,,Centro Médico Obstétrico y Ginecológico,Santa Isabel,Preuniversitarios Cpech,331,187,200,567,462,549,0.61,5.0,31,demo,9.5,6.8,6.0,6.3
https://example.invalid/demo/00986,,Lycée Charles de Gaulle,Parque Ecuador,Medyks,Supermercado Versluys,Universidad de las Américas,368,55,286,129,262,176,0.88,3.7,34,demo,9.5,8.5,5.0,7.7
https://example.invalid/demo/03074,,Escuela Básica y Adultos California,Plaza de Bellavista,CESFAM/ SAPU Bellavista,Acuenta,,1786,979,1307,1202,1737,,0.69,4.5,32,demo,9.5,9.5,8.5,9.5
https://example.invalid/demo/03115,,Carlos Mahns Choupay,Plaza Arturo Prat,Hospital de Tomé,Acuenta,,2775,226,748,756,575,,0.67,5.3,39,demo,9.5,8.0,6.0,8.0
https://example.invalid/demo/00409,Manquimávida,Colegio Madre Paulina,,CESFAM Pinares,Santa Isabel,,523,572,327,1785,1279,,0.7,7.7,30,demo,9.5,9.5,9.5,9.5
https://example.invalid/demo/00955,Conquistador,Colegio Gran Bretaña,Huerta Comunitaria C3,Clínica Kenal,Mayorista 10,Colegio Bautista de Concepción,308,122,244,849,300,603,0.81,5.7,37,demo,9.5,9.3,8.7,9.3
https://example.invalid/demo/03028,,Escuela Básica y Adultos California,Plaza de Bellavista,CESFAM/ SAPU Bellavista,Acuenta,,1925,497,1224,1008,1074,,0.79,5.7,33,demo,9.5,8.2,6.2,7.5
https://example.invalid/demo/00086,Chiguayante,Escuela José Hipólito Salas y Toro,Plaza Cochrane,Cruz Roja Filial Chiguayante,Santa Isabel,,511,455,307,652,549,,0.77,5.5,31,demo,9.5,6.3,6.3,6.3
https://example.invalid/demo/01936,Lirquén,Escuela de Lenguaje San Nicolás,,UAPO,Bigger,,2658,96,52,236,67,,0.58,5.0,33,demo,9.5,5.5,5.5,5.5
https://example.invalid/demo/02265,Juan Pablo II,Colegio Santísima Trinidad,,Ex Clínica Universitaria San Pedro,Unimarc,INACAP San Pedro de la Paz,2631,980,644,1781,980,3725,0.7,2.0,37,demo,9.5,8.7,5.8,7.2
https://example.invalid/demo/03057,,Internado Municipal Bellavista,Plaza de Bellavista,CESFAM/ SAPU Bellavista,Acuenta,,1272,316,540,376,1521,,0.68,4.0,31,demo,9.5,7.8,6.5,7.0
https://example.invalid/demo/01654,Terminal de Buses Rurales Vega Techada,Escuela Particular Biobío de los Ángeles,,CESFAM Nuevo Horizonte,Supermercado Acuenta,Centro Integral de Educación Tecnológica Curamávida,4377,2024,241,2411,2977,1428,0.62,6.7,39,demo,9.5,9.5,9.5,9.5
https://example.invalid/demo/00261,Estación de buses Turbus,Colegio John F. Kennedy,Plaza Manuel Rodríguez,Cruz Roja Filial Chiguayante,Supermercado Monika,,687,427,773,622,692,,0.82,0.0,39,demo,9.5,4.2,3.7,3.8
https://example.invalid/demo/02256,Juan Pablo II,Deutsche Schule Concepción,,Ex Clínica Universitaria San Pedro,Unimarc,Instituto Profesional Virginio Gómez,2628,1316,986,1830,1371,3319,0.81,4.2,32,demo,9.5,7.5,5.0,5.8
https://example.invalid/demo/02572,,,,,,,,,,,,,0.84,7.0,37,demo,9.5,9.5,8.3,9.5
https://example.invalid/demo/01875,Estación de Buses Translota,Liceo Comercial Presidente Frei Montalva,Escudo Lota,CESFAM Lota Alto,Unimarc,,3990,128,150,734,2063,4456,0.73,8.7,33,demo,9.5,9.5,9.5,9.5
https://example.invalid/demo/01921,Lirquén,Escuela Penco,Plazoleta Miraflores,CESFAM Penco,Maro,,3305,630,671,781,746,,0.68,7.5,34,demo,9.5,9.5,9.2,9.5
https://example.invalid/demo/01781,Terminal de Buses Rurales Vega Techada,Colegio San Nicolás,,CESFAM Norte,Supermercado Acuenta,Instituto AIEP,1655,396,328,766,1197,1443,0.84,5.7,31,demo,9.5,8.3,7.2,7.5
https://example.invalid/demo/01814,Terminal Rodoviario Los Ángeles,Escuela D-934 Thomas Jefferson (ex n° 10),,CESFAM NORORIENTE Los Ángeles,Super Ganga,Hogar Universidad de Concepción,1305,453,280,962,993,1557,0.68,8.3,34,demo,9.5,9.5,9.5,9.5
https://example.invalid/demo/02025,Juan Pablo II,Escuela Luis Alberto Acevedo,,Ex Clínica Universitaria San Pedro,Santa Isabel,AIEP,1110,532,469,428,527,3271,0.57,1.7,35,demo,9.5,7.0,3.5,5.8
https://example.invalid/demo/00583,Pedro Medina,Colegio Aurora de Chile Sur,Plaza Pinares,CESFAM Pinares,Lider,,618,207,93,456,146,,0.72,8.5,40,demo,9.5,9.5,9.3,9.5
https://example.invalid/demo/00613,Pedro Medina,Colegio de Lenguaje Senderos de BioBio,,Policlínico Chiguayante,Unimarc,,587,440,602,1232,892,,0.7,5.0,30,demo,9.5,6.0,5.3,5.5
https://example.invalid/demo/00803,Terminal de Buses 63 Rengo Lientur,Escuela Irene Frei de Cid,Plaza Montriou,CESFAM Santa Sabina,SuperBodega aCuenta,Universidad San Sebastián,485,337,129,1096,1114,1232,0.73,3.2,30,demo,9.5,9.5,9.5,9.5
https://example.invalid/demo/00591,Pedro Medina,Colegio de Lenguaje Senderos de BioBio,,Cruz Roja Filial Chiguayante,Supermercado Monika,,1406,1221,1124,1518,1575,,0.84,6.8,31,demo,9.5,9.5,9.0,9.5
https://example.invalid/demo/01112,Buses Delsal,Colegio San Pedro Nolasco,,Indimed,Santa Isabel,Universidad Bolivariana,511,163,300,194,130,315,0.74,3.3,38,demo,9.5,4.8,4.3,4.8
https://example.invalid/demo/01896,Lirquén,Escuela de Lenguaje Jardin de Palabras,,CESFAM Penco,Provisiones Eugenio,,4181,453,528,1343,838,,0.82,6.5,39,demo,9.5,9.5,8.7,9.5
https://example.invalid/demo/01869,Terminal Santa Rita,Colegio Particular Marta Brunet,Plaza Pinto,Consultorio,Lider,Universidad Católica de la Santísima Concepción Los Ángeles,970,134,188,280,300,529,0.66,3.3,29,demo,9.5,3.5,3.3,3.3
https://example.invalid/demo/01424,Terminal de colectivos 21,Colegio Villa Acero,Parque Pablo de Rokha,CESFAM Talcahuano Sur,Bodega Acuenta,Universidad Técnica Federico Santa María,1262,170,115,490,744,1347,0.67,1.0,36,demo,9.5,4.8,4.8,4.8
https://example.invalid/demo/00200,Pedro Medina,Colegio de Lenguaje Senderos de BioBio,,Cruz Roja Filial Chiguayante,Super Ganga,,1211,1025,925,1401,1401,,0.69,0.0,32,demo,9.5,0.2,0.0,0.2
https://example.invalid/demo/01588,Terminal Santa Rita,Escuela Básica Diferencial Arcoiris,,CESFAM/ SAPU Paillihue,Unimarc,Instituto Santo Tomás,5388,1286,2792,3868,3462,4778,0.77,6.3,31,demo,9.5,9.5,9.5,9.5
https://example.invalid/demo/00389,Manquimávida,Colegio Madre Paulina,,CESFAM Pinares,Santa Isabel,,481,544,276,1724,1227,,0.73,8.2,30,demo,9.5,9.5,9.3,9.5
https://example.invalid/demo/02982,,Carlos Mahns Choupay,Plaza Arturo Prat,Hospital de Tomé,Acuenta,,2812,164,531,619,379,,0.69,5.5,29,demo,9.5,7.5,6.5,6.8
https://example.invalid/demo/00464,Chiguayante,Escuela José Hipólito Salas y Toro,,Cruz Roja Filial Chiguayante,Santa Isabel,,740,578,308,853,609,,0.64,7.3,33,demo,9.5,9.0,8.5,9.0
https://example.invalid/demo/02912,,Escuela de Lenguaje Campanita,Parque Villa Nuevo Tomé,Hospital de Tomé,Acuenta,,3733,450,379,1062,1524,,0.76,4.8,33,demo,9.5,8.8,6.0,6.5
https://example.invalid/demo/02744,El Arenal,Colegio Remodelación Simons,,Filial Cruz Roja Talcahuano,Lider,Instituto Profesional ESUCOMEX Talcahuano,728,514,96,1242,134,737,0.67,5.2,33,demo,9.5,9.5,8.7,9.5
https://example.invalid/demo/01081,,Escuela F-560 Luis Muñoz Burboa,Parque Metropolitano Cerro Caracol,Clínica dental: Radio Dent,Emporio Agrícola,Centro Mandala,788,448,161,870,1092,655,0.74,5.8,31,demo,9.5,9.3,9.0,9.3
https://example.invalid/demo/01153,,Colegio República del Brasil,Plaza San Juan Bosco,Hospital Traumatológico de Concepción,Colun,Instituto IPG Concepción,975,141,392,135,203,40,0.74,7.3,38,demo,9.5,9.5,9.3,9.5
https://example.invalid/demo/02973,,Escuela Básica y Adultos California,Plaza Arturo Prat,Hospital de Tomé,Acuenta,,2584,248,914,977,672,,0.57,6.2,37,demo,9.5,9.3,7.2,8.2
https://example.invalid/demo/02520,Juan Pablo II,Escuela Luis Alberto Acevedo,Plaza Lota,Ex Clínica Universitaria San Pedro,Super Gangas,Univesidad Santo Tomás Concepción,397,299,99,727,45,3170,0.68,7.2,31,demo,9.5,8.7,7.8,8.3
https://example.invalid/demo/02057,Juan Pablo II,Deutsche Schule Concepción,,Ex Clínica Universitaria San Pedro,Unimarc,Instituto Profesional Virginio Gómez,2952,1500,1072,2099,1424,3958,0.57,2.5,35,demo,9.5,4.3,4.0,4.3
https://example.invalid/demo/00951,Conquistador,Parvulario Colegio Adventista de Concepción,,Centro Medico Universidad San Sebastián,Lider Express,Universidad San Sebastián,589,180,242,443,371,603,0.73,2.2,33,demo,9.5,2.2,2.2,2.2
https://example.invalid/demo/01608,Terminal Tur Bus,Escuela de Lenguaje Pasitos,,CESFAM NORORIENTE Los Ángeles,Lider,Hogar Universidad de Concepción,647,281,96,1382,173,2246,0.66,7.7,32,demo,9.5,9.5,9.5,9.5
https://example.invalid/demo/00924,Terminal de buses Pedro de Valdivia,Colegio Concepción,Plazoleta Agua de Las Niñas,Clínica de la mujer - Sanatorio Alemán,Señora Teresa,Instituto Profesional Virginio Gómez,2175,684,659,1597,1142,2824,0.6,7.7,40,demo,9.5,9.5,9.3,9.5
https://example.invalid/demo/02646,El Arenal,Colegio Remodelación Simons,,Filial Cruz Roja Talcahuano,Lider,Universidad Católica de la Santísima Concepción Talcahuano,1214,666,252,1326,436,898,0.48,4.2,29,demo,9.5,4.7,4.5,4.5
https://example.invalid/demo/00372,Estación de buses Turbus,Liceo C.H. Obispo San Miguel,Plaza de Armas de Chiguayante,Cruz Roja Filial Chiguayante,Supermercado Mey,,1015,184,265,832,727,,0.81,7.3,31,demo,9.5,9.5,9.5,9.5
https://example.invalid/demo/00017,,,,,,,,,,,,,0.73,8.3,30,demo,9.5,9.5,9.5,9.5
https://example.invalid/demo/03076,,Escuela República De Panamá,Paseo Lisa Peters T.,CESFAM/ SAPU Bellavista,Mayorista 10,,2323,872,950,1381,913,,0.72,6.3,40,demo,9.5,9.5,9.5,9.5
https://example.invalid/demo/01846,Terminal Santa Rita,Escuela de Lenguaje Alto Los Ángeles,,CESFAM/ SAPU 2 de Septiembre,Lider Express,Inacap Los Ángeles,1791,231,363,495,254,943,0.77,5.2,30,demo,9.5,9.5,7.2,9.5
https://example.invalid/demo/02897,,Escuela República De Panamá,Plaza de Bellavista,CESFAM/ SAPU Bellavista,Acuenta,,1586,438,799,546,1129,,0.71,5.5,34,demo,9.5,9.5,7.0,9.5
https://example.invalid/demo/01239,Coronel,Liceo de Coronel A-49 Coronel Antonio Salamanca,Plaza Juan Canut de Bon,Centro kinésico Coronel,Unimarc,,661,438,410,619,498,685,0.68,6.5,37,demo,9.5,9.5,8.5,9.5
https://example.invalid/demo/00066,Chiguayante,Escuela Especial de Lenguaje Altos de Chiguayante,Plaza Manuel Rodríguez,Cruz Roja Filial Chiguayante,Supermercado Monika,,81,284,157,304,139,,0.72,1.3,36,demo,9.5,9.5,7.2,8.5
https://example.invalid/demo/00019,,,,,,,,,,,,,0.69,5.5,32,demo,9.5,9.5,8.7,9.5
https://example.invalid/demo/01370,Universidad Técnica Federico Santa María,Escuela Especial de Lenguaje Villa Hermosa,,CESFAM Talcahuano Sur,Alvi,Universidad Técnica Federico Santa María,533,473,282,1463,313,388,0.84,3.8,32,demo,9.5,5.0,4.5,5.0
https://example.invalid/demo/00879,Estación Intermodal Concepción,Colegio para Adultos Renacer,,CITSALUD,Lider,Instituto Santo Tomás,481,38,456,433,362,197,0.73,5.8,37,demo,9.5,9.5,6.5,8.5
https://example.invalid/demo/01713,Terminal de Buses Islajacoop,Escuela E-885 Pedro Ruiz Aldea,Parque Laguna Esmeralda,CESFAM Norte,Jumbo,Inacap Los Ángeles,1163,118,189,498,523,407,0.76,4.7,33,demo,9.5,8.0,6.5,6.8
https://example.invalid/demo/01851,Terminal de Buses Rurales Vega Techada,Colegio San Nicolás,,CESFAM Norte,Supermercado Acuenta,Instituto AIEP,1375,236,115,408,941,1078,0.65,3.7,34,demo,9.5,6.3,5.0,5.3
https://example.invalid/demo/02811,El Arenal,Escuela Básica Libertad E 492,,Hospital Las Higueras,Lider,Instituto Profesional ESUCOMEX Talcahuano,716,562,8,1263,226,780,0.68,3.3,31,demo,9.5,7.0,7.0,7.0
https://example.invalid/demo/00269,Pedro Medina,Colegio de Lenguaje Senderos de BioBio,,Policlínico Chiguayante,Unimarc,,933,758,785,1525,1260,,0.71,0.2,28,demo,9.5,2.5,0.2,0.2
https://example.invalid/demo/02123,Concepción,Escuela Particular Santa Catalina de Siena,,CESFAM Pedro de Valdivia (Concepción),Jumbo,Instituto Profesional Virginio Gómez,1720,1257,836,1231,1440,1648,0.76,7.2,37,demo,9.5,9.5,9.2,9.5
https://example.invalid/demo/00190,Pedro Medina,Centro de Nivelación y de Capacitación para Adultos Madre María Nys,Plaza Pedro Medina,Policlínico Chiguayante,Unimarc,,135,96,162,556,236,,0.71,4.2,35,demo,9.5,5.2,4.8,4.8
https://example.invalid/demo/02083,Estación Intermodal Concepción,Instituto Down,Áreas verdes Esmeralda,Clínica Estética Concepción,Unimarc,Instituto Profesional Virginio Gómez,743,245,170,328,46,208,0.71,3.8,42,demo,9.5,4.5,4.5,4.5
https://example.invalid/demo/00050,Pedro Medina,Colegio de Lenguaje Senderos de BioBio,,Policlínico Chiguayante,Super Ganga,,394,252,70,803,523,,0.67,3.5,33,demo,9.5,9.2,8.0,8.8
https://example.invalid/demo/01509,Terminal de buses Las Galaxias,Liceo C-41 San Juan Bautista de Hualqui,,CESFAM Hualqui,Super Bodega Acuenta,,766,311,110,444,207,,0.91,1.3,32,demo,9.5,8.7,3.8,8.0
https://example.invalid/demo/00599,Estación de buses Turbus,Colegio John F. Kennedy,,Cruz Roja Filial Chiguayante,Supermercado Monika,,1235,998,900,1193,1247,,0.74,5.0,35,demo,9.5,9.5,8.3,9.5
https://example.invalid/demo/01523,Terminal de buses Las Galaxias,Christian College,,CESFAM Hualqui,Super Bodega Acuenta,,1224,1301,1501,1583,1637,,0.71,7.7,34,demo,9.5,8.2,8.2,8.2
https://example.invalid/demo/02060,Juan Pablo II,Escuela de Lenguaje Llacolén,Plaza San Pedro Histórico,Ex Clínica Universitaria San Pedro,Santa Isabel,Univesidad Santo Tomás Concepción,939,224,258,632,432,2978,0.74,2.5,34,demo,9.5,9.2,4.0,7.8
https://example.invalid/demo/01685,Terminal Santa Rita,Escuela F-883 21 de Mayo,Plaza Costanera Paillihue Sur,CESFAM/ SAPU Paillihue,Super Pan,,2103,76,152,729,266,1644,0.59,6.2,37,demo,9.5,9.0,8.8,9.0
https://example.invalid/demo/02071,Juan Pablo II,Deutsche Schule Concepción,,Ex Clínica Universitaria San Pedro,Unimarc,Instituto Profesional Virginio Gómez,2458,1387,480,1761,1540,2805,0.64,4.3,36,demo,9.5,5.5,5.0,5.5
https://example.invalid/demo/02931,,Escuela Básica y Adultos California,Plaza Arturo Prat,Hospital de Tomé,Acuenta,,2374,273,938,1106,633,,0.69,4.8,29,demo,9.5,9.5,8.2,8.2
https://example.invalid/demo/01094,Buses Delsal,Escuela Diferencial y Centro de Atencion Temprana Libertad,Plaza Condell,Clínica Ernesto Silva B.,Andretta,Preuniversitarios Cpech,826,153,326,412,405,407,0.81,4.3,32,demo,9.5,7.0,6.7,6.8
https://example.invalid/demo/02846,El Arenal,Colegio Remodelación Simons,,Filial Cruz Roja Talcahuano,Lider,Instituto Profesional ESUCOMEX Talcahuano,948,544,254,1272,178,880,0.6,3.8,30,demo,9.5,7.0,5.7,7.0
https://example.invalid/demo/00021,,,,,,,,,,,,,0.69,8.2,32,demo,9.5,9.5,9.5,9.5
https://example.invalid/demo/01145,Conquistador,Parvulario Colegio Adventista de Concepción,,Centro Medico Universidad San Sebastián,Unimarc,Universidad San Sebastián,483,81,143,545,423,709,0.62,4.0,32,demo,9.5,8.8,7.0,7.5
https://example.invalid/demo/01779,Terminal Santa Rita,Escuela Diferencial Ángelitos,,CESFAM/ SAPU 2 de Septiembre,Lider Express,Inacap Los Ángeles,1572,228,246,394,621,524,0.69,3.5,35,demo,9.5,6.3,5.8,6.0
https://example.invalid/demo/00621,Chiguayante,Escuela José Hipólito Salas y Toro,Plaza Cochrane,Cruz Roja Filial Chiguayante,Santa Isabel,,551,334,180,740,414,,0.83,7.8,29,demo,9.5,9.2,8.5,8.8
https://example.invalid/demo/01792,Terminal de Buses Rurales Vega Techada,Escuela Especial de Lenguaje Capullos,,ACHS Salud,Tottus,Hogar Universidad de Concepción,1060,468,234,123,88,759,0.7,4.7,37,demo,9.5,9.5,9.2,9.5
https://example.invalid/demo/03056,,Escuela República De Panamá,Paseo Lisa Peters T.,CESFAM/ SAPU Bellavista,Mayorista 10,,1936,395,1151,920,869,,0.68,6.7,38,demo,9.5,9.5,9.2,9.5
https://example.invalid/demo/02228,Juan Pablo II,Escuela de Lenguaje Llacolén,Plaza Bellavista,Ex Clínica Universitaria San Pedro,Super Gangas,Univesidad Santo Tomás Concepción,841,401,172,1059,531,2684,0.73,3.2,33,demo,9.5,5.5,4.0,4.8
https://example.invalid/demo/00325,Pedro Medina,Colegio John F. Kennedy,,Cruz Roja Filial Chiguayante,Supermercado Monika,,2776,2494,2525,2692,2811,,0.78,8.5,40,demo,9.5,9.5,9.3,9.5
https://example.invalid/demo/00795,Estación Intermodal Concepción,Colegio para Adultos Renacer,Plaza España,Centro Integral del Adulto Mayor Juan Soto Fernández,Tottus,Instituto Santo Tomás,452,237,546,337,306,85,0.76,6.2,34,demo,9.5,8.5,7.8,8.0
https://example.invalid/demo/00470,Pedro Medina,Colegio de Lenguaje Senderos de BioBio,,Policlínico Chiguayante,Lider,,355,363,491,1009,527,,0.73,6.8,26,demo,9.5,9.2,8.7,8.7
https://example.invalid/demo/00609,Pedro Medina,Colegio Andrés Bello,,CESFAM Pinares,Lider,,485,374,88,494,145,,0.62,0.5,34,demo,9.5,0.5,0.5,0.5
https://example.invalid/demo/01755,Terminal Santa Rita,Escuela Especial Antu,Alameda,Centro Médico y Dental RedSalud,Jumbo,Instituto Santo Tomás,849,170,144,222,47,150,0.74,5.5,31,demo,9.5,6.7,5.8,5.8
https://example.invalid/demo/00235,Estación de buses Turbus,Colegio Concepción Chiguayante,,Cruz Roja Filial Chiguayante,Unimarc,,1632,385,357,1426,234,,0.74,7.0,35,demo,9.5,9.5,9.3,9.5
https://example.invalid/demo/01265,Estación Intermodal Coronel,Escuela Vista Hermosa,Plazoleta Altos de Coronel,Hospital San José de Coronel,Unimarc,,2070,1200,1312,1608,1639,2451,0.76,4.2,41,demo,9.5,9.5,9.3,9.5
https://example.invalid/demo/01258,Cristo Redentor,Escuela D-648 Rosita Renard,,CESFAM Carlos Pinto Fierro,pelado,Centro de Estudios e Inclusión Laboral Biocor,578,562,400,350,246,1354,0.68,3.0,28,demo,9.5,9.2,7.2,7.8
https://example.invalid/demo/01003,Buses Delsal,Colegio La Providencia,Plaza San Juan Bosco,Clínica Ernesto Silva B.,Colun,Instituto IPG Concepción,1005,146,415,233,320,223,0.66,6.8,32,demo,9.5,8.5,7.8,8.2
https://example.invalid/demo/02832,El Arenal,Colegio Remodelación Simons,Borde Costero El Morro,Filial Cruz Roja Talcahuano,Lider,Instituto Profesional ESUCOMEX Talcahuano,1532,782,464,929,981,1165,0.74,5.3,35,demo,9.5,6.5,6.3,6.3
https://example.invalid/demo/00370,Pedro Medina,Centro de Nivelación y de Capacitación para Adultos Madre María Nys,Plaza Pedro Medina,Policlínico Chiguayante,Unimarc,,33,163,263,639,336,,0.81,7.2,27,demo,9.5,9.0,7.8,8.3
https://example.invalid/demo/00987,Estación Intermodal Concepción,Jardin infantil y Sala Cuna Tirita de Papel,,Clínica Dental,Super Ganga,AIEP,456,258,267,178,210,62,0.67,7.7,39,demo,9.5,9.3,8.5,8.8
https://example.invalid/demo/00082,Estación de buses Turbus,Colegio John F. Kennedy,,Cruz Roja Filial Chiguayante,Supermercado Monika,,1200,910,1072,1112,1203,,0.73,5.0,33,demo,9.5,5.8,5.5,5.5
https://example.invalid/demo/03064,,Escuela República De Panamá,Paseo Lisa Peters T.,Hospital de Tomé,Mayorista 10,,2338,548,750,1274,537,,0.61,7.0,36,demo,9.5,8.3,8.3,8.3
https://example.invalid/demo/01113,Estación Intermodal Concepción,Instituto Down,Áreas verdes Esmeralda,Clínica dental: Radio Dent,Unimarc,Instituto Profesional Virginio Gómez,929,316,303,338,231,394,0.71,5.0,38,demo,9.5,7.5,6.3,7.3
https://example.invalid/demo/00332,Pedro Medina,Colegio de Lenguaje Senderos de BioBio,,Policlínico Chiguayante,Unimarc,,1004,846,927,1633,1311,,0.68,5.5,31,demo,9.5,7.0,6.0,6.3
https://example.invalid/demo/03065,,Escuela Mariano Egaña,,Hospital de Tomé,Unimarc,,3983,257,316,630,1331,,0.68,6.8,34,demo,9.5,9.3,8.0,8.7
https://example.invalid/demo/02280,Juan Pablo II,Escuela Luis Alberto Acevedo,,Ex Clínica Universitaria San Pedro,Verluys,Univesidad Santo Tomás Concepción,149,498,206,767,43,3387,0.76,4.5,33,demo,9.5,7.8,6.8,7.5
https://example.invalid/demo/02424,Juan Pablo II,Escuela de Lenguaje Llacolén,,Ex Clínica Universitaria San Pedro,Santa Isabel,AIEP,1696,957,522,1219,1173,2546,0.62,3.7,26,demo,9.5,6.7,6.7,6.7
https://example.invalid/demo/02881,,Escuela República De Panamá,Plaza Arturo Prat,CESFAM/ SAPU Bellavista,Acuenta,,2133,213,908,1089,585,,0.81,7.7,32,demo,9.5,8.3,8.3,8.3
https://example.invalid/demo/00425,Pedro Medina,Escuela José Hipólito Salas y Toro,Plaza Cochrane,Policlínico Chiguayante,Santa Isabel,,661,208,82,599,225,,0.74,4.5,27,demo,9.5,9.5,9.5,9.5
https://example.invalid/demo/02815,El Arenal,Jardin Infantil Barquito de Papel,,Filial Cruz Roja Talcahuano,,Instituto Profesional ESUCOMEX Talcahuano,448,75,268,872,141,283,0.59,5.7,32,demo,9.5,8.3,7.0,7.5
https://example.invalid/demo/01296,Coronel,Colegio Jorge Rojas,,Centro kinésico Coronel,SuperBodega aCuenta,,649,505,516,949,783,1837,0.86,5.8,35,demo,9.5,8.3,6.5,7.2
https://example.invalid/demo/02899,,Escuela República De Panamá,Plaza Arturo Prat,CESFAM/ SAPU Bellavista,Acuenta,,1983,197,1062,942,743,,0.71,0.2,34,demo,9.5,9.5,8.7,9.5
https://example.invalid/demo/00334,Pedro Medina,Colegio Aurora de Chile,,Policlínico Chiguayante,Unimarc,,350,198,118,470,97,,0.53,7.0,38,demo,9.5,7.7,7.5,7.7
https://example.invalid/demo/00041,Pedro Medina,Colegio de Lenguaje Senderos de BioBio,,Policlínico Chiguayante,Super Ganga,,588,435,174,937,632,,0.71,6.2,34,demo,9.5,7.7,7.0,7.7
https://example.invalid/demo/00872,Buses Delsal,Colegio Per Se,Plaza Condell,Clínica Ernesto Silva B.,Andretta,Universidad del Desarrollo,963,273,222,398,253,403,0.66,5.5,38,demo,9.5,9.3,9.0,9.2
https://example.invalid/demo/00158,Estación de buses Turbus,Colegio John F. Kennedy,,Cruz Roja Filial Chiguayante,Supermercado Monika,,819,575,793,769,828,,0.67,0.0,39,demo,9.5,6.0,4.2,6.0
https://example.invalid/demo/00661,Pedro Medina,Colegio de Lenguaje Senderos de BioBio,,Policlínico Chiguayante,Lider,,768,698,667,1437,926,,0.65,2.7,31,demo,9.5,9.5,3.7,8.7
https://example.invalid/demo/02328,Juan Pablo II,Colegio Santísima Trinidad,,Ex Clínica Universitaria San Pedro,Unimarc,INACAP San Pedro de la Paz,1903,121,139,1127,419,3037,0.68,7.8,38,demo,9.5,9.5,9.0,9.5
https://example.invalid/demo/01354,Universidad Técnica Federico Santa María,Escuela Particular Diego Portales,Paseo Marsella,CESFAM Hualpencillo,Alvi,CEDUC UCN Hualpén,852,263,253,895,510,778,0.71,5.3,35,demo,9.5,9.5,9.5,9.5
https://example.invalid/demo/01748,Terminal Santa Rita,Colegio Southern College,,CESFAM/ SAPU 2 de Septiembre,Lider Express,Inacap Los Ángeles,2090,187,36,480,762,1045,0.74,6.7,31,demo,9.5,9.5,9.5,9.5
https://example.invalid/demo/01547,Terminal de Buses Islajacoop,Liceo Técnico B-63 Juanita Fernández Solar,,CESFAM Norte,Supermercado Acuenta,Inacap Los Ángeles,1462,290,23,322,327,785,0.69,4.0,39,demo,9.5,6.5,5.0,6.2
https://example.invalid/demo/00734,,Colegio Mozart Schule,Parque Ecuador,Centro Clínico Docente en Oftalmología,Santa Isabel,Centro Mandala,259,189,340,633,782,122,0.54,7.7,35,demo,9.5,9.5,8.8,9.5
https://example.invalid/demo/01134,Conquistador,Escuela Particular Santa Emilia,,Centro Medico Universidad San Sebastián,Lider Express,Universidad San Sebastián,1057,74,32,37,297,134,0.82,3.8,34,demo,9.5,9.0,5.2,8.5
https://example.invalid/demo/02560,Unihue,Escuela Profesora Juana Salgado Parra G-609,,,,,4907,5212,,,,,0.62,7.0,29,demo,9.5,9.5,9.5,9.5
https://example.invalid/demo/00436,Pedro Medina,Escuela José Hipólito Salas y Toro,,Policlínico Chiguayante,Santa Isabel,,668,523,238,876,537,,0.72,6.8,32,demo,9.5,8.2,7.3,7.8
https://example.invalid/demo/01119,,Colegio Einstein Concepcion,Parque Ecuador,Centro Clínico Docente en Oftalmología,Santa Isabel,Departamento de Musica UdeC,109,229,214,397,541,162,0.79,1.5,29,demo,9.5,9.5,9.3,9.5
https://example.invalid/demo/01807,Terminal Santa Rita,Escuela de Lenguaje Alto Los Ángeles,,CESFAM/ SAPU 2 de Septiembre,Lider Express,Inacap Los Ángeles,1527,52,223,502,420,666,0.71,5.2,35,demo,9.5,6.3,5.5,6.0
https://example.invalid/demo/01172,Terminal de líneas a Tomé,Colegio la Inmaculada Concepción,Plaza Cruz,CITSALUD,Super Ganga,Colegio Bautista de Concepción,450,71,194,696,396,115,0.64,1.2,36,demo,9.5,3.3,3.3,3.3
https://example.invalid/demo/01775,Terminal Santa Rita,Escuela de Lenguaje Alto Los Ángeles,,Consultorio,Lider Express,Inacap Los Ángeles,1616,222,256,627,471,870,0.79,0.7,34,demo,9.5,9.5,7.3,9.5
https://example.invalid/demo/01416,Universidad Técnica Federico Santa María,Colegio Parque Central,,Clínica Mutual de Seguridad CCHC,Bodega Acuenta,Universidad Técnica Federico Santa María,902,128,83,1058,803,691,0.59,2.8,27,demo,9.5,5.8,4.5,5.3
https://example.invalid/demo/01301,Laguna Quiñenco,Escuela de Lenguaje Estoy Feliz,,CESFAM Yobilo,pelado,Centro de Estudios e Inclusión Laboral Biocor,891,146,210,658,837,2074,0.86,6.3,35,demo,9.5,9.5,7.8,9.5
https://example.invalid/demo/01772,Terminal Santa Rita,Escuela F-900 República de Alemania,,CESFAM/ SAPU 2 de Septiembre,Lider Express,Inacap Los Ángeles,2502,691,648,1017,746,1690,0.83,3.0,30,demo,9.5,9.5,3.8,9.5
https://example.invalid/demo/01715,Terminal Santa Rita,Liceo Alemán,Plaza Pinto,Consultorio,Supermercado Unico,Universidad y CFT de Los Lagos,1366,266,395,483,400,881,0.7,5.7,33,demo,9.5,7.8,6.3,6.7
https://example.invalid/demo/00870,Terminal de Buses 63 Rengo Lientur,Kingston College,,CESFAM Santa Sabina,Unimarc,Universidad de las Américas (Campus El Boldal),2281,378,101,837,168,754,0.69,6.0,39,demo,9.5,7.5,6.7,6.8
https://example.invalid/demo/00266,Pedro Medina,Colegio de Lenguaje Senderos de BioBio,Plaza Pedro Medina,Policlínico Chiguayante,Unimarc,,67,226,310,703,315,,0.72,7.3,32,demo,9.5,8.8,8.2,8.5
https://example.invalid/demo/03091,,Liceo Industrial Tomé,Plazoleta Calle Las Lilas,Hospital de Tomé,Unimarc,,3607,206,149,322,835,,0.69,8.5,42,demo,9.5,9.5,9.3,9.5
https://example.invalid/demo/02337,Juan Pablo II,Deutsche Schule Concepción,,Ex Clínica Universitaria San Pedro,Unimarc,INACAP San Pedro de la Paz,1186,288,128,326,523,3418,0.65,3.8,37,demo,9.5,7.8,4.8,6.2
https://example.invalid/demo/02847,El Arenal,Colegio Remodelación Simons,,Hospital Las Higueras,Lider,Universidad Católica de la Santísima Concepción Talcahuano,1088,639,269,1322,315,831,0.56,6.7,34,demo,9.5,9.5,9.3,9.5
https://example.invalid/demo/02237,Juan Pablo II,Escuela de Lenguaje Llacolén,,Ex Clínica Universitaria San Pedro,Santa Isabel,AIEP,1798,1054,449,1337,1283,2442,0.62,6.5,34,demo,9.5,9.5,8.8,9.3
https://example.invalid/demo/02682,Hospital Las Higueras,Colegio Remodelación Simons,,Filial Cruz Roja Talcahuano,Lider,Universidad Católica de la Santísima Concepción Talcahuano,1898,1592,1230,1859,1591,1714,0.59,5.2,32,demo,9.5,9.5,9.2,9.5
https://example.invalid/demo/02470,Juan Pablo II,Escuela de Lenguaje Llacolén,Plaza San Pedro Histórico,Ex Clínica Universitaria San Pedro,Santa Isabel,Univesidad Santo Tomás Concepción,938,211,257,657,445,2952,0.78,5.0,36,demo,9.5,8.2,6.3,7.2
https://example.invalid/demo/01625,Terminal Santa Rita,Escuela Especial CADIS,,Complejo Asistencial Doctor Víctor Ríos Ruiz,Lider,,773,176,197,47,239,342,0.62,4.0,34,demo,9.5,7.0,4.8,5.7
https://example.invalid/demo/02960,,Carlos Mahns Choupay,Plaza Arturo Prat,Hospital de Tomé,Acuenta,,2775,144,500,641,319,,0.69,6.0,35,demo,9.5,9.5,8.3,9.5
https://example.invalid/demo/00817,Terminal de líneas a Tomé,Colegio Alerce,,Centro de Salud Familiar Juan Soto Fernández,Tottus,Instituto Santo Tomás,1080,151,129,696,943,970,0.8,6.8,30,demo,9.5,9.5,9.3,9.5
https://example.invalid/demo/00402,Pedro Medina,Colegio San Patricio,,Policlínico Chiguayante,Santa Isabel,,733,60,268,234,199,,0.7,8.7,40,demo,9.5,9.5,9.5,9.5
https://example.invalid/demo/02622,Los Cóndores,Liceo Industrial Juan Antonio Ríos,Parque Antofagasta,CESFAM Paulina Avendaño Pereda,Minimercado Tatán,Universidad Católica de la Santísima Concepción Talcahuano,1158,175,434,272,700,1818,0.68,7.2,41,demo,9.5,8.7,8.7,8.7
https://example.invalid/demo/02305,Juan Pablo II,Colegio Santísima Trinidad,,Ex Clínica Universitaria San Pedro,Unimarc,INACAP San Pedro de la Paz,1605,688,448,1154,999,2319,0.61,3.8,33,demo,9.5,9.0,7.8,8.5
https://example.invalid/demo/02217,Terminal de buses Pedro de Valdivia,escuela de Arquitectura UDD,Plazoleta Agua de Las Niñas,Clínica de la mujer - Sanatorio Alemán,Señora Teresa,Instituto Profesional Virginio Gómez,1908,99,65,1124,465,2472,0.67,7.8,33,demo,9.5,9.5,9.5,9.5
https://example.invalid/demo/01517,Terminal de buses Las Galaxias,Colegio Valle de Hualqui,Parque de Juegos Villa Arboleda,CESFAM Hualqui,Super Bodega Acuenta,,351,278,410,575,396,,0.71,5.2,34,demo,9.5,6.8,6.3,6.5
https://example.invalid/demo/01065,Conquistador,Centro De Capacitación Laboral Urcae COALIVI,Huerta Comunitaria C3,Indimed,Mayorista 10,Casa Central Universidad Catolica de la Santisima Concepción,100,134,356,800,253,680,0.7,5.8,30,demo,9.5,6.7,6.0,6.3
https://example.invalid/demo/01345,Universidad Técnica Federico Santa María,Jardín Infantil Jugando Aprendo,,Sanatorio Alemán,Bodega Acuenta,Universidad Técnica Federico Santa María,1186,332,268,966,338,1017,0.64,7.0,28,demo,9.5,9.0,8.7,8.7
https://example.invalid/demo/00630,Pedro Medina,Colegio Aurora de Chile,,Policlínico Chiguayante,Unimarc,,451,244,132,452,151,,0.71,5.3,34,demo,9.5,6.3,5.5,5.7
https://example.invalid/demo/02970,,Escuela de Lenguaje Campanita,Parque Villa Nuevo Tomé,Hospital de Tomé,Acuenta,,3531,206,523,1121,1465,,0.79,8.5,33,demo,9.5,9.5,9.5,9.5
https://example.invalid/demo/02888,,Escuela Lisa Enriqueta Peter Teubner,Parque Agustín Dagnino,Hospital de Tomé,Acuenta,,3024,282,961,1145,1206,,0.85,7.8,34,demo,9.5,9.5,9.3,9.5
https://example.invalid/demo/00327,Estación de buses Turbus,Colegio John F. Kennedy,,Cruz Roja Filial Chiguayante,Supermercado Monika,,1744,1433,1542,1634,1743,,0.54,2.8,24,demo,9.5,7.3,7.2,7.2
https://example.invalid/demo/02442,Juan Pablo II,Deutsche Schule Concepción,,Ex Clínica Universitaria San Pedro,Unimarc,Instituto Profesional Virginio Gómez,1948,858,612,1215,1051,3041,0.8,2.3,30,demo,9.5,7.2,3.8,6.8
https://example.invalid/demo/01642,Terminal de Buses Rurales Vega Techada,Escuela E-927 República de Israel (ex n° 5),,CESFAM NORORIENTE Los Ángeles,Super Ganga,Hogar Universidad de Concepción,413,216,176,684,352,307,0.72,5.3,32,demo,9.5,8.0,5.8,6.3
https://example.invalid/demo/00192,Estación de buses Turbus,Colegio Pacific School,Plaza de Armas de Chiguayante,Cruz Roja Filial Chiguayante,Supermercado Mey,,1145,722,889,936,1068,,0.59,7.3,29,demo,9.5,9.5,9.5,9.5
https://example.invalid/demo/00244,Chiguayante,Colegio de Lenguaje Senderos de BioBio,,Cruz Roja Filial Chiguayante,Santa Isabel,,775,680,395,846,728,,0.69,1.2,35,demo,9.5,8.8,1.5,2.7
https://example.invalid/demo/00513,Pedro Medina,Colegio de Lenguaje Senderos de BioBio,,Policlínico Chiguayante,Unimarc,,765,593,651,1369,1092,,0.71,2.5,34,demo,9.5,4.2,2.8,3.2
https://example.invalid/demo/02177,Juan Pablo II,Colegio Santísima Trinidad,,Ex Clínica Universitaria San Pedro,Unimarc,INACAP San Pedro de la Paz,2250,431,234,1503,789,2947,0.91,7.2,32,demo,9.5,9.5,8.5,9.5
https://example.invalid/demo/02548,Juan Pablo II,Deutsche Schule Concepción,,Ex Clínica Universitaria San Pedro,Unimarc,Instituto Profesional Virginio Gómez,1949,557,505,1109,637,3534,0.78,0.2,40,demo,9.5,9.5,6.8,9.5
https://example.invalid/demo/00687,,Liceo Polivalente Experimental Lucila Godoy Alcayaga,Parque Metropolitano Cerro Caracol,Clínica dental: Radio Dent,Emporio Agrícola,Universidad de las Américas,656,528,238,477,699,636,0.57,7.7,35,demo,9.5,9.5,9.0,9.5
https://example.invalid/demo/02528,Juan Pablo II,Deutsche Schule Concepción,,Ex Clínica Universitaria San Pedro,Unimarc,Instituto Profesional Virginio Gómez,2661,1522,681,1940,1644,2898,0.7,5.0,37,demo,9.5,9.5,7.7,9.0
https://example.invalid/demo/02957,,Liceo República del Ecuador,Plaza Arturo Prat,Hospital de Tomé,Acuenta,,2977,334,708,596,635,,0.83,8.0,35,demo,9.5,8.7,8.3,8.3
https://example.invalid/demo/02994,,Liceo Industrial Tomé,,Hospital de Tomé,Unimarc,,3995,359,212,605,1299,,0.77,5.8,31,demo,9.5,8.7,6.5,7.3
https://example.invalid/demo/03031,,Carlos Mahns Choupay,Plaza Arturo Prat,Hospital de Tomé,Acuenta,,2685,184,462,717,194,,0.68,5.2,34,demo,9.5,5.7,5.2,5.2
https://example.invalid/demo/00888,Terminal de Buses Jota Ewert,Colegio la Inmaculada Concepción,,CITSALUD,Super Ganga,Colegio Bautista de Concepción,507,138,236,650,320,145,0.59,2.8,39,demo,9.5,6.3,5.3,5.5
https://example.invalid/demo/01401,Universidad Técnica Federico Santa María,Escuela Especial de Lenguaje Semillita,,Sanatorio Alemán,Bodega Acuenta,Universidad Técnica Federico Santa María,1177,254,184,957,380,991,0.61,4.2,31,demo,9.5,6.5,5.2,5.7
https://example.invalid/demo/01571,Terminal Tur Bus,Escuela de Lenguaje Pasitos,,CESFAM NORORIENTE Los Ángeles,MundoBike,Hogar Universidad de Concepción,511,188,65,1246,98,2112,0.61,6.2,28,demo,9.5,9.5,9.3,9.5
https://example.invalid/demo/01174,,Colegio San Agustín,,Indimed,Santa Isabel,Universidad Bolivariana,525,139,181,74,96,121,0.54,2.8,35,demo,9.5,3.8,3.0,3.3
https://example.invalid/demo/01358,Universidad Técnica Federico Santa María,Escuela Especial de Lenguaje Semillita,,Clínica Mutual de Seguridad CCHC,Alvi,Universidad Técnica Federico Santa María,1341,258,339,829,606,1130,0.74,0.0,35,demo,9.5,6.7,6.0,6.0
https://example.invalid/demo/01160,Terminal de Buses Jota Ewert,Escuela Parvularia Blanca Estela,Plazoleta Jaqueline Van Rysselberghe,CESFAM Tucapel,Minimarket Xiomara,Universidad San Sebastián,1007,162,389,254,418,830,0.82,4.7,33,demo,9.5,9.5,9.5,9.5
https://example.invalid/demo/02656,Los Cóndores,Colegio Claudio Matte Pérez,Parque Antofagasta,CESFAM Paulina Avendaño Pereda,Minimercado Tatán,Universidad Católica de la Santísima Concepción Talcahuano,2178,897,934,1486,1933,2630,0.61,7.7,36,demo,9.5,9.5,9.5,9.5
https://example.invalid/demo/00330,Pedro Medina,Colegio de Lenguaje Senderos de BioBio,,Policlínico Chiguayante,Unimarc,,183,83,393,836,512,,0.69,3.8,32,demo,9.5,7.0,6.2,6.7
https://example.invalid/demo/00353,Estación de buses Turbus,Colegio Concepción Chiguayante,,Cruz Roja Filial Chiguayante,Unimarc,,2386,1227,1054,2145,1444,,0.63,8.0,30,demo,9.5,9.5,9.5,9.5
https://example.invalid/demo/00544,Estación de buses Turbus,Colegio John F. Kennedy,Plaza de Armas de Chiguayante,Cruz Roja Filial Chiguayante,Supermercado Monika,,1453,1100,1328,1280,1436,,0.75,9.0,28,demo,9.5,9.5,9.5,9.5
https://example.invalid/demo/01459,Universidad Técnica Federico Santa María,Colegio Adventista,,CESFAM Talcahuano Sur,Alvi,Universidad Técnica Federico Santa María,1025,163,147,905,511,932,0.66,2.5,32,demo,9.5,7.2,5.2,6.0
https://example.invalid/demo/02013,Juan Pablo II,Deutsche Schule Concepción,,Ex Clínica Universitaria San Pedro,Unimarc,Instituto Profesional Virginio Gómez,2340,1236,507,1624,1388,2904,0.67,1.3,39,demo,9.5,6.7,4.5,6.7
https://example.invalid/demo/02171,Juan Pablo II,Colegio Santísima Trinidad,,Ex Clínica Universitaria San Pedro,Unimarc,INACAP San Pedro de la Paz,2529,842,567,1688,879,3586,0.75,4.3,32,demo,9.5,6.3,5.0,5.5
https://example.invalid/demo/00988,Terminal de Buses 63 Rengo Lientur,Colegio Técnico Profesional Los Acacios,,Centro Medico Universidad San Sebastián,Minimarket Xiomara,Universidad San Sebastián,933,98,149,250,276,160,0.62,6.2,34,demo,9.5,8.0,7.7,8.0
https://example.invalid/demo/02481,Juan Pablo II,Colegio El Arrayán,Plaza Pedro Lira,Ex Clínica Universitaria San Pedro,Santa Isabel,INACAP San Pedro de la Paz,712,244,316,162,231,3358,0.66,7.3,29,demo,9.5,9.5,8.7,9.5
https://example.invalid/demo/00759,Terminal de buses Pedro de Valdivia,After School,,Clínica de la mujer - Sanatorio Alemán,Señora Teresa,Centro Mandala,1147,1411,1610,2538,1821,2857,0.85,8.7,33,demo,9.5,9.5,9.5,9.5
https://example.invalid/demo/00533,Pedro Medina,Colegio de Lenguaje Senderos de BioBio,,Policlínico Chiguayante,Super Ganga,,743,563,579,1319,1053,,0.71,0.0,35,demo,9.5,6.5,6.2,6.2
https://example.invalid/demo/00352,Pedro Medina,Colegio John F. Kennedy,,Cruz Roja Filial Chiguayante,Supermercado Monika,,1586,1374,1290,1575,1653,,0.81,5.3,32,demo,9.5,9.5,9.2,9.5
https://example.invalid/demo/02864,El Arenal,Escuela Básica Libertad E 492,,CESFAM San Vicente,Unimarc,Instituto Profesional ESUCOMEX Talcahuano,678,500,33,1056,811,1046,0.85,5.8,39,demo,9.5,9.5,8.7,9.5
https://example.invalid/demo/01920,Lirquén,Escuela Penco,,CESFAM Penco,Gabito,,3706,385,622,889,643,,0.74,5.2,34,demo,9.5,7.2,5.8,6.7
https://example.invalid/demo/01325,Lorenzo Arenas,Escuela Especial de Lenguaje Semillita,,Centro Médico Andes Salud Concepción,Alvi,Escuela de Suboficiales de Carabineros - Grupo Concepción,1367,532,418,594,608,1337,0.82,7.2,33,demo,9.5,8.3,7.7,8.3
https://example.invalid/demo/01388,Universidad Técnica Federico Santa María,Colegio Parque Central,,CESFAM Talcahuano Sur,Alvi,Universidad Técnica Federico Santa María,656,529,306,1399,398,494,0.82,3.3,34,demo,9.5,5.7,4.0,5.3
https://example.invalid/demo/00465,Pedro Medina,Colegio de Lenguaje Senderos de BioBio,,Policlínico Chiguayante,Unimarc,,685,510,569,1283,1015,,0.73,0.0,33,demo,9.5,7.7,5.7,7.3
https://example.invalid/demo/01881,,,,,,,,,,,,,0.7,8.2,43,demo,9.5,9.5,9.0,9.5
https://example.invalid/demo/02130,Juan Pablo II,Escuela de Lenguaje Llacolén,Plaza Lota,Ex Clínica Universitaria San Pedro,Super Gangas,Univesidad Santo Tomás Concepción,608,499,442,1056,383,2886,0.7,7.2,30,demo,9.5,8.2,7.8,8.2
https://example.invalid/demo/00751,Terminal de Buses Jota Ewert,Escuela Especial de Lenguaje Pequeños Amigos,Bandejón central Manuel Rodriguez,CESFAM Tucapel,Unimarc,Colegio Bautista de Concepción,248,173,122,1049,561,554,0.78,6.0,32,demo,9.5,7.3,6.7,6.8
https://example.invalid/demo/01965,Lirquén,Escuela de Lenguaje San Nicolás,,Centro de diálisis Nephrocare,Maro,,2697,135,264,29,127,,0.57,7.5,28,demo,9.5,9.5,9.2,9.5
https://example.invalid/demo/02719,Hospital Las Higueras,Liceo La Asunción,,Hospital Las Higueras,Supermercado Ganga,Universidad Católica de la Santísima Concepción Talcahuano,822,452,214,245,879,899,0.68,6.8,34,demo,9.5,8.0,7.0,7.3
https://example.invalid/demo/02673,Hospital Las Higueras,Escuela Básica Libertad E 492,,Hospital Las Higueras,Supermercado Ganga,Universidad Católica de la Santísima Concepción Talcahuano,918,213,148,553,781,699,0.74,8.0,34,demo,9.5,9.2,9.2,9.2
https://example.invalid/demo/02644,El Arenal,Colegio Remodelación Simons,Plaza El Morro,Filial Cruz Roja Talcahuano,Lider,Instituto Profesional ESUCOMEX Talcahuano,1057,350,23,938,423,793,0.74,0.0,35,demo,9.5,7.7,7.0,7.2
https://example.invalid/demo/02534,Juan Pablo II,Colegio Santísima Trinidad,,Ex Clínica Universitaria San Pedro,Unimarc,INACAP San Pedro de la Paz,1885,260,127,1072,295,3195,0.74,2.0,34,demo,9.5,6.2,5.0,5.7
https://example.invalid/demo/03032,,Escuela República De Panamá,Plaza de Bellavista,CESFAM/ SAPU Bellavista,Acuenta,,1892,340,1112,866,879,,0.68,6.3,37,demo,9.5,8.3,7.5,7.8
https://example.invalid/demo/01696,Terminal de Buses Islajacoop,Escuela D-868 General Bernardo O'Higgins (ex n° 1),Plaza Libertador Bernardo O'Higgins,Hospital Mutual de Seguridad de Los Ángeles ACHS,Unimarc,Instituto AIEP,365,239,487,394,47,345,0.81,4.5,27,demo,9.5,7.7,6.5,6.8
https://example.invalid/demo/02397,Juan Pablo II,Escuela de Lenguaje Llacolén,Plaza Bellavista,Ex Clínica Universitaria San Pedro,Santa Isabel,Univesidad Santo Tomás Concepción,1140,394,393,875,681,2742,0.82,5.2,33,demo,9.5,6.2,5.7,5.8
https://example.invalid/demo/01053,Buses Delsal,Colegio San Pedro Nolasco,Plaza de la Independencia,Indimed,Santa Isabel,Casa Central Universidad Catolica de la Santisima Concepción,298,109,377,398,184,427,0.71,1.5,34,demo,9.5,6.5,2.0,3.2
https://example.invalid/demo/01016,Terminal de Buses Jota Ewert,Colegio la Inmaculada Concepción,Plaza Cruz,CITSALUD,Super Ganga,Colegio Bautista de Concepción,312,141,139,847,470,296,0.79,1.5,33,demo,9.5,4.7,4.3,4.3
https://example.invalid/demo/01750,Terminal Santa Rita,Liceo Comercial B-64 Diego Portales Palazuelos,Plaza Población Hospital,Complejo Asistencial Doctor Víctor Ríos Ruiz,Lider,,662,155,70,139,303,186,0.67,6.0,36,demo,9.5,9.3,6.7,7.7
https://example.invalid/demo/00411,Pedro Medina,Colegio de Lenguaje Senderos de BioBio,,Policlínico Chiguayante,Lider,,1794,1676,1411,2462,1981,,0.71,7.2,35,demo,9.5,9.5,9.3,9.5
https://example.invalid/demo/01515,Terminal de buses Las Galaxias,Christian College,Parque de Juegos Villa Arboleda,CESFAM Hualqui,Unimarc,,577,148,441,347,383,,0.88,6.2,25,demo,9.5,8.7,6.7,7.5
https://example.invalid/demo/02837,El Arenal,Colegio Remodelación Simons,,Filial Cruz Roja Talcahuano,Lider,Instituto Profesional ESUCOMEX Talcahuano,787,476,177,1210,65,749,0.68,3.8,34,demo,9.5,9.5,6.5,9.5
https://example.invalid/demo/01106,Buses Delsal,Escuela Diferencial y Centro de Atencion Temprana Libertad,Plaza Condell,Clínica Ernesto Silva B.,Andretta,Preuniversitarios Cpech,797,105,360,435,443,361,0.93,5.7,28,demo,9.5,6.5,5.7,6.0
https://example.invalid/demo/01947,Lirquén,Colegio El Refugio,Plaza Los Conquistadores,UAPO,Provisiones Eugenio,,3384,88,380,564,34,,0.82,5.7,34,demo,9.5,8.0,6.0,7.2
https://example.invalid/demo/00669,Pedro Medina,Colegio de Lenguaje Senderos de BioBio,,Cruz Roja Filial Chiguayante,Santa Isabel,,735,570,332,1007,773,,0.76,1.3,37,demo,9.5,4.2,2.5,2.8
https://example.invalid/demo/02766,Hospital Las Higueras,Escuela Leonor Mascayano,,Hospital Las Higueras,Supermercado Ganga,Universidad Católica de la Santísima Concepción Talcahuano,377,159,355,528,195,135,0.68,1.2,31,demo,9.5,5.2,2.5,4.7
https://example.invalid/demo/01485,Universidad Técnica Federico Santa María,Centro Integral Los Aromos,,Clínica Mutual de Seguridad CCHC,Jumbo,INACAP Concepción / Talcahuano,968,701,716,1078,846,332,0.6,8.8,30,demo,9.5,9.5,9.5,9.5
https://example.invalid/demo/00095,Pedro Medina,Colegio de Lenguaje Senderos de BioBio,,Cruz Roja Filial Chiguayante,Unimarc,,1570,1406,1443,2091,1878,,0.58,8.3,33,demo,9.5,9.5,9.0,9.5
https://example.invalid/demo/00002,,,,,,,,,,,,,0.93,5.3,28,demo,9.5,7.5,5.7,6.0
https://example.invalid/demo/01447,Universidad Técnica Federico Santa María,Centro Integral Los Aromos,,Clínica Mutual de Seguridad CCHC,Jumbo,INACAP Concepción / Talcahuano,973,702,651,1005,788,420,0.72,8.2,36,demo,9.5,9.5,9.2,9.5
https://example.invalid/demo/00367,Pedro Medina,Colegio de Lenguaje Senderos de BioBio,,Cruz Roja Filial Chiguayante,Super Ganga,,1713,1542,1545,2091,2029,,0.69,8.2,35,demo,9.5,9.5,9.5,9.5
https://example.invalid/demo/00404,Pedro Medina,Colegio de Lenguaje Senderos de BioBio,,Cruz Roja Filial Chiguayante,Supermercado Monika,,2381,2206,2180,2535,2624,,0.67,7.0,39,demo,9.5,8.7,7.8,8.2
https://example.invalid/demo/02789,El Arenal,Jardin Infantil Barquito de Papel,,CESFAM San Vicente,,Instituto Profesional ESUCOMEX Talcahuano,370,304,56,986,333,487,0.7,6.8,33,demo,9.5,9.5,9.2,9.5
https://example.invalid/demo/01273,Estación Intermodal Coronel,Escuela Diferencial Rayito de Sol,PLaza de Juegos Renacer,Hospital San José de Coronel,Farmacía naturista: rancho doña Graciela,,2198,666,411,1284,1366,1057,0.71,5.8,34,demo,9.5,8.7,8.0,8.3
https://example.invalid/demo/03145,,Liceo República del Ecuador,Plaza Arturo Prat,Hospital de Tomé,Acuenta,,3151,41,421,266,534,,0.75,6.0,28,demo,9.5,8.7,6.8,7.2
https://example.invalid/demo/00974,Terminal de Buses Jota Ewert,Escuela Especial de Lenguaje Pequeños Amigos,Huerta Comunitaria C3,Clínica Kenal,Alvi,Colegio Bautista de Concepción,384,45,259,864,408,432,0.75,5.8,32,demo,9.5,9.2,9.0,9.2
https://example.invalid/demo/00469,Pedro Medina,Colegio de Lenguaje Senderos de BioBio,,Policlínico Chiguayante,Santa Isabel,,572,457,145,808,495,,0.73,2.2,30,demo,9.5,4.8,2.5,3.0
https://example.invalid/demo/02272,Juan Pablo II,Escuela Miguel José Zañartu Santa María E-653,Plaza Las Encinas,Ex Clínica Universitaria San Pedro,Unimarc,INACAP San Pedro de la Paz,1215,418,226,477,497,3022,0.76,6.2,34,demo,9.5,9.2,7.7,8.8
https://example.invalid/demo/02335,Juan Pablo II,Colegio El Arrayán,,Ex Clínica Universitaria San Pedro,Santa Isabel,INACAP San Pedro de la Paz,807,195,306,58,354,3295,0.82,6.5,33,demo,9.5,8.5,6.8,8.0
https://example.invalid/demo/00472,Estación de buses Turbus,Colegio John F. Kennedy,Plaza Cochrane,Cruz Roja Filial Chiguayante,Supermercado Monika,,664,427,745,616,672,,0.82,2.2,33,demo,9.5,3.7,2.2,3.3
https://example.invalid/demo/02952,,Escuela Margarita Naseau,Paseo Lisa Peters T.,Hospital de Tomé,Unimarc,,3247,228,242,921,692,,0.74,7.5,31,demo,9.5,9.5,8.5,9.5
https://example.invalid/demo/00749,,Colegio La Providencia,Plaza Perú,Hospital Traumatológico de Concepción,Colun,Instituto IPG Concepción,899,40,433,236,368,143,0.72,3.0,29,demo,9.5,7.7,6.8,7.3
https://example.invalid/demo/03059,,Escuela Básica y Adultos California,Plaza de Bellavista,CESFAM/ SAPU Bellavista,Acuenta,,2039,585,1438,1268,1386,,0.76,8.2,33,demo,9.5,9.5,9.3,9.5
https://example.invalid/demo/02918,,Escuela Margarita Naseau,Paseo Lisa Peters T.,Hospital de Tomé,Mayorista 10,,2719,599,528,1258,662,,0.71,6.0,28,demo,9.5,9.5,8.3,9.5
https://example.invalid/demo/01970,Lirquén,Escuela Penco,,CESFAM Penco,Gabito,,3272,143,101,404,152,,0.76,3.7,33,demo,9.5,6.5,4.5,5.8
https://example.invalid/demo/01255,Estación Intermodal Coronel,Escuela Diferencial Rayito de Sol,,Hospital San José de Coronel,Unimarc,,2517,1007,544,1219,1551,1624,0.77,8.3,30,demo,9.5,9.5,9.3,9.5
https://example.invalid/demo/02262,Juan Pablo II,Colegio El Arrayán,,Ex Clínica Universitaria San Pedro,Santa Isabel,INACAP San Pedro de la Paz,1009,339,107,151,529,3317,0.86,2.5,37,demo,9.5,7.3,3.2,5.0
https://example.invalid/demo/01803,Terminal Santa Rita,Escuela de Lenguaje Palabras Magicas,Parque Central Avenida Vicuña Mackenna,Consultorio,Supermercado Unico,Instituto Santo Tomás,1618,310,230,657,182,1049,0.76,5.3,33,demo,9.5,6.3,5.5,5.5
https://example.invalid/demo/02223,Concepción,Escuela de Lenguaje Llacolén,,Centro de Salud Familiar Juan Soto Fernández,Santa Isabel,AIEP,1731,1216,953,1495,1542,1910,0.71,3.5,31,demo,9.5,6.3,6.2,6.2
https://example.invalid/demo/00489,Estación de buses Turbus,Colegio John F. Kennedy,,Cruz Roja Filial Chiguayante,Supermercado Monika,,1434,1115,1349,1314,1430,,0.81,5.2,32,demo,9.5,9.5,9.3,9.5
https://example.invalid/demo/03014,,Escuela Básica y Adultos California,Plaza Arturo Prat,Hospital de Tomé,Acuenta,,2417,65,1211,1273,941,,0.58,6.8,36,demo,9.5,9.5,9.0,9.5
https://example.invalid/demo/00637,Pedro Medina,Colegio de Lenguaje Senderos de BioBio,,Policlínico Chiguayante,Super Ganga,,527,404,93,812,505,,0.7,2.5,30,demo,9.5,4.2,3.5,3.8
https://example.invalid/demo/00736,Terminal de Buses Jota Ewert,Colegio Malvina Romero Vidal,Bandejón central Manuel Rodriguez,CESFAM Tucapel,Unimarc,Colegio Bautista de Concepción,486,156,57,780,282,855,0.49,5.7,37,demo,9.5,7.3,6.5,6.8
https://example.invalid/demo/02141,Diagonal Biobío,Liceo Mauricio Hochschild del CEAT,,CESFAM San Pedro de La Paz,Ok Market,INACAP San Pedro de la Paz,1226,438,151,1509,343,1688,0.74,8.2,42,demo,9.5,9.5,9.5,9.5
https://example.invalid/demo/01532,Terminal de buses Las Galaxias,Colegio Valle de Hualqui,,CESFAM Hualqui,Super Bodega Acuenta,,1395,1601,1587,2044,1930,,0.74,6.7,39,demo,9.5,9.5,9.5,9.5
https://example.invalid/demo/01263,Estación Intermodal Coronel,Escuela Vista Hermosa,Plazoleta Altos de Coronel,Hospital San José de Coronel,Unimarc,,1667,768,817,1122,1144,1955,0.64,5.5,33,demo,9.5,6.0,5.8,6.0
https://example.invalid/demo/02939,,Liceo Vicente Alberto Palacios Valdés,Plazoleta Calle Las Lilas,Hospital de Tomé,Unimarc,,3438,40,91,148,687,,0.72,5.8,36,demo,9.5,7.7,6.3,6.8
https://example.invalid/demo/01826,Terminal Santa Rita,Centro de Atención Infantil Tamborín,,Consultorio,Supermercado Unico,Universidad y CFT de Los Lagos,1406,241,384,536,365,932,0.7,6.0,30,demo,9.5,7.3,6.7,7.2
https://example.invalid/demo/00767,Concepción,Escuela Óscar Castro Zúñiga,Parque Bicentenario,Integramédica,Lider,Univesidad Santo Tomás Concepción,83,171,265,237,116,317,0.7,1.5,37,demo,9.5,9.0,8.2,9.0
https://example.invalid/demo/00971,,Escuela F-560 Luis Muñoz Burboa,Parque Metropolitano Cerro Caracol,Clínica dental: Radio Dent,Supermercado Versluys,Centro Mandala,569,275,205,811,1019,436,0.68,2.0,34,demo,9.5,9.5,4.7,9.5
https://example.invalid/demo/01280,Estación Intermodal Coronel,Jardín Infantil Emanuel,Plazotela Carvallo,Centro kinésico Coronel,Santa Isabel,,379,295,136,182,203,1093,0.56,5.7,32,demo,9.5,5.8,5.8,5.8
https://example.invalid/demo/01110,Buses Delsal,Colegio San Pedro Nolasco,Plaza de la Independencia,Indimed,Santa Isabel,Casa Central Universidad Catolica de la Santisima Concepción,273,104,408,421,214,455,0.62,2.2,32,demo,9.5,3.8,2.3,2.7
https://example.invalid/demo/00525,Pedro Medina,Colegio de Lenguaje Senderos de BioBio,,CESFAM Pinares,Lider,,1101,1027,708,1722,1220,,0.86,7.7,29,demo,9.5,9.5,9.0,9.5
https://example.invalid/demo/02463,Juan Pablo II,Colegio El Arrayán,Plaza Las Encinas,Ex Clínica Universitaria San Pedro,Santa Isabel,INACAP San Pedro de la Paz,982,262,141,200,573,3177,0.78,4.2,36,demo,9.5,8.3,7.5,7.8
https://example.invalid/demo/01607,Terminal Rodoviario Los Ángeles,Colegio Teresiano Los Ángeles,,CESFAM Nuevo Horizonte,Supermercado Acuenta,Centro Integral de Educación Tecnológica Curamávida,5094,3139,2035,4396,4619,3130,0.72,7.3,32,demo,9.5,9.5,9.2,9.5
https://example.invalid/demo/00732,Lorenzo Arenas,Colegio Santa Luisa,Plaza Andres Lamas,Centro Integral para el Adulto Mayor Lorenzo Arenas,Santa Isabel,Escuela de Suboficiales de Carabineros - Grupo Concepción,844,267,225,581,829,1561,0.72,1.5,29,demo,9.5,9.5,5.2,9.5
https://example.invalid/demo/00294,Pedro Medina,Colegio de Lenguaje Senderos de BioBio,,Policlínico Chiguayante,Lider,,561,514,564,1226,726,,0.69,5.5,35,demo,9.5,7.2,6.0,6.3
https://example.invalid/demo/01363,Terminal de colectivos 21,Escuela de Lenguaje Peumayen,Plazoleta Perla del BioBio,CESFAM Talcahuano Sur,Supermercado: Victor Hugo,CEDUC UCN Hualpén,712,143,228,853,347,1531,0.76,7.8,37,demo,9.5,9.5,9.2,9.5
https://example.invalid/demo/03025,,Carlos Mahns Choupay,Plaza Arturo Prat,Hospital de Tomé,Acuenta,,2903,425,885,782,761,,0.75,6.5,36,demo,9.5,8.3,8.0,8.3
https://example.invalid/demo/00333,Estación de buses Turbus,Colegio John F. Kennedy,,Cruz Roja Filial Chiguayante,Supermercado Monika,,1628,1292,1596,1486,1619,,0.51,4.0,35,demo,9.5,8.8,4.7,8.2
https://example.invalid/demo/02045,Lorenzo Arenas,Liceo Polivalente Lorenzo Arenas Olivo,,Centro Integral para el Adulto Mayor Lorenzo Arenas,Jumbo,Instituto Santo Tomás,1745,1041,794,1458,1246,2326,0.55,7.5,29,demo,9.5,9.5,9.5,9.5
https://example.invalid/demo/01154,Concepción,Colegio Alonso de Ercilla,Áreas verdes Esmeralda,CESFAM Pedro de Valdivia (Concepción),Super Ganga,Instituto Profesional Virginio Gómez,998,235,309,414,371,513,0.68,7.5,41,demo,9.5,9.5,8.8,9.3
https://example.invalid/demo/00169,Estación de buses Turbus,Colegio John F. Kennedy,Plaza de Armas de Chiguayante,Cruz Roja Filial Chiguayante,Supermercado Mey,,682,328,670,480,632,,0.71,7.7,28,demo,9.5,9.5,9.2,9.5
https://example.invalid/demo/02851,Hospital Las Higueras,Colegio Remodelación Simons,,Filial Cruz Roja Talcahuano,Lider,Universidad Católica de la Santísima Concepción Talcahuano,1340,767,375,1333,641,1027,0.62,7.7,32,demo,9.5,8.2,7.7,7.7
https://example.invalid/demo/01526,Terminal de buses Las Galaxias,Escuela Los Libertadores de Hualqui,,CESFAM Hualqui,Almacén Lincanray,,1559,756,277,1011,828,,0.83,8.7,30,demo,9.5,9.5,9.5,9.5
https://example.invalid/demo/01368,Lorenzo Arenas,Escuela Diferencial Bao Bab,,Sanatorio Alemán,Olimpia,Escuela de Suboficiales de Carabineros - Grupo Concepción,1269,388,225,338,407,1784,0.69,5.2,36,demo,9.5,9.5,8.7,9.5
https://example.invalid/demo/00061,Manquimávida,Colegio Madre Paulina,,CESFAM Pinares,Lider,,1050,1140,675,1857,1416,,0.66,6.5,29,demo,9.5,9.5,9.2,9.5
https://example.invalid/demo/00899,Concepción,Escuela de Lenguaje Palabritas,Parque Costanera,Centro de Salud Familiar Juan Soto Fernández,Tottus,Univesidad Santo Tomás Concepción,762,676,365,480,641,930,0.79,6.3,34,demo,9.5,9.5,9.5,9.5
https://example.invalid/demo/01543,Terminal Rodoviario Los Ángeles,Escuela D-934 Thomas Jefferson (ex n° 10),,CESFAM NORORIENTE Los Ángeles,Super Ganga,Instituto AIEP,1374,512,307,1024,1019,1555,0.78,4.2,32,demo,9.5,9.0,6.2,8.5
https://example.invalid/demo/01247,Estación Intermodal Coronel,Escuela Vista Hermosa,Plazoleta Altos de Coronel,Hospital San José de Coronel,Unimarc,,1744,953,983,1304,1304,2117,0.58,8.0,33,demo,9.5,9.5,9.5,9.5
https://example.invalid/demo/02953,,Escuela Margarita Naseau,Paseo Lisa Peters T.,Hospital de Tomé,Mayorista 10,,2893,664,608,1378,869,,0.59,8.0,34,demo,9.5,9.5,9.3,9.5
https://example.invalid/demo/00755,Terminal de Buses 63 Rengo Lientur,Escuela Particular Santa Emilia,,Centro Medico Universidad San Sebastián,Mayorista Super Ganga,Universidad San Sebastián,1040,30,59,77,334,95,0.74,7.7,34,demo,9.5,9.5,8.2,9.5
https://example.invalid/demo/01538,Terminal Santa Rita,Escuela Básica Diferencial Arcoiris,,CESFAM/ SAPU Paillihue,Unimarc,Instituto Santo Tomás,4735,706,2142,3195,2787,4148,0.69,7.8,29,demo,9.5,9.5,9.5,9.5
https://example.invalid/demo/01830,Terminal de Buses Rurales Vega Techada,Escuela E-927 República de Israel (ex n° 5),,CESFAM NORORIENTE Los Ángeles,Super Ganga,Hogar Universidad de Concepción,365,274,143,701,275,333,0.76,6.5,34,demo,9.5,9.3,7.3,8.5
https://example.invalid/demo/02104,Concepción,Colegio Alerce,,Centro de Salud Familiar Juan Soto Fernández,Tottus,Instituto Santo Tomás,1648,961,798,1141,1429,1617,0.7,7.0,33,demo,9.5,9.5,8.2,9.5
https://example.invalid/demo/01158,Estación Intermodal Concepción,Colegio Carmela Romero de Espinosa,Plaza España,CITSALUD,Lider,Instituto Profesional Valle Central,308,109,226,193,233,243,0.66,3.5,35,demo,9.5,7.7,4.0,4.3
https://example.invalid/demo/02919,,Escuela Margarita Naseau,Paseo Lisa Peters T.,Hospital de Tomé,Unimarc,,2892,280,205,910,403,,0.7,5.2,33,demo,9.5,8.7,6.3,7.5
https://example.invalid/demo/02771,Hospital Las Higueras,Escuela Santa Clara,,Instituto de Seguridad del Trabajo de Talcahuano,Supermercado Ganga,Universidad Católica de la Santísima Concepción Talcahuano,1534,1221,893,1874,1411,1394,0.67,1.7,36,demo,9.5,9.5,8.8,9.5
https://example.invalid/demo/01306,,,,,,,,,,,,,0.73,5.0,33,demo,9.5,9.5,8.2,9.5
https://example.invalid/demo/02597,Hospital Las Higueras,Escuela de Lenguaje Santa Catalina,,Hospital Las Higueras,Supermercado Ganga,Universidad Católica de la Santísima Concepción Talcahuano,619,61,181,469,463,381,0.75,4.5,32,demo,9.5,7.5,6.5,7.0
https://example.invalid/demo/02626,Hospital Las Higueras,Escuela Santa Clara,,Instituto de Seguridad del Trabajo de Talcahuano,Supermercado Ganga,Universidad Católica de la Santísima Concepción Talcahuano,2242,1676,1263,2375,2167,2174,0.81,6.5,27,demo,9.5,9.5,9.5,9.5
https://example.invalid/demo/01641,Terminal Santa Rita,Colegio Aliwen,Plaza Los Notros,ACHS Salud,Unimarc,,851,375,332,363,292,492,0.81,5.7,36,demo,9.5,7.5,6.7,7.2
https://example.invalid/demo/01472,Universidad Técnica Federico Santa María,Colegio Adventista,,CESFAM Talcahuano Sur,Alvi,Universidad Técnica Federico Santa María,863,109,3,1042,326,801,0.8,4.8,25,demo,9.5,7.7,5.8,6.7
https://example.invalid/demo/03002,,Liceo República del Ecuador,"Plaza Inclusiva ""Samuel Muñoz""",Hospital de Tomé,Acuenta,,3288,317,507,396,803,,0.76,6.3,34,demo,9.5,8.0,7.7,8.0
https://example.invalid/demo/00832,Terminal de Buses Collao,Liceo Técnico Profesional La Araucana,,Clínica del Sur,El Mesón,Universidad del Bío-Bío,1023,844,599,1200,1351,1996,0.75,7.5,36,demo,9.5,9.5,9.5,9.5
https://example.invalid/demo/01430,Universidad Técnica Federico Santa María,Escuela Especial de Lenguaje Semillita,,Sanatorio Alemán,Bodega Acuenta,Universidad Técnica Federico Santa María,914,261,114,1221,639,725,0.82,4.3,33,demo,9.5,6.5,5.3,6.0
https://example.invalid/demo/01916,Lirquén,Escuela de Lenguaje Alcazar,Parque Mirador Los Pinos,UAPO,Unimarc,,2415,301,429,469,496,,0.67,5.5,39,demo,9.5,7.5,6.3,6.8
https://example.invalid/demo/01649,Terminal Santa Rita,Escuela E-922 Arturo Alessandri Palma,,CESFAM Villa los Ríos,,,3221,101,61,156,1224,2707,0.65,6.5,34,demo,9.5,9.5,9.3,9.5
https://example.invalid/demo/01396,Terminal de colectivos 21,,,CESFAM Talcahuano Sur,Alvi,Universidad Técnica Federico Santa María,1241,284,94,575,789,1261,0.74,5.3,39,demo,9.5,8.3,8.3,8.3
https://example.invalid/demo/03017,,Escuela Básica y Adultos California,Plaza de Bellavista,CESFAM/ SAPU Bellavista,Acuenta,,2047,382,1356,1144,1063,,0.81,6.3,27,demo,9.5,6.8,6.7,6.8
https://example.invalid/demo/02714,El Arenal,,Borde Costero El Morro,Filial Cruz Roja Talcahuano,Lider,Instituto Profesional ESUCOMEX Talcahuano,1702,929,654,939,1206,1305,0.63,6.5,35,demo,9.5,9.5,8.7,9.5
https://example.invalid/demo/00290,Pedro Medina,Colegio Aurora de Chile Sur,,CESFAM Pinares,Lider,,476,450,235,852,338,,0.69,5.8,32,demo,9.5,9.5,7.2,7.8
https://example.invalid/demo/01839,Terminal Santa Rita,Liceo Bicentenario A-59 Los Ángeles,Plaza Población Hospital,Complejo Asistencial Doctor Víctor Ríos Ruiz,Lider,,817,227,153,65,347,335,0.66,4.8,35,demo,9.5,7.7,5.5,6.3
https://example.invalid/demo/02942,,Liceo Vicente Alberto Palacios Valdés,Plazoleta Calle Las Lilas,Hospital de Tomé,Unimarc,,3385,40,85,189,625,,0.67,6.2,36,demo,9.5,8.5,8.5,8.5
https://example.invalid/demo/02777,El Arenal,Colegio Remodelación Simons,,Filial Cruz Roja Talcahuano,Lider,Instituto Profesional ESUCOMEX Talcahuano,920,390,117,1105,173,773,0.6,5.3,35,demo,9.5,6.7,5.8,6.2
https://example.invalid/demo/01337,Los Cóndores,Colegio Adventista de Talcahuano,,CESFAM Paulina Avendaño Pereda,,Universidad Andrés Bello Concepción,1098,539,216,2187,159,1878,0.62,8.7,32,demo,9.5,9.5,9.5,9.5
https://example.invalid/demo/01256,Coronel,Colegio Jorge Rojas,Plaza Estación intermodal Coronel,Centro kinésico Coronel,Santa Isabel,,570,240,521,767,686,1719,0.7,2.0,33,demo,9.5,4.8,2.2,2.8
https://example.invalid/demo/00001,,,,,,,,,,,,,0.76,7.8,37,demo,9.5,9.5,9.0,9.5
https://example.invalid/demo/01513,Terminal de buses Las Galaxias,Christian College,Plaza Hualqui,CESFAM Hualqui,Unimarc,,768,98,310,201,282,,0.76,1.2,37,demo,9.5,1.3,1.2,1.2
https://example.invalid/demo/03075,,Escuela Especial de Lenguaje Tierra de Niños,Plaza de Bellavista,CESFAM/ SAPU Bellavista,Acuenta,,1504,665,825,640,1374,,0.82,4.2,34,demo,9.5,8.2,6.8,7.7
https://example.invalid/demo/02356,Juan Pablo II,Deutsche Schule Concepción,,Ex Clínica Universitaria San Pedro,Unimarc,AIEP,1697,610,818,941,838,3181,0.69,4.2,36,demo,9.5,6.0,6.0,6.0
https://example.invalid/demo/01310,,,,,,,,,,,,,0.74,0.7,38,demo,9.5,6.3,5.3,5.7
https://example.invalid/demo/00762,,Escuela Especial Chile España,,Clínica de la mujer - Sanatorio Alemán,Jumbo,Instituto Profesional Virginio Gómez,1391,476,369,353,524,1286,0.62,2.2,34,demo,9.5,8.0,7.2,7.5
https://example.invalid/demo/01409,Universidad Técnica Federico Santa María,Escuela Especial de Lenguaje Villa Hermosa,,CESFAM Hualpencillo,Alvi,CEDUC UCN Hualpén,311,410,428,1311,408,238,0.76,6.3,37,demo,9.5,7.2,7.0,7.2
https://example.invalid/demo/01469,Universidad Técnica Federico Santa María,Centro Integral Los Aromos,,CESFAM Hualpencillo,Alvi,Universidad Técnica Federico Santa María,282,358,423,1620,325,195,0.67,1.7,33,demo,9.5,7.3,3.7,7.3
https://example.invalid/demo/02966,,Escuela Básica y Adultos California,Plaza Arturo Prat,CESFAM/ SAPU Bellavista,Acuenta,,2180,326,1092,1197,763,,0.71,5.3,31,demo,9.5,8.2,6.2,6.7
https://example.invalid/demo/00347,Pedro Medina,Colegio Aurora de Chile Sur,,CESFAM Pinares,Lider,,540,492,207,923,425,,0.69,2.5,32,demo,9.5,3.7,2.5,2.5
https://example.invalid/demo/02496,Juan Pablo II,Deutsche Schule Concepción,,Ex Clínica Universitaria San Pedro,Unimarc,INACAP San Pedro de la Paz,1563,91,460,702,256,3512,0.75,5.7,36,demo,9.5,7.3,6.2,6.7
https://example.invalid/demo/01601,Terminal Santa Rita,Escuela Básica Diferencial Arcoiris,,CESFAM/ SAPU Paillihue,Unimarc,Instituto Santo Tomás,4851,734,2262,3442,3023,4220,0.76,8.5,34,demo,9.5,9.5,9.5,9.5
https://example.invalid/demo/01593,Terminal Rodoviario Los Ángeles,Escuela E-871 Clara Rebolledo de Godoy,Plaza Villa Francia,CESFAM NORORIENTE Los Ángeles,Mayorista,Hogar Universidad de Concepción,140,341,278,582,253,1440,0.72,8.5,43,demo,9.5,9.5,9.3,9.5
https://example.invalid/demo/01679,Terminal Santa Rita,Colegio Alto Lauquén,,CESFAM/ SAPU Paillihue,,,3161,592,418,1174,849,2664,0.71,5.2,31,demo,9.5,9.5,7.2,9.5
https://example.invalid/demo/02794,Hospital Las Higueras,Colegio Talcahuano,,Hospital Las Higueras,Supermercado Ganga,Universidad Católica de la Santísima Concepción Talcahuano,741,623,540,1076,521,440,0.74,3.2,34,demo,9.5,8.3,4.2,5.2
https://example.invalid/demo/01376,Universidad Técnica Federico Santa María,Escuela Cuyimpalihue,Parque Pablo de Rokha,CESFAM Talcahuano Sur,Bodega Acuenta,Universidad Técnica Federico Santa María,1314,145,189,620,682,1223,0.69,4.2,35,demo,9.5,8.5,8.3,8.5
https://example.invalid/demo/02685,El Arenal,Colegio Remodelación Simons,Plaza El Morro,Filial Cruz Roja Talcahuano,Lider,Instituto Profesional ESUCOMEX Talcahuano,1090,382,14,953,447,825,0.74,6.3,35,demo,9.5,8.7,7.0,7.3
https://example.invalid/demo/00410,Estación de buses Turbus,Colegio John F. Kennedy,,Cruz Roja Filial Chiguayante,Supermercado Monika,,1590,1297,1341,1499,1593,,0.74,6.2,35,demo,9.5,8.0,8.0,8.0
https://example.invalid/demo/00627,Pedro Medina,Centro de Nivelación y de Capacitación para Adultos Madre María Nys,Plaza Pedro Medina,Policlínico Chiguayante,Unimarc,,115,79,180,556,293,,0.78,3.7,36,demo,9.5,5.2,5.0,5.0
https://example.invalid/demo/02098,Juan Pablo II,Colegio Santísima Trinidad,,Ex Clínica Universitaria San Pedro,Unimarc,INACAP San Pedro de la Paz,1791,200,203,991,262,3126,0.71,3.5,38,demo,9.5,7.0,6.8,6.8
https://example.invalid/demo/01627,Terminal Santa Rita,Colegio Beato Damian de Molokai,,CESFAM/ SAPU Paillihue,Unimarc,,3047,729,706,1313,910,2585,0.62,0.0,34,demo,9.5,8.5,6.8,7.8
https://example.invalid/demo/01524,Terminal de buses Las Galaxias,Liceo C-41 San Juan Bautista de Hualqui,,CESFAM Hualqui,Super Bodega Acuenta,,703,133,264,308,240,,0.78,0.7,37,demo,9.5,7.7,6.8,6.8
https://example.invalid/demo/02703,Mercado,Colegio Especial del Mar,,Filial Cruz Roja Talcahuano,Santa Isabel,Instituto Profesional ESUCOMEX Talcahuano,684,423,287,466,624,1141,0.78,2.3,40,demo,9.5,9.5,9.2,9.5
https://example.invalid/demo/01891,Lirquén,Escuela Básica Eduardo Campbell,Plaza Daniel Venegas Venegas,UAPO,Acuenta,,1797,127,285,1168,1042,,0.61,7.2,31,demo,9.5,9.5,9.5,9.5
https://example.invalid/demo/00170,Pedro Medina,Colegio de Lenguaje Senderos de BioBio,,Policlínico Chiguayante,Lider,,1369,1257,1071,2038,1560,,0.68,5.5,34,demo,9.5,9.5,9.5,9.5
https://example.invalid/demo/00996,Terminal de Buses 63 Rengo Lientur,Colegio Técnico Profesional Los Acacios,,Centro Medico Universidad San Sebastián,Lider Express,Universidad San Sebastián,1053,208,149,221,188,222,0.72,4.7,36,demo,9.5,5.5,5.3,5.5
https://example.invalid/demo/00617,Pedro Medina,Colegio de Lenguaje Senderos de BioBio,,Policlínico Chiguayante,Super Ganga,,744,558,499,1266,983,,0.71,4.5,34,demo,9.5,7.0,5.2,6.3
https://example.invalid/demo/01988,El Parque,Saint John's School,,Ex Clínica Universitaria San Pedro,Unimarc,INACAP San Pedro de la Paz,4236,2112,1603,3672,2863,4698,0.6,7.3,35,demo,9.5,9.5,9.5,9.5
https://example.invalid/demo/00857,Terminal de Buses 63 Rengo Lientur,Escuela de Lenguaje Titirimundi,Parque Lo Custodio,Centro Medico Universidad San Sebastián,Mayorista Super Ganga,Universidad San Sebastián,172,227,236,951,894,786,0.75,8.5,28,demo,9.5,9.5,9.5,9.5
https://example.invalid/demo/02615,Terminal de buses Mi Expreso,Colegio Buena Vista Zaror,,CESFAM San Vicente,Santa Isabel,Instituto Profesional ESUCOMEX Talcahuano,435,146,582,952,741,1188,0.76,7.7,37,demo,9.5,9.5,9.0,9.5
https://example.invalid/demo/01150,Buses Delsal,Liceo Juan Martínez de Rozas,,Clínica Kenal,Super Ganga,Casa Central Universidad Catolica de la Santisima Concepción,425,201,206,419,72,426,0.66,7.2,29,demo,9.5,8.8,8.2,8.8
https://example.invalid/demo/00958,Terminal de líneas a Tomé,Colegio Malvina Romero Vidal,Plazoleta Ejercito 2,Centro Integral para el Adulto Mayor Lorenzo Arenas,Supermercado Unihue,Colegio Bautista de Concepción,320,643,152,1117,298,847,0.69,4.2,29,demo,9.5,7.8,5.8,6.3
https://example.invalid/demo/02058,Juan Pablo II,Saint John's School,,Ex Clínica Universitaria San Pedro,Unimarc,INACAP San Pedro de la Paz,2820,900,329,1992,1182,3587,0.74,9.0,34,demo,9.5,9.5,9.5,9.5
https://example.invalid/demo/02632,Los Cóndores,Colegio Espíritu Santo,Parque Las Azaleas,CESFAM Paulina Avendaño Pereda,Minimercado Tatán,Universidad Católica de la Santísima Concepción Talcahuano,1026,355,134,353,173,1488,0.88,8.7,34,demo,9.5,9.5,9.3,9.5
https://example.invalid/demo/00881,Buses Delsal,Escuela Diferencial y Centro de Atencion Temprana Libertad,Plaza Condell,Clínica Ernesto Silva B.,Andretta,Preuniversitarios Cpech,794,186,272,457,355,446,0.82,8.3,34,demo,9.5,9.5,9.5,9.5
https://example.invalid/demo/01481,Lorenzo Arenas,Colegio Sagrados Corazones,,Sanatorio Alemán,Olimpia,Universidad Técnica Federico Santa María,1680,242,281,542,387,1877,0.82,5.5,34,demo,9.5,9.5,9.5,9.5
https://example.invalid/demo/02978,,Carlos Mahns Choupay,Plaza Arturo Prat,Hospital de Tomé,Acuenta,,2287,369,919,1148,588,,0.72,6.0,36,demo,9.5,7.3,6.7,7.0
https://example.invalid/demo/00781,,Colegio The Auckland School.,Plaza Perú,Hospital Traumatológico de Concepción,Colun,Instituto IPG Concepción,813,53,325,146,372,133,0.83,4.0,29,demo,9.5,6.0,4.5,5.2
https://example.invalid/demo/01043,,Liceo de Niñas,,CruzBlanca,Supermercado Versluys,Instituto Superior de Comercio de Concepción (INSUCO),634,273,168,185,51,160,0.76,3.5,33,demo,9.5,9.0,5.7,8.0
https://example.invalid/demo/02357,Juan Pablo II,Deutsche Schule Concepción,,Ex Clínica Universitaria San Pedro,Unimarc,Instituto Profesional Virginio Gómez,1842,495,565,1012,628,3466,0.74,0.0,35,demo,9.5,9.5,7.5,9.5
https://example.invalid/demo/01135,Conquistador,Escuela Especial de Lenguaje Pequeños Amigos,Huerta Comunitaria C3,Clínica Kenal,Alvi,Colegio Bautista de Concepción,400,168,164,788,294,471,0.75,7.0,32,demo,9.5,8.5,7.5,7.8
https://example.invalid/demo/00520,Pedro Medina,Colegio de Lenguaje Senderos de BioBio,,Cruz Roja Filial Chiguayante,Super Ganga,,965,780,701,1357,1184,,0.75,5.5,32,demo,9.5,7.8,7.3,7.3
https://example.invalid/demo/02605,El Arenal,Escuela Básica Arenal,,Filial Cruz Roja Talcahuano,,Instituto Profesional ESUCOMEX Talcahuano,465,100,443,677,244,98,0.84,6.7,25,demo,9.5,9.5,8.7,9.0
https://example.invalid/demo/02895,,Escuela Especial Tomé,Plaza Arturo Prat,Hospital de Tomé,Unimarc,,2959,145,83,568,182,,0.72,5.8,39,demo,9.5,9.2,7.5,8.0
https://example.invalid/demo/01806,Terminal de Buses Islajacoop,Escuela D-868 General Bernardo O'Higgins (ex n° 1),Plaza Libertador Bernardo O'Higgins,Hospital Mutual de Seguridad de Los Ángeles ACHS,Tottus,Instituto AIEP,575,64,531,331,85,253,0.82,6.2,33,demo,9.5,9.5,8.7,9.0
https://example.invalid/demo/00368,Pedro Medina,Centro de Nivelación y de Capacitación para Adultos Madre María Nys,,Policlínico Chiguayante,Unimarc,,277,238,209,578,68,,0.54,7.0,35,demo,9.5,7.0,7.0,7.0
https://example.invalid/demo/00516,Pedro Medina,Colegio de Lenguaje Senderos de BioBio,,CESFAM Pinares,Lider,,496,530,349,1047,520,,0.72,5.5,32,demo,9.5,8.7,7.8,8.3
https://example.invalid/demo/00281,Estación de buses Turbus,Colegio Chileno Árabe,,Cruz Roja Filial Chiguayante,Unimarc,,1306,286,417,1066,975,,0.83,0.0,29,demo,9.5,9.5,9.5,9.5
https://example.invalid/demo/01784,Terminal Santa Rita,Escuela Especial Antu,Parque Laguna Esmeralda,Centro Médico y Dental RedSalud,Jumbo,Inacap Los Ángeles,1093,153,109,460,271,115,0.56,5.0,32,demo,9.5,7.3,5.7,6.8
https://example.invalid/demo/02614,Terminal de buses Mi Expreso,Colegio Buena Vista Zaror,,CESFAM San Vicente,Santa Isabel,Instituto Profesional ESUCOMEX Talcahuano,440,156,663,910,841,1228,0.73,8.3,30,demo,9.5,9.5,9.3,9.5
https://example.invalid/demo/02008,Juan Pablo II,Saint John's School,,Ex Clínica Universitaria San Pedro,Unimarc,INACAP San Pedro de la Paz,3776,1676,1042,2925,2124,4400,0.7,8.5,33,demo,9.5,9.5,9.2,9.5
https://example.invalid/demo/01974,Juan Pablo II,Deutsche Schule Concepción,,Ex Clínica Universitaria San Pedro,Unimarc,Instituto Profesional Virginio Gómez,2079,714,615,1251,790,3465,0.69,8.8,29,demo,9.5,9.5,9.2,9.5
https://example.invalid/demo/01257,Laguna Quiñenco,Escuela de Lenguaje Farolito Dorado,,CESFAM Yobilo,Unimarc,,2135,1106,959,1442,2045,2843,0.71,6.0,28,demo,9.5,9.5,7.5,9.5
https://example.invalid/demo/00608,Estación de buses Turbus,Colegio John F. Kennedy,Plaza Manuel Rodríguez,Cruz Roja Filial Chiguayante,Supermercado Monika,,704,436,789,633,707,,0.81,4.0,36,demo,9.5,5.2,4.3,4.7
https://example.invalid/demo/02651,Hospital Las Higueras,Escuela Santa Clara,,Instituto de Seguridad del Trabajo de Talcahuano,Supermercado Ganga,Universidad Católica de la Santísima Concepción Talcahuano,1087,889,683,1482,969,962,0.66,8.3,32,demo,9.5,9.5,9.3,9.5
https://example.invalid/demo/00564,Pedro Medina,Colegio de Lenguaje Senderos de BioBio,,Policlínico Chiguayante,Super Ganga,,843,658,612,1378,1096,,0.71,0.3,34,demo,9.5,8.3,6.8,8.2
https://example.invalid/demo/00413,Pedro Medina,Colegio Aurora de Chile,,Policlínico Chiguayante,Super Ganga,,610,248,54,126,376,,0.77,8.7,26,demo,9.5,9.5,9.5,9.5
https://example.invalid/demo/01986,Juan Pablo II,Colegio Santísima Trinidad,,Ex Clínica Universitaria San Pedro,Unimarc,INACAP San Pedro de la Paz,2873,1346,893,2012,1254,4125,0.67,6.3,33,demo,9.5,9.5,7.0,8.7
https://example.invalid/demo/00869,,Especial España,Parque Ecuador,Clínica dental: Radio Dent,Unimarc,Instituto Profesional Virginio Gómez,1020,488,417,436,489,652,0.66,5.8,35,demo,9.5,8.3,7.0,7.3
https://example.invalid/demo/01723,Terminal de Buses Rurales Vega Techada,Colegio PROACAP,,Hospital Mutual de Seguridad de Los Ángeles ACHS,Unimarc,Instituto AIEP,450,184,530,650,242,587,0.78,2.3,32,demo,9.5,7.8,5.3,5.5
https://example.invalid/demo/01989,Juan Pablo II,Colegio Santísima Trinidad,,Ex Clínica Universitaria San Pedro,Unimarc,INACAP San Pedro de la Paz,1848,449,471,1260,859,2487,0.6,6.8,40,demo,9.5,9.5,9.0,9.5
https://example.invalid/demo/02631,El Arenal,Colegio San Vicente,,CESFAM San Vicente,Unimarc,Instituto Profesional ESUCOMEX Talcahuano,328,349,287,429,417,764,0.73,7.8,33,demo,9.5,9.3,9.3,9.3
https://example.invalid/demo/02852,El Arenal,,,Filial Cruz Roja Talcahuano,,Instituto Profesional ESUCOMEX Talcahuano,844,89,54,511,464,437,0.69,9.0,35,demo,9.5,9.5,9.3,9.5
https://example.invalid/demo/02290,Juan Pablo II,Deutsche Schule Concepción,,Ex Clínica Universitaria San Pedro,Santa Isabel,AIEP,1571,750,734,908,994,2986,0.71,2.7,34,demo,9.5,4.3,3.0,3.5
https://example.invalid/demo/02692,El Arenal,Colegio Remodelación Simons,,Filial Cruz Roja Talcahuano,Lider,Universidad Católica de la Santísima Concepción Talcahuano,1146,592,179,1261,372,944,0.42,4.7,31,demo,9.5,7.2,6.8,7.2
https://example.invalid/demo/01626,Terminal de Buses Rurales Vega Techada,Escuela E-927 República de Israel (ex n° 5),,CESFAM NORORIENTE Los Ángeles,Unimarc,Hogar Universidad de Concepción,686,162,359,599,369,464,0.85,3.8,34,demo,9.5,6.5,4.2,4.8
https://example.invalid/demo/01539,Terminal Santa Rita,Colegio Santa Teresa de Los Andes - Los Ángeles,,CESFAM Nuevo horizonte,Lider Express,Inacap Los Ángeles,2989,513,78,957,1412,1945,0.76,8.7,33,demo,9.5,9.5,9.3,9.5
https://example.invalid/demo/01143,,Colegio San Agustín,,Inmunomédica,Supermercado Versluys,Instituto Janequeo,464,133,47,77,257,65,0.75,5.5,32,demo,9.5,7.3,5.8,6.5
https://example.invalid/demo/01226,Conquistador,Colegio Marcela Paz,Bandejón central Manuel Rodriguez,CESFAM Tucapel,Unimarc,Universidad San Sebastián,707,117,25,637,132,873,0.77,7.7,31,demo,9.5,9.5,9.3,9.5
https://example.invalid/demo/02571,,,,,,,,,,,,,0.82,6.0,34,demo,9.5,7.0,6.3,6.5
https://example.invalid/demo/00255,Estación de buses Turbus,Colegio Pacific School,Plaza de Armas de Chiguayante,Cruz Roja Filial Chiguayante,Supermercado Mey,,1029,408,502,789,854,,0.56,6.7,32,demo,9.5,9.5,7.3,8.0
https://example.invalid/demo/00686,,Colegio The Auckland School.,Plaza Perú,Cardimed,Santa Isabel,Federación de Estudiantes Universidad de Concepción,621,231,166,27,274,180,0.78,5.2,27,demo,9.5,9.5,7.7,9.5
https://example.invalid/demo/00335,Estación de buses Turbus,Colegio Chileno Árabe,,Cruz Roja Filial Chiguayante,Supermercado Mey,,2131,1771,1837,1955,2109,,0.91,6.3,33,demo,9.5,9.5,9.3,9.5
https://example.invalid/demo/00277,Pedro Medina,Colegio de Lenguaje Senderos de BioBio,,Policlínico Chiguayante,Lider,,1761,1635,1445,2425,1972,,0.62,4.2,32,demo,9.5,9.5,9.3,9.5
https://example.invalid/demo/01451,Universidad Técnica Federico Santa María,Escuela Especial de Lenguaje Villa Hermosa,,CESFAM Talcahuano Sur,Alvi,Universidad Técnica Federico Santa María,630,320,80,1294,184,539,0.74,0.8,35,demo,9.5,1.7,1.0,1.2
https://example.invalid/demo/00721,Conquistador,Escuela Juan Gregorio Las Heras,,Centro Médico Obstétrico y Ginecológico,Mayorista 10,Preuniversitarios Cpech,288,139,184,689,509,670,0.65,3.5,31,demo,9.5,8.2,6.7,7.3
https://example.invalid/demo/00175,Estación de buses Turbus,Colegio Pacific School,Plaza de Armas de Chiguayante,Cruz Roja Filial Chiguayante,Supermercado Mey,,1191,758,919,981,1112,,0.58,7.5,26,demo,9.5,9.5,9.2,9.5
https://example.invalid/demo/00663,Pedro Medina,Colegio de Lenguaje Senderos de BioBio,,Policlínico Chiguayante,Unimarc,,1096,933,992,1715,1407,,0.59,5.3,41,demo,9.5,7.3,5.8,6.2
https://example.invalid/demo/02694,Hospital Las Higueras,Colegio Espíritu Santo,,Instituto de Seguridad del Trabajo de Talcahuano,Acuenta,Universidad Católica de la Santísima Concepción Talcahuano,621,239,82,290,478,983,0.67,1.5,36,demo,9.5,4.8,4.7,4.7
https://example.invalid/demo/00179,Terminal de buses Expresos Chiguayante,Instituto de Humanidades José Manuel Santos,,CESFAM Chiguayante,Acuenta,,782,222,182,1198,186,,0.67,7.5,30,demo,9.5,9.5,9.5,9.5
https://example.invalid/demo/00430,Manquimávida,Colegio Madre Paulina,,CESFAM Pinares,Lider,,942,1061,425,1576,1135,,0.6,3.3,35,demo,9.5,6.8,5.5,6.5
https://example.invalid/demo/01465,Universidad Técnica Federico Santa María,Colegio Alonkura,,CESFAM Talcahuano Sur,Alvi,Universidad Técnica Federico Santa María,1126,128,261,780,587,1057,0.73,5.2,33,demo,9.5,7.8,6.3,7.3
https://example.invalid/demo/02018,Juan Pablo II,Deutsche Schule Concepción,,Ex Clínica Universitaria San Pedro,Unimarc,AIEP,1705,530,765,918,744,3282,0.78,0.0,36,demo,9.5,7.3,6.8,7.3
https://example.invalid/demo/02556,,,,,,,,,,,,,0.61,3.8,36,demo,9.5,6.3,4.8,6.3
https://example.invalid/demo/01096,Terminal de Buses Jota Ewert,,,CESFAM Tucapel,Super Ganga,Escuela de Suboficiales de Carabineros - Grupo Concepción,1174,285,31,397,444,795,0.71,8.2,35,demo,9.5,9.5,9.3,9.5
https://example.invalid/demo/00594,Pedro Medina,Colegio de Lenguaje Senderos de BioBio,,Policlínico Chiguayante,Unimarc,,253,107,382,894,583,,0.76,0.0,33,demo,9.5,0.5,0.0,0.3
https://example.invalid/demo/01922,Lirquén,Escuela Penco,Plazoleta Miraflores,CESFAM Penco,Gabito,,3273,224,276,473,390,,0.68,6.8,34,demo,9.5,9.0,7.8,8.5
https://example.invalid/demo/01458,Universidad Técnica Federico Santa María,Escuela de Lenguaje Santa Leonor,,CESFAM Hualpencillo,Alvi,CEDUC UCN Hualpén,64,231,335,1576,567,80,0.72,5.7,39,demo,9.5,8.2,7.0,7.3
https://example.invalid/demo/02564,Unihue,Escuela Profesora Juana Salgado Parra G-609,,,,,5222,5521,,,,,0.85,8.5,34,demo,9.5,9.5,9.2,9.5
https://example.invalid/demo/03118,,Escuela República De Panamá,Plaza Arturo Prat,Hospital de Tomé,Acuenta,,2222,339,922,1192,578,,0.71,5.7,34,demo,9.5,8.7,6.7,8.3
https://example.invalid/demo/01967,Lirquén,Colegio El Refugio,Plaza Los Conquistadores,UAPO,Provisiones Eugenio,,3454,67,495,637,168,,0.68,6.3,31,demo,9.5,8.7,6.8,8.0
https://example.invalid/demo/00716,Concepción,Escuela Particular Santa Catalina de Siena,,CESFAM Pedro de Valdivia (Concepción),Super Ganga,Instituto Profesional Virginio Gómez,1631,1193,870,1230,1459,1585,0.68,6.7,34,demo,9.5,9.5,9.5,9.5
https://example.invalid/demo/00045,Pedro Medina,Colegio Aurora de Chile Sur,,CESFAM Pinares,Lider,,483,481,240,889,374,,0.7,5.3,30,demo,9.5,7.3,6.3,6.7
https://example.invalid/demo/00380,Pedro Medina,Colegio de Lenguaje Senderos de BioBio,,Policlínico Chiguayante,Unimarc,,344,192,418,984,668,,0.71,4.3,31,demo,9.5,7.5,7.0,7.2
https://example.invalid/demo/01088,,Escuela Luis Muñoz Burboa,Parque Ecuador,Medyks,Supermercado Versluys,Centro Mandala,273,317,295,658,808,252,0.66,7.0,32,demo,9.5,9.2,8.3,8.7
https://example.invalid/demo/01714,Terminal Santa Rita,Liceo Bicentenario A-59 Los Ángeles,,Complejo Asistencial Doctor Víctor Ríos Ruiz,Lider,,932,280,197,174,447,436,0.7,2.5,33,demo,9.5,7.0,6.3,6.7
https://example.invalid/demo/00343,Pedro Medina,Colegio de Lenguaje Senderos de BioBio,,Policlínico Chiguayante,Unimarc,,1021,872,982,1664,1313,,0.68,5.2,31,demo,9.5,7.7,7.7,7.7
https://example.invalid/demo/03011,,Escuela Especial Expresión de Amor,,CESFAM Alberto Reyes,Unimarc,,4659,130,79,247,1885,,0.68,6.5,31,demo,9.5,9.5,9.5,9.5
https://example.invalid/demo/01565,Terminal Santa Rita,Escuela E-922 Arturo Alessandri Palma,,CESFAM Villa los Ríos,,,3787,1284,1119,1263,2440,3315,0.74,8.5,31,demo,9.5,9.5,9.5,9.5
https://example.invalid/demo/01359,Universidad Técnica Federico Santa María,Colegio Parque Central,,Clínica Mutual de Seguridad CCHC,Alvi,Universidad Técnica Federico Santa María,1256,233,248,783,722,1043,0.74,0.0,35,demo,9.5,5.7,4.7,4.7
https://example.invalid/demo/02283,Juan Pablo II,Escuela de Lenguaje Llacolén,Plaza San Pedro Histórico,Ex Clínica Universitaria San Pedro,Santa Isabel,Univesidad Santo Tomás Concepción,1076,351,395,706,559,2919,0.8,7.5,30,demo,9.5,9.5,9.2,9.5
https://example.invalid/demo/02848,El Arenal,Liceo Técnico de Talcahuano,,Filial Cruz Roja Talcahuano,,Instituto Profesional ESUCOMEX Talcahuano,746,61,86,484,374,315,0.75,4.2,36,demo,9.5,7.5,5.0,7.0
https://example.invalid/demo/01691,Terminal de Buses Islajacoop,Liceo Camilo Henríquez,,CESFAM Norte,Supermercado Acuenta,Inacap Los Ángeles,1820,36,166,608,110,1068,0.79,7.2,38,demo,9.5,9.5,9.5,9.5
https://example.invalid/demo/00510,Pedro Medina,Colegio John F. Kennedy,,Cruz Roja Filial Chiguayante,Supermercado Monika,,1414,1179,1092,1379,1447,,0.77,6.2,35,demo,9.5,9.5,9.3,9.5
https://example.invalid/demo/00096,Pedro Medina,Colegio de Lenguaje Senderos de BioBio,,Policlínico Chiguayante,Unimarc,,387,215,382,1003,721,,0.73,3.7,30,demo,9.5,5.3,3.7,3.8
https://example.invalid/demo/03107,,Liceo Ecuador,Plaza Arturo Prat,Hospital de Tomé,Unimarc,,2896,194,204,535,183,,0.52,0.0,33,demo,9.5,8.7,0.0,8.3
https://example.invalid/demo/00468,Pedro Medina,Centro de Nivelación y de Capacitación para Adultos Madre María Nys,,Policlínico Chiguayante,Super Ganga,,370,308,227,550,267,,0.81,3.5,37,demo,9.5,5.5,4.0,4.7
https://example.invalid/demo/01963,Lirquén,Liceo Pencopolitano,,UAPO,Selecta,,3352,127,571,668,403,,0.6,7.0,45,demo,9.5,9.3,9.2,9.3
https://example.invalid/demo/02318,Juan Pablo II,Escuela de Lenguaje Llacolén,Plaza San Pedro Histórico,Ex Clínica Universitaria San Pedro,Santa Isabel,AIEP,1172,501,512,639,608,3031,0.68,4.8,31,demo,9.5,7.3,5.2,6.8
https://example.invalid/demo/01892,Lirquén,Centro Educacional Alborada,,CESFAM Penco,Provisiones Eugenio,Universidad de las Américas (Campus El Boldal),4676,1064,173,1811,1441,6343,0.54,7.3,37,demo,9.5,7.5,7.5,7.5
https://example.invalid/demo/00626,Estación de buses Turbus,Colegio John F. Kennedy,,Cruz Roja Filial Chiguayante,Supermercado Monika,,1134,907,822,1100,1148,,0.71,4.3,38,demo,9.5,5.7,4.5,5.2
https://example.invalid/demo/00406,Terminal de buses Vía Futuro,Escuela Especial de Lenguaje Manquimávida,,CESFAM Pinares,Santa Hilda,,981,190,201,1371,793,,0.76,7.3,38,demo,9.5,9.0,8.7,8.7
https://example.invalid/demo/00849,,Escuela Luis Muñoz Burboa,Parque Ecuador,Medyks,Supermercado Versluys,Centro Mandala,285,314,303,661,813,259,0.59,7.5,34,demo,9.5,8.8,8.5,8.8
https://example.invalid/demo/02583,El Arenal,Colegio Remodelación Simons,Borde Costero El Morro,Filial Cruz Roja Talcahuano,Lider,Instituto Profesional ESUCOMEX Talcahuano,1611,862,545,956,1069,1235,0.65,0.5,31,demo,9.5,9.0,6.5,7.0
https://example.invalid/demo/00787,Buses Delsal,Escuela Diferencial y Centro de Atencion Temprana Libertad,Plaza Condell,Centro Médico Obstétrico y Ginecológico,Alimentos del Pedregal,Preuniversitarios Cpech,786,32,444,372,421,274,0.84,1.5,37,demo,9.5,9.2,8.2,9.2
https://example.invalid/demo/02580,Hospital Las Higueras,Escuela Leonor Mascayano,,Hospital Las Higueras,Supermercado Ganga,Universidad Católica de la Santísima Concepción Talcahuano,472,123,283,448,321,259,0.66,0.3,32,demo,9.5,5.7,0.3,0.5
https://example.invalid/demo/00419,Terminal de buses Vía Futuro,Escuela Especial de Lenguaje Manquimávida,,CESFAM Pinares,Santa Isabel,,1128,195,206,1177,551,,0.66,6.0,29,demo,9.5,8.7,7.3,7.8
https://example.invalid/demo/00574,Pedro Medina,Colegio de Lenguaje Senderos de BioBio,,Policlínico Chiguayante,Unimarc,,431,269,442,1060,756,,0.71,3.8,28,demo,9.5,7.0,5.2,5.7
https://example.invalid/demo/01668,Terminal Santa Rita,Escuela E-885 Pedro Ruiz Aldea,Parque Laguna Esmeralda,Centro Médico Central,Jumbo,Inacap Los Ángeles,1173,191,58,544,389,233,0.66,5.8,29,demo,9.5,7.3,5.8,6.3
https://example.invalid/demo/02440,Juan Pablo II,Colegio Santísima Trinidad,,Ex Clínica Universitaria San Pedro,Unimarc,INACAP San Pedro de la Paz,1762,244,239,953,213,3159,0.79,4.7,34,demo,9.5,5.8,5.8,5.8
https://example.invalid/demo/00648,Estación de buses Turbus,Colegio John F. Kennedy,,Cruz Roja Filial Chiguayante,Supermercado Monika,,1032,802,794,995,1045,,0.61,4.7,33,demo,9.5,9.5,7.5,8.0
https://example.invalid/demo/02139,Juan Pablo II,Escuela Luis Alberto Acevedo,,Ex Clínica Universitaria San Pedro,Santa Isabel,Univesidad Santo Tomás Concepción,908,407,381,232,337,3391,0.66,3.3,35,demo,9.5,9.2,5.3,7.3
https://example.invalid/demo/01789,Terminal Santa Rita,Liceo Industrial A-65 Samuel Vivanco Parada,,CESFAM/ SAPU 2 de Septiembre,Supermercado Acuenta,Inacap Los Ángeles,1606,290,51,537,657,571,0.72,6.3,32,demo,9.5,8.3,7.2,8.0
https://example.invalid/demo/02393,Juan Pablo II,Colegio Santísima Trinidad,,Ex Clínica Universitaria San Pedro,Unimarc,INACAP San Pedro de la Paz,1386,447,378,634,381,3004,0.85,4.3,27,demo,9.5,6.3,5.2,5.7
https://example.invalid/demo/01244,Cristo Redentor,Escuela de Lenguaje Palabras de Niños,,CESFAM Carlos Pinto Fierro,pelado,Centro de Estudios e Inclusión Laboral Biocor,1279,158,320,1167,789,1743,0.61,6.0,31,demo,9.5,8.8,8.3,8.8
https://example.invalid/demo/00880,,Escuela F-560 Luis Muñoz Burboa,Parque Metropolitano Cerro Caracol,Clínica de la mujer - Sanatorio Alemán,Señora Teresa,Centro Mandala,1285,718,916,1538,1633,944,0.74,6.2,34,demo,9.5,9.5,9.5,9.5
https://example.invalid/demo/01734,Terminal Santa Rita,Centro de Atención Infantil Tamborín,,Consultorio,Supermercado Unico,Universidad y CFT de Los Lagos,1639,278,152,757,172,1163,0.68,5.2,34,demo,9.5,9.5,9.5,9.5
https://example.invalid/demo/02975,,Escuela Básica y Adultos California,Plaza Arturo Prat,CESFAM/ SAPU Bellavista,Acuenta,,2190,367,1496,1345,1198,,0.62,8.0,26,demo,9.5,9.5,9.5,9.5
https://example.invalid/demo/02377,Juan Pablo II,Deutsche Schule Concepción,,Ex Clínica Universitaria San Pedro,Unimarc,INACAP San Pedro de la Paz,1746,273,293,885,259,3571,0.7,4.8,33,demo,9.5,6.3,5.0,5.3
https://example.invalid/demo/01599,Terminal Santa Rita,Colegio San Pablo,,Complejo Asistencial Doctor Víctor Ríos Ruiz,Lider,,1080,271,195,459,741,565,0.77,3.7,35,demo,9.5,4.2,3.7,3.7
https://example.invalid/demo/01886,Lirquén,Centro Educacional Alborada,,CESFAM Penco,Provisiones Eugenio,,4501,884,141,1634,1262,,0.5,7.0,36,demo,9.5,8.7,7.8,8.2
https://example.invalid/demo/01643,Terminal de Buses Rurales Vega Techada,Colegio San Nicolás,,CESFAM Norte,Super Ganga,Instituto AIEP,1688,657,594,993,1338,1583,0.63,4.3,30,demo,9.5,9.5,7.5,9.5
https://example.invalid/demo/01188,,Escuela Luis Muñoz Burboa,Parque Ecuador,Centro Clínico Docente en Oftalmología,Santa Isabel,Centro Mandala,350,207,397,767,911,153,0.66,3.0,35,demo,9.5,3.3,3.0,3.0
https://example.invalid/demo/00181,Manquimávida,Colegio Madre Paulina,,CESFAM Pinares,Lider,,989,1090,573,1750,1312,,0.63,5.2,38,demo,9.5,8.8,8.7,8.8
https://example.invalid/demo/01087,Buses Delsal,Escuela Diferencial y Centro de Atencion Temprana Libertad,Plaza Condell,Clínica Ernesto Silva B.,Andretta,Universidad del Desarrollo,813,207,259,445,339,461,0.77,7.5,35,demo,9.5,9.5,8.3,9.5
https://example.invalid/demo/02303,Juan Pablo II,Escuela Especial de Lenguaje Campanella,Plaza Pases de Negrete,Ex Clínica Universitaria San Pedro,Supermercado Super Ganga,INACAP San Pedro de la Paz,751,208,166,796,551,2636,0.76,8.8,33,demo,9.5,9.5,9.5,9.5
https://example.invalid/demo/02085,Juan Pablo II,Escuela de Lenguaje Aserrín Aserrán,,Ex Clínica Universitaria San Pedro,Verluys,INACAP San Pedro de la Paz,142,484,229,1003,286,3298,0.97,6.0,34,demo,9.5,9.5,7.7,8.2
https://example.invalid/demo/01919,Lirquén,Escuela Básica Eduardo Campbell,Plaza Daniel Venegas Venegas,UAPO,Acuenta,,2071,455,570,1125,1165,,0.63,7.2,41,demo,9.5,9.5,9.3,9.5
https://example.invalid/demo/01439,Universidad Técnica Federico Santa María,Escuela Especial de Lenguaje Villa Hermosa,,CESFAM Hualpencillo,Alvi,CEDUC UCN Hualpén,681,62,319,1195,218,613,0.58,6.5,31,demo,9.5,6.7,6.7,6.7
https://example.invalid/demo/02478,Juan Pablo II,Deutsche Schule Concepción,,Ex Clínica Universitaria San Pedro,Unimarc,AIEP,1636,586,778,885,829,3179,0.72,6.3,39,demo,9.5,7.5,6.5,7.0
https://example.invalid/demo/02267,Juan Pablo II,Escuela de Lenguaje Llacolén,,Ex Clínica Universitaria San Pedro,Santa Isabel,Instituto Profesional Virginio Gómez,2084,1339,278,1614,1573,2264,0.77,7.5,31,demo,9.5,9.5,8.2,9.5
https://example.invalid/demo/01655,Terminal Tur Bus,Colegio San Gabriel Arcángel,,CESFAM NORORIENTE Los Ángeles,MundoBike,Hogar Universidad de Concepción,1258,242,422,1849,951,2825,0.65,6.3,34,demo,9.5,9.5,8.2,9.5
https://example.invalid/demo/00737,Buses Delsal,Escuela de Lenguaje Girasol,,Centro Médico Obstétrico y Ginecológico,Jumbo,Preuniversitarios Cpech,684,173,507,194,220,135,0.8,7.2,35,demo,9.5,9.5,8.5,9.5
https://example.invalid/demo/03003,,Liceo Vicente Alberto Palacios Valdés,"Plaza Inclusiva ""Samuel Muñoz""",Hospital de Tomé,Unimarc,,3460,188,143,63,764,,0.77,4.5,35,demo,9.5,7.0,6.3,6.5
https://example.invalid/demo/02761,Hospital Las Higueras,Centro Laboral Polivalente Alonkura,,Hospital Las Higueras,Supermercado Ganga,Universidad Católica de la Santísima Concepción Talcahuano,478,55,259,228,438,433,0.71,6.0,24,demo,9.5,8.2,7.2,7.5
https://example.invalid/demo/02554,Juan Pablo II,Escuela de Lenguaje Llacolén,Plaza Bellavista,Ex Clínica Universitaria San Pedro,Super Gangas,Univesidad Santo Tomás Concepción,929,740,502,1367,725,2579,0.71,6.0,31,demo,9.5,8.7,7.0,8.2
https://example.invalid/demo/01121,Estación Intermodal Concepción,Instituto Down,Parque Ecuador,Clínica dental: Radio Dent,Emporio Agrícola,Instituto Profesional Virginio Gómez,843,144,215,214,149,331,0.69,5.5,39,demo,9.5,8.8,6.7,8.3
https://example.invalid/demo/01984,Diagonal Biobío,Liceo Mauricio Hochschild del CEAT,Plaza de Juegos,Ex Clínica Universitaria San Pedro,Ok Market,INACAP San Pedro de la Paz,1757,965,600,1697,882,1733,0.79,7.3,33,demo,9.5,9.5,9.2,9.5
https://example.invalid/demo/01746,Terminal de Buses Islajacoop,Escuela E-885 Pedro Ruiz Aldea,Parque Laguna Esmeralda,CESFAM Norte,Jumbo,Inacap Los Ángeles,1149,176,262,422,575,474,0.69,4.5,36,demo,9.5,9.5,9.0,9.5
https://example.invalid/demo/00197,Chiguayante,Liceo Chiguayante,,Policlínico Chiguayante,Santa Isabel,,1076,720,152,982,1002,,0.63,6.7,30,demo,9.5,9.5,9.5,9.5
https://example.invalid/demo/00216,Chiguayante,Escuela Especial de Lenguaje Altos de Chiguayante,,Cruz Roja Filial Chiguayante,Supermercado Mey,,416,299,27,534,384,,0.81,6.2,32,demo,9.5,9.5,7.3,9.5
https://example.invalid/demo/00166,Pedro Medina,Colegio de Lenguaje Senderos de BioBio,,Policlínico Chiguayante,Unimarc,,582,404,471,1175,916,,0.72,5.0,32,demo,9.5,7.7,6.0,7.0
https://example.invalid/demo/02845,Hospital Las Higueras,Escuela Leonor Mascayano,,Hospital Las Higueras,Supermercado Ganga,Universidad Católica de la Santísima Concepción Talcahuano,505,273,419,623,287,171,0.69,4.7,26,demo,9.5,5.3,5.0,5.2
https://example.invalid/demo/02796,El Arenal,Colegio Remodelación Simons,,Filial Cruz Roja Talcahuano,,Instituto Profesional ESUCOMEX Talcahuano,718,34,222,751,360,421,0.74,0.0,38,demo,9.5,9.5,7.7,8.0
https://example.invalid/demo/00812,Buses Delsal,Centro De Capacitación Laboral Urcae COALIVI,Huerta Comunitaria C3,Indimed,Mayorista 10,Casa Central Universidad Catolica de la Santisima Concepción,103,65,335,665,141,494,0.69,2.2,35,demo,9.5,4.7,2.8,4.3
https://example.invalid/demo/01563,Terminal Santa Rita,Escuela de Lenguaje Contigo Aprendo,,CESFAM Villa los Ríos,Tottus,,3399,1599,1391,1717,2481,2969,0.62,8.7,37,demo,9.5,9.5,9.3,9.5
https://example.invalid/demo/00672,Estación de buses Turbus,Colegio John F. Kennedy,,Cruz Roja Filial Chiguayante,Supermercado Monika,,1148,888,934,1087,1156,,0.71,2.3,34,demo,9.5,4.5,3.3,4.0
https://example.invalid/demo/01285,Estación Intermodal Coronel,Escuela Básica Playas Negras D-667,,Mutual de seguridad: CCHC,Farmacía naturista: rancho doña Graciela,,1589,397,301,1315,1001,612,0.75,9.0,36,demo,9.5,9.5,9.5,9.5
https://example.invalid/demo/00906,Terminal de Buses Jota Ewert,Escuela Especial de Lenguaje Pequeños Amigos,Bandejón central Manuel Rodriguez,Clínica Kenal,Alvi,Colegio Bautista de Concepción,368,94,253,926,448,501,0.7,0.0,33,demo,9.5,7.7,6.2,6.8
https://example.invalid/demo/01570,Terminal Santa Rita,Escuela E-922 Arturo Alessandri Palma,,CESFAM Villa los Ríos,,,3250,141,20,204,1225,2734,0.72,7.5,32,demo,9.5,8.7,8.7,8.7
https://example.invalid/demo/01844,Terminal Santa Rita,Liceo Particular Carlos Condell,,CESFAM/ SAPU 2 de Septiembre,Lider Express,Inacap Los Ángeles,1762,175,426,318,177,836,0.74,0.0,35,demo,9.5,6.3,3.7,5.2
https://example.invalid/demo/00119,Pedro Medina,Colegio de Lenguaje Senderos de BioBio,,Policlínico Chiguayante,Super Ganga,,532,377,134,910,611,,0.68,7.2,31,demo,9.5,9.5,8.3,8.8
https://example.invalid/demo/01867,Terminal Santa Rita,Escuela D-868 General Bernardo O'Higgins (ex n° 1),Plaza Libertador Bernardo O'Higgins,Hospital Mutual de Seguridad de Los Ángeles ACHS,Tottus,Instituto AIEP,360,280,282,256,218,247,0.72,3.8,36,demo,9.5,9.5,8.8,9.5
https://example.invalid/demo/00810,Terminal de Buses 63 Rengo Lientur,Colegio Técnico Profesional Los Acacios,Plaza La Virgen,Centro Medico Universidad San Sebastián,Minimarket Xiomara,Universidad San Sebastián,687,198,153,431,509,267,0.47,2.8,34,demo,9.5,3.8,3.3,3.8
https://example.invalid/demo/02203,Juan Pablo II,Escuela de Lenguaje Llacolén,Plaza Bellavista,Ex Clínica Universitaria San Pedro,Super Gangas,Univesidad Santo Tomás Concepción,1032,495,138,1162,711,2515,0.71,4.7,31,demo,9.5,9.0,7.0,8.3
https://example.invalid/demo/03120,,Liceo Industrial Tomé,,Hospital de Tomé,Unimarc,,3732,95,125,330,1015,,0.56,4.5,32,demo,9.5,8.3,7.0,8.0
https://example.invalid/demo/00182,Pedro Medina,Escuela José Hipólito Salas y Toro,Plaza Cochrane,Policlínico Chiguayante,Super Ganga,,482,328,175,503,190,,0.79,4.8,33,demo,9.5,7.2,6.8,7.2
https://example.invalid/demo/02498,Juan Pablo II,Colegio Santísima Trinidad,,Ex Clínica Universitaria San Pedro,Unimarc,INACAP San Pedro de la Paz,2149,327,287,1397,688,2956,0.78,4.0,27,demo,9.5,7.2,7.0,7.2
https://example.invalid/demo/01380,Terminal de colectivos 21,Escuela de Lenguaje Peumayen,Parque Grecia,CESFAM Hualpencillo,Supermercado G y G,CEDUC UCN Hualpén,809,61,369,813,365,1474,0.73,8.2,37,demo,9.5,9.5,9.0,9.5
https://example.invalid/demo/02075,Juan Pablo II,Deutsche Schule Concepción,,Ex Clínica Universitaria San Pedro,Unimarc,AIEP,1597,320,594,769,548,3457,0.85,3.3,34,demo,9.5,5.8,4.2,5.0
https://example.invalid/demo/02867,El Arenal,Escuela Básica Libertad E 492,,Hospital Las Higueras,Unimarc,Universidad Católica de la Santísima Concepción Talcahuano,1301,829,391,1057,1436,1457,0.77,8.7,26,demo,9.5,9.5,9.5,9.5
https://example.invalid/demo/00620,Pedro Medina,Colegio de Lenguaje Senderos de BioBio,,CESFAM Pinares,Lider,,618,608,450,1205,685,,0.69,4.3,39,demo,9.5,7.0,4.7,5.7
https://example.invalid/demo/00089,Chiguayante,Escuela José Hipólito Salas y Toro,Plaza Cochrane,Policlínico Chiguayante,Santa Isabel,,662,355,104,748,386,,0.77,3.8,26,demo,9.5,7.0,4.5,5.8
https://example.invalid/demo/02591,Hospital Las Higueras,Escuela Básica Libertad E 492,,Hospital Las Higueras,Lider,Universidad Católica de la Santísima Concepción Talcahuano,1009,500,33,1042,415,648,0.58,5.7,31,demo,9.5,7.0,5.8,6.7
https://example.invalid/demo/00336,Estación de buses Turbus,Colegio Concepción Chiguayante,,Cruz Roja Filial Chiguayante,Unimarc,,2681,1639,1481,2445,1901,,0.74,4.8,31,demo,9.5,9.5,9.3,9.5
https://example.invalid/demo/01681,Terminal Santa Rita,Liceo Particular Carlos Condell,,CESFAM/ SAPU 2 de Septiembre,Lider Express,Inacap Los Ángeles,1672,35,363,247,309,693,0.48,3.3,29,demo,9.5,7.2,6.7,7.2
https://example.invalid/demo/00907,Buses Delsal,Escuela Diferencial y Centro de Atencion Temprana Libertad,,Centro Médico Obstétrico y Ginecológico,Jumbo,Preuniversitarios Cpech,521,235,301,387,362,347,0.71,3.7,31,demo,9.5,3.8,3.8,3.8
https://example.invalid/demo/00276,Pedro Medina,Colegio de Lenguaje Senderos de BioBio,,CESFAM Pinares,Lider,,475,497,392,1074,539,,0.71,6.3,34,demo,9.5,8.2,6.8,7.5
https://example.invalid/demo/02669,Hospital Las Higueras,Escuela de Lenguaje Inalaf,,Instituto de Seguridad del Trabajo de Talcahuano,Supermercado Ganga,Universidad Católica de la Santísima Concepción Talcahuano,262,191,145,518,484,610,0.81,8.5,37,demo,9.5,9.5,9.3,9.5
https://example.invalid/demo/01457,Universidad Técnica Federico Santa María,Centro Integral Los Aromos,,Clínica Mutual de Seguridad CCHC,Alvi,Universidad Técnica Federico Santa María,302,328,425,1620,365,167,0.6,5.5,35,demo,9.5,8.7,7.5,8.2
https://example.invalid/demo/02588,Hospital Las Higueras,Escuela de Lenguaje Santa Catalina,,Hospital Las Higueras,Supermercado Ganga,Universidad Católica de la Santísima Concepción Talcahuano,637,259,411,684,417,295,0.47,6.5,30,demo,9.5,9.5,7.8,8.8
https://example.invalid/demo/00421,Manquimávida,Escuela de Lenguaje Chileduca,,CESFAM Pinares,Santa Isabel,,332,150,36,1269,451,,0.79,6.3,33,demo,9.5,9.5,9.5,9.5
https://example.invalid/demo/02149,Juan Pablo II,Deutsche Schule Concepción,,Ex Clínica Universitaria San Pedro,Unimarc,Instituto Profesional Virginio Gómez,2683,1483,790,1935,1583,3034,0.74,4.7,35,demo,9.5,9.5,8.7,9.0
https://example.invalid/demo/02230,Juan Pablo II,Escuela de Lenguaje Llacolén,Plaza San Pedro Histórico,Ex Clínica Universitaria San Pedro,Santa Isabel,AIEP,1373,651,694,883,832,2812,0.85,7.7,33,demo,9.5,8.5,8.5,8.5
https://example.invalid/demo/01728,Terminal de Buses Rurales Vega Techada,Colegio San Nicolás,,CESFAM Norte,Tottus,Instituto AIEP,1321,406,252,578,996,1129,0.65,3.7,31,demo,9.5,6.8,6.5,6.5
https://example.invalid/demo/01730,Terminal de Buses Rurales Vega Techada,Colegio PROACAP,,Hospital Mutual de Seguridad de Los Ángeles ACHS,Tamarugal,Hogar Universidad de Concepción,310,83,355,723,203,558,0.76,6.0,34,demo,9.5,9.5,8.2,9.5
https://example.invalid/demo/00566,Estación de buses Turbus,Colegio John F. Kennedy,,Cruz Roja Filial Chiguayante,Supermercado Monika,,1055,795,896,994,1063,,0.65,3.3,37,demo,9.5,5.8,3.5,4.3
https://example.invalid/demo/01193,Buses Delsal,Colegio San Pedro Nolasco,,Indimed,Santa Isabel,Preuniversitarios Cpech,477,127,391,270,204,333,0.79,5.3,33,demo,9.5,6.8,5.7,6.0
https://example.invalid/demo/00837,Terminal de líneas a Tomé,Centro de Educación de Adultos W. Rebolledo,Plaza Cruz,CITSALUD,Super Ganga,Colegio Bautista de Concepción,553,119,312,600,410,35,0.64,8.2,33,demo,9.5,9.5,9.3,9.5
https://example.invalid/demo/01072,Conquistador,Escuela Particular Santa Emilia,,Centro Medico Universidad San Sebastián,Lider Express,Universidad San Sebastián,1036,235,146,212,138,252,0.74,7.3,35,demo,9.5,9.5,8.2,8.5
https://example.invalid/demo/00554,Pedro Medina,Colegio de Lenguaje Senderos de BioBio,,Cruz Roja Filial Chiguayante,Super Ganga,,914,728,623,1274,1103,,0.68,5.3,34,demo,9.5,6.7,5.8,6.2
https://example.invalid/demo/02011,Juan Pablo II,Deutsche Schule Concepción,,Ex Clínica Universitaria San Pedro,Unimarc,INACAP San Pedro de la Paz,1582,129,474,722,316,3579,0.78,0.8,36,demo,9.5,5.7,0.8,5.5
https://example.invalid/demo/01711,Terminal Rodoviario Los Ángeles,Colegio Teresiano Los Ángeles,,CESFAM Norte,Super Ganga,Centro Integral de Educación Tecnológica Curamávida,2038,578,791,1491,1792,1560,0.88,8.3,24,demo,9.5,9.5,9.3,9.5
https://example.invalid/demo/01470,Universidad Técnica Federico Santa María,Centro Integral Los Aromos,,CESFAM Hualpencillo,Alvi,Universidad Técnica Federico Santa María,276,333,444,1647,351,170,0.66,4.7,35,demo,9.5,8.7,7.8,8.7
https://example.invalid/demo/01833,Terminal Santa Rita,Colegio San Ignacio,,CESFAM/ SAPU 2 de Septiembre,Lider Express,Inacap Los Ángeles,1861,342,147,342,639,813,0.76,6.8,29,demo,9.5,9.0,7.7,8.5
https://example.invalid/demo/00043,Pedro Medina,Colegio de Lenguaje Senderos de BioBio,,Policlínico Chiguayante,Unimarc,,1219,1055,1104,1835,1531,,0.68,2.8,37,demo,9.5,9.5,5.3,9.3
https://example.invalid/demo/02112,Juan Pablo II,Escuela Darío Salas,Plaza Municipalidad San Pedro de la Paz,Ex Clínica Universitaria San Pedro,Supermercado Super Ganga,INACAP San Pedro de la Paz,595,104,125,1050,235,2700,0.59,4.5,32,demo,9.5,9.5,8.7,8.7
https://example.invalid/demo/01631,Terminal de Buses Islajacoop,Escuela de Lenguaje Santisima Trinidad,,CESFAM Norte,Supermercado Acuenta,Centro Integral de Educación Tecnológica Curamávida,2197,370,111,910,558,1006,0.7,9.0,27,demo,9.5,9.5,9.5,9.5
https://example.invalid/demo/00329,Pedro Medina,Kennedy School,,CESFAM Pinares,Unimarc,,1389,529,185,420,752,,0.82,5.7,38,demo,9.5,9.5,7.5,9.5
https://example.invalid/demo/00275,Pedro Medina,Escuela Básica Bélgica,,Policlínico Chiguayante,Unimarc,,733,128,50,388,449,,0.81,7.5,37,demo,9.5,9.3,8.7,9.3
https://example.invalid/demo/00461,Chiguayante,Colegio John F. Kennedy,Plaza Manuel Rodríguez,Cruz Roja Filial Chiguayante,Supermercado Monika,,286,390,363,425,327,,0.66,3.3,35,demo,9.5,6.8,4.0,5.7
https://example.invalid/demo/00923,Terminal de Buses 63 Rengo Lientur,Escuela Especial Play with Me,,CESFAM Santa Sabina,Casino,Universidad Católica de la Santísima Concepción Campus San Andrés,1849,217,371,1014,309,316,0.62,8.3,37,demo,9.5,9.5,9.5,9.5
https://example.invalid/demo/02519,Juan Pablo II,Escuela Luis Alberto Acevedo,Plaza Lota,Ex Clínica Universitaria San Pedro,Santa Isabel,Univesidad Santo Tomás Concepción,538,199,214,413,46,3339,0.62,0.0,32,demo,9.5,8.0,6.7,7.7
https://example.invalid/demo/00964,Conquistador,Escuela Parvularia Blanca Estela,Bandejón central Manuel Rodríguez,CESFAM Tucapel,Minimarket Xiomara,Universidad San Sebastián,1026,303,255,393,298,703,0.78,6.8,27,demo,9.5,9.5,8.7,9.5
https://example.invalid/demo/02007,Juan Pablo II,Colegio Santísima Trinidad,,Ex Clínica Universitaria San Pedro,Unimarc,INACAP San Pedro de la Paz,1535,345,328,882,570,2746,0.76,2.7,34,demo,9.5,7.3,7.0,7.3
https://example.invalid/demo/02938,,Escuela República De Panamá,Plaza de Bellavista,CESFAM/ SAPU Bellavista,Mayorista 10,,1886,643,1147,934,1057,,0.71,0.0,31,demo,9.5,8.3,8.3,8.3
https://example.invalid/demo/01500,Universidad Técnica Federico Santa María,Escuela Especial de Lenguaje Villa Hermosa,,CESFAM Hualpencillo,Alvi,CEDUC UCN Hualpén,266,373,495,1395,329,194,0.62,4.0,34,demo,9.5,6.0,4.3,4.8
https://example.invalid/demo/02690,Terminal Félix Adán,Liceo Almirante Pedro Espina Ritchie,Borde Costero El Morro,Filial Cruz Roja Talcahuano,Lider,Instituto Profesional ESUCOMEX Talcahuano,3447,2981,2788,2924,3285,3437,0.74,8.7,38,demo,9.5,9.5,9.3,9.5
https://example.invalid/demo/00877,Lorenzo Arenas,Colegio Laguna Redonda,,Centro de Salud Familiar Lorenzo Arenas,Supermercado Unihue,Escuela de Suboficiales de Carabineros - Grupo Concepción,585,525,155,663,538,886,0.59,5.0,34,demo,9.5,9.5,8.7,9.5
https://example.invalid/demo/01578,Terminal Santa Rita,Colegio Beato Damian de Molokai,,CESFAM/ SAPU Paillihue,Unimarc,Instituto Santo Tomás,3258,837,677,1857,1427,2699,0.69,8.3,32,demo,9.5,9.5,9.5,9.5
https://example.invalid/demo/02603,Hospital Las Higueras,Escuela Santa Clara,,Instituto de Seguridad del Trabajo de Talcahuano,Supermercado Ganga,Universidad Católica de la Santísima Concepción Talcahuano,1645,1278,923,1949,1531,1519,0.81,5.8,31,demo,9.5,9.5,8.8,9.5
https://example.invalid/demo/01943,Lirquén,Centro Educacional Alborada,,CESFAM Penco,Gabito,,4020,437,584,1154,800,,0.64,7.5,39,demo,9.5,8.8,8.5,8.5
https://example.invalid/demo/01243,Laguna Quiñenco,Colegio Octavio Salinas Cariaga,,CESFAM Carlos Pinto Fierro,SuperBodega aCuenta,Centro de Formación Laboral San Andres,556,377,273,1181,527,2001,0.74,7.8,31,demo,9.5,9.5,9.0,9.5
https://example.invalid/demo/00547,Pedro Medina,Colegio de Lenguaje Senderos de BioBio,,Policlínico Chiguayante,Unimarc,,455,312,512,1104,765,,0.73,4.7,33,demo,9.5,8.7,7.2,8.3
https://example.invalid/demo/02543,Juan Pablo II,Deutsche Schule Concepción,,Ex Clínica Universitaria San Pedro,Unimarc,AIEP,1234,291,251,393,566,3536,0.56,5.8,32,demo,9.5,7.8,6.2,6.3
https://example.invalid/demo/00920,Lorenzo Arenas,Colegio Inmaculada Concepción,,Centro de Salud Familiar Lorenzo Arenas,Distruibuidora Lorenzo Arenas,Escuela de Suboficiales de Carabineros - Grupo Concepción,477,4,50,611,560,298,0.63,8.8,27,demo,9.5,9.5,9.5,9.5
https://example.invalid/demo/00912,Concepción,Colegio Alerce,,Centro de Salud Familiar Juan Soto Fernández,Tottus,Instituto Santo Tomás,919,191,72,410,661,730,0.78,8.3,32,demo,9.5,9.5,8.8,9.5
https://example.invalid/demo/01037,Buses Delsal,Colegio San Pedro Nolasco,,Indimed,Santa Isabel,Universidad Bolivariana,481,144,298,215,94,352,0.7,2.0,37,demo,9.5,4.5,2.8,3.2
https://example.invalid/demo/01164,Buses Delsal,Colegio Per Se,Plaza Condell,Clínica Ernesto Silva B.,Andretta,Universidad del Desarrollo,943,213,287,341,338,352,0.78,7.2,32,demo,9.5,7.7,7.7,7.7
https://example.invalid/demo/01177,Buses Delsal,Colegio Metodista de Concepción,Plaza de la Independencia,Inmunomédica,Alimentos del Pedregal,Casa Central Universidad Catolica de la Santisima Concepción,353,208,235,427,143,265,0.82,1.2,34,demo,9.5,6.7,1.5,4.5
https://example.invalid/demo/00203,Pedro Medina,Colegio de Lenguaje Senderos de BioBio,,CESFAM Pinares,Lider,,1199,1114,810,1841,1336,,0.86,7.7,29,demo,9.5,9.5,8.8,9.5
https://example.invalid/demo/03128,,Escuela República De Panamá,Plaza Arturo Prat,CESFAM/ SAPU Bellavista,Acuenta,,2092,359,1094,1090,751,,0.69,4.7,32,demo,9.5,8.8,5.7,6.7
https://example.invalid/demo/00078,Manquimávida,Colegio Madre Paulina,,CESFAM Pinares,Unimarc,,1104,1120,918,2291,1868,,0.79,8.0,33,demo,9.5,9.5,9.5,9.5
https://example.invalid/demo/02464,Juan Pablo II,Escuela de Lenguaje Llacolén,,Ex Clínica Universitaria San Pedro,Santa Isabel,Instituto Profesional Virginio Gómez,2103,1360,202,1603,1580,2322,0.74,5.7,31,demo,9.5,8.8,8.7,8.8
https://example.invalid/demo/02773,Hospital Las Higueras,Liceo La Asunción,,Hospital Las Higueras,Supermercado Ganga,Universidad Católica de la Santísima Concepción Talcahuano,892,465,282,302,943,958,0.7,4.3,30,demo,9.5,9.5,6.5,9.5
https://example.invalid/demo/02882,,Escuela Lisa Enriqueta Peter Teubner,Parque Villa Nuevo Tomé,CESFAM/ SAPU Bellavista,Acuenta,,2812,1010,1792,2229,2133,,0.66,6.3,32,demo,9.5,9.5,9.3,9.5
https://example.invalid/demo/01521,Hualqui,Escuela D-600 Manuel Amat y Juniet,,CESFAM Hualqui,Unimarc,,695,1136,1171,1511,1612,,0.69,5.3,35,demo,9.5,9.5,9.5,9.5
https://example.invalid/demo/02032,Juan Pablo II,Deutsche Schule Concepción,,Ex Clínica Universitaria San Pedro,Unimarc,Instituto Profesional Virginio Gómez,2957,1798,914,2234,1900,2922,0.62,4.8,34,demo,9.5,5.8,5.7,5.8
https://example.invalid/demo/02977,,Colegio Guillermo Velasco Barros,,Hospital de Tomé,Unimarc,,3006,123,96,721,334,,0.87,5.7,31,demo,9.5,9.2,8.0,9.2
https://example.invalid/demo/02031,Juan Pablo II,Deutsche Schule Concepción,,Ex Clínica Universitaria San Pedro,Unimarc,AIEP,1519,296,529,694,553,3448,0.77,5.8,31,demo,9.5,8.3,6.5,7.3
https://example.invalid/demo/01942,Lirquén,Centro Educacional Alborada,,CESFAM Penco,Gabito,,4207,591,392,1339,972,,0.59,5.7,37,demo,9.5,9.5,8.2,8.7
https://example.invalid/demo/02593,El Arenal,Escuela Básica Libertad E 492,,Hospital Las Higueras,Unimarc,Instituto Profesional ESUCOMEX Talcahuano,819,525,44,1113,954,1204,0.83,8.3,35,demo,9.5,9.5,9.3,9.5
https://example.invalid/demo/02395,Juan Pablo II,Deutsche Schule Concepción,,Ex Clínica Universitaria San Pedro,Unimarc,AIEP,1415,478,578,660,758,3254,0.74,4.0,34,demo,9.5,8.7,6.3,7.7
https://example.invalid/demo/00543,Pedro Medina,Colegio de Lenguaje Senderos de BioBio,,Policlínico Chiguayante,Unimarc,,703,564,725,1356,993,,0.74,3.7,31,demo,9.5,8.5,4.8,6.5
https://example.invalid/demo/01801,Terminal Santa Rita,Escuela Especial Sol de Los Ángeles,,Complejo Asistencial Doctor Víctor Ríos Ruiz,Lider,,1234,164,153,455,631,768,0.75,7.8,32,demo,9.5,9.5,8.8,9.5
https://example.invalid/demo/02179,Juan Pablo II,Deutsche Schule Concepción,,Ex Clínica Universitaria San Pedro,Unimarc,INACAP San Pedro de la Paz,2307,835,388,1446,733,3880,0.76,5.5,34,demo,9.5,8.3,5.7,6.8
https://example.invalid/demo/00206,Manquimávida,Colegio de Lenguaje Senderos de BioBio,,Policlínico Chiguayante,Lider,,2001,1884,1636,2674,2210,,0.6,8.7,40,demo,9.5,9.5,9.5,9.5
https://example.invalid/demo/00168,Pedro Medina,Colegio de Lenguaje Senderos de BioBio,,Cruz Roja Filial Chiguayante,Super Ganga,,1640,1462,1427,1897,1911,,0.61,6.7,31,demo,9.5,9.5,8.0,9.5
https://example.invalid/demo/03086,,Escuela de Lenguaje Campanita,Parque Agustín Dagnino,Hospital de Tomé,Acuenta,,3095,523,742,822,967,,0.74,8.3,35,demo,9.5,9.5,9.2,9.5
https://example.invalid/demo/01821,Terminal de Buses Rurales Vega Techada,Escuela de Lenguaje Almagro,,CESFAM NORORIENTE Los Ángeles,Super Ganga,Hogar Universidad de Concepción,488,59,438,771,118,665,0.72,6.0,29,demo,9.5,9.5,9.2,9.5
https://example.invalid/demo/01237,Laguna Quiñenco,Colegio Gabriela Mistral,,CESFAM Yobilo,SuperBodega aCuenta,,835,420,246,137,939,2443,0.68,3.3,38,demo,9.5,8.7,7.3,8.0
https://example.invalid/demo/01644,Terminal Santa Rita,Escuela Especial de Lenguaje Santa María,,CESFAM/ SAPU 2 de Septiembre,Lider Express,Inacap Los Ángeles,2960,655,79,1076,1128,1922,0.6,1.5,35,demo,9.5,9.5,9.0,9.5
https://example.invalid/demo/02096,Juan Pablo II,,Parque Violeta Parra,CESFAM San Pedro de La Paz,Bio Pan,Instituto Santo Tomás,1550,975,616,2091,914,3502,0.51,0.0,37,demo,9.5,9.5,9.0,9.5
https://example.invalid/demo/02724,Mercado,Escuela México Estado de Guerrero (D-482),,Filial Cruz Roja Talcahuano,Santa Isabel,Instituto Profesional ESUCOMEX Talcahuano,129,224,150,713,100,1133,0.71,7.7,34,demo,9.5,9.5,8.7,9.5
https://example.invalid/demo/01794,Terminal de Buses Rurales Vega Techada,Escuela D-886 Colonia Árabe (ex n° 97),PLaza La Araucania,CESFAM Norte,Tottus,Instituto AIEP,993,103,184,487,640,784,0.69,5.5,35,demo,9.5,6.3,5.8,6.0
https://example.invalid/demo/02323,Juan Pablo II,Escuela de Lenguaje Llacolén,Plaza San Pedro Histórico,Ex Clínica Universitaria San Pedro,Santa Isabel,AIEP,1406,733,749,796,835,2975,0.72,6.3,29,demo,9.5,8.7,8.0,8.0
https://example.invalid/demo/01213,Estación Intermodal Concepción,Colegio Alonso de Ercilla,Áreas verdes Esmeralda,Clínica dental: Radio Dent,Unimarc,Instituto Profesional Virginio Gómez,1033,412,366,424,339,500,0.66,8.3,35,demo,9.5,9.0,9.0,9.0
https://example.invalid/demo/02858,El Arenal,Colegio Remodelación Simons,,Filial Cruz Roja Talcahuano,Lider,Instituto Profesional ESUCOMEX Talcahuano,944,289,113,964,297,719,0.71,4.7,35,demo,9.5,6.2,4.8,5.0
https://example.invalid/demo/00576,Pedro Medina,Golden School,Plaza Cochrane,Policlínico Chiguayante,Santa Isabel,,611,169,255,399,50,,0.74,8.0,34,demo,9.5,9.5,9.2,9.5
https://example.invalid/demo/02541,Juan Pablo II,Deutsche Schule Concepción,,Ex Clínica Universitaria San Pedro,Unimarc,Instituto Profesional Virginio Gómez,2274,967,853,1472,1052,3319,0.72,5.5,32,demo,9.5,8.3,7.2,7.3
https://example.invalid/demo/02647,El Arenal,Jardin Infantil Barquito de Papel,,CESFAM San Vicente,,Instituto Profesional ESUCOMEX Talcahuano,223,203,192,820,178,299,0.65,7.5,37,demo,9.5,9.5,8.8,9.5
https://example.invalid/demo/02617,Hospital Las Higueras,Escuela de Lenguaje Santa Catalina,,Hospital Las Higueras,Lider,Universidad Católica de la Santísima Concepción Talcahuano,896,716,384,1137,618,557,0.52,3.3,25,demo,9.5,6.0,3.7,4.5
https://example.invalid/demo/01813,Terminal Santa Rita,Colegio Hispano Americano,Alameda,Bío-Bío Salud,Lider,Universidad y CFT de Los Lagos,757,79,130,257,152,293,0.67,0.5,36,demo,9.5,2.8,1.5,2.0
https://example.invalid/demo/00180,Estación de buses Turbus,Colegio John F. Kennedy,Plaza Manuel Rodríguez,Cruz Roja Filial Chiguayante,Supermercado Monika,,439,187,523,368,438,,0.62,4.3,32,demo,9.5,9.5,7.5,8.8
https://example.invalid/demo/00143,Pedro Medina,Colegio de Lenguaje Senderos de BioBio,,Policlínico Chiguayante,Super Ganga,,619,440,292,1068,775,,0.7,4.3,33,demo,9.5,6.5,5.5,5.8
https://example.invalid/demo/01718,Terminal Santa Rita,Escuela de Lenguaje Millaray,,CESFAM/ SAPU 2 de Septiembre,Lider Express,Inacap Los Ángeles,1677,230,207,674,456,932,0.82,4.5,33,demo,9.5,8.7,8.7,8.7
https://example.invalid/demo/00969,,Colegio The Auckland School.,Plaza Perú,Cardimed,Santa Isabel,Federación de Estudiantes Universidad de Concepción,597,255,152,50,259,161,0.83,2.5,29,demo,9.5,9.5,3.7,9.5
https://example.invalid/demo/01365,Universidad Técnica Federico Santa María,Escuela Especial Trastorno de la Comunicación Saint Berty,,Clínica Mutual de Seguridad CCHC,Jumbo,Duoc UC,1680,642,663,364,35,756,0.68,5.7,38,demo,9.5,7.8,7.5,7.5
https://example.invalid/demo/02414,Juan Pablo II,Escuela Luis Alberto Acevedo,Plaza San Pedro Histórico,Ex Clínica Universitaria San Pedro,Santa Isabel,Univesidad Santo Tomás Concepción,903,345,360,322,320,3294,0.65,2.8,34,demo,9.5,4.2,3.2,3.7
https://example.invalid/demo/00366,Pedro Medina,Colegio de Lenguaje Senderos de BioBio,,Policlínico Chiguayante,Unimarc,,884,713,757,1486,1209,,0.8,3.0,30,demo,9.5,4.0,3.3,3.5
https://example.invalid/demo/01542,Terminal Santa Rita,Escuela Básica Diferencial Arcoiris,,CESFAM Villa los Ríos,Unimarc,Instituto Santo Tomás,4900,1305,2223,3058,2755,4408,0.6,8.0,35,demo,9.5,9.5,9.5,9.5
https://example.invalid/demo/01490,Universidad Técnica Federico Santa María,Escuela Especial de Lenguaje Villa Hermosa,,CESFAM Hualpencillo,Alvi,CEDUC UCN Hualpén,695,71,273,1236,197,629,0.69,3.3,36,demo,9.5,4.8,3.5,4.0
https://example.invalid/demo/00049,Estación de buses Turbus,Colegio Chileno Árabe,,Cruz Roja Filial Chiguayante,Supermercado Mey,,2113,1731,1794,1934,2086,,0.91,6.8,32,demo,9.5,9.5,9.3,9.5
https://example.invalid/demo/00927,Terminal de Buses 63 Rengo Lientur,Escuela de Lenguaje Titirimundi,Parque Villa Cap,Centro Medico Universidad San Sebastián,Minimarket Xiomara,Universidad San Sebastián,203,356,143,1141,1083,978,0.79,8.3,38,demo,9.5,9.5,9.3,9.5
https://example.invalid/demo/01034,Conquistador,Colegio Gran Bretaña,,Centro Medico Universidad San Sebastián,Unimarc,Casa Central Universidad Catolica de la Santisima Concepción,272,200,374,816,317,868,0.72,5.0,29,demo,9.5,8.5,6.3,7.3
https://example.invalid/demo/00063,Estación de buses Turbus,Colegio Chileno Árabe,,Cruz Roja Filial Chiguayante,Supermercado Mey,,1308,515,642,1069,1138,,0.83,7.7,30,demo,9.5,9.5,8.7,9.3
https://example.invalid/demo/00497,Manquimávida,Colegio Madre Paulina,,CESFAM Pinares,Lider,,1057,1162,595,1742,1286,,0.59,8.5,34,demo,9.5,9.5,9.5,9.5
https://example.invalid/demo/02752,Hospital Las Higueras,Escuela de Lenguaje Santa Catalina,,Hospital Las Higueras,Supermercado Ganga,Universidad Católica de la Santísima Concepción Talcahuano,740,283,316,749,518,395,0.47,2.3,30,demo,9.5,3.3,2.3,2.5
https://example.invalid/demo/01544,Terminal de Buses Islajacoop,Escuela Particular Biobío de los Ángeles,,CESFAM Nuevo horizonte,Supermercado Acuenta,Centro Integral de Educación Tecnológica Curamávida,2721,511,66,570,966,977,0.75,4.8,32,demo,9.5,9.5,9.2,9.5
https://example.invalid/demo/02654,Mercado,Liceo Almirante Pedro Espina Ritchie,Borde Costero El Morro,Filial Cruz Roja Talcahuano,Lider,Instituto Profesional ESUCOMEX Talcahuano,1596,859,683,845,1258,1278,0.53,5.2,30,demo,9.5,9.5,9.2,9.5
https://example.invalid/demo/00393,Estación de buses Turbus,Colegio Chileno Árabe,,Cruz Roja Filial Chiguayante,Unimarc,,1918,826,694,1678,1204,,0.68,4.3,34,demo,9.5,9.5,9.3,9.5
https://example.invalid/demo/02432,Juan Pablo II,Deutsche Schule Concepción,,Ex Clínica Universitaria San Pedro,Unimarc,AIEP,1312,395,439,528,683,3359,0.68,4.0,31,demo,9.5,5.7,4.5,5.7
https://example.invalid/demo/02974,,Escuela Básica Ignacio Serrano Montaner,,Hospital de Tomé,Unimarc,,3945,281,451,805,1182,,0.59,7.3,34,demo,9.5,9.5,9.5,9.5
https://example.invalid/demo/01871,Terminal Santa Rita,Colegio María Inmaculada de Los Ángeles,Plaza Costanera Paillihue Sur,CESFAM/ SAPU Paillihue,Super Pan,,1789,65,176,791,185,1341,0.79,5.3,38,demo,9.5,7.0,5.8,6.0
https://example.invalid/demo/02148,Juan Pablo II,Escuela de Lenguaje Llacolén,Plaza Bellavista,Ex Clínica Universitaria San Pedro,Super Gangas,Univesidad Santo Tomás Concepción,929,730,490,1359,721,2577,0.7,5.8,30,demo,9.5,8.8,6.8,8.3
https://example.invalid/demo/01737,Terminal de Buses Rurales Vega Techada,Escuela E-927 República de Israel (ex n° 5),,CESFAM NORORIENTE Los Ángeles,Unimarc,Hogar Universidad de Concepción,671,135,122,403,292,580,0.65,7.2,37,demo,9.5,9.5,8.2,9.5
https://example.invalid/demo/01647,Terminal Santa Rita,Colegio Santo Tomas de Aquino,,CESFAM/ SAPU Paillihue,Super Pan,,1453,194,223,778,971,948,0.73,5.3,37,demo,9.5,9.5,8.5,9.5
https://example.invalid/demo/02433,Juan Pablo II,Colegio Santísima Trinidad,,Ex Clínica Universitaria San Pedro,Unimarc,INACAP San Pedro de la Paz,1573,294,421,790,250,3064,0.78,7.7,37,demo,9.5,9.5,9.2,9.5
https://example.invalid/demo/00858,Terminal de Buses Collao,Escuela Básica Lagos de Chile,,SAMU,Il Patrone,CapsiUdeC,1530,801,601,1374,1084,1048,0.67,8.3,36,demo,9.5,9.5,9.5,9.5
https://example.invalid/demo/02900,,Escuela de Lenguaje Campanita,Parque Agustín Dagnino,Hospital de Tomé,Acuenta,,3432,275,556,980,1309,,0.79,7.0,33,demo,9.5,7.5,7.3,7.5
https://example.invalid/demo/00320,Manquimávida,Colegio Madre Paulina,,CESFAM Pinares,Lider,,1468,1493,1272,2542,2113,,0.73,7.0,30,demo,9.5,9.5,9.3,9.5
https://example.invalid/demo/00954,Terminal de Buses Collao,Colegio Salesiano de Concepción,Plaza San Juan Bosco,Clínica Ernesto Silva B.,La Taquilla,Universidad del Desarrollo,1165,68,87,270,147,247,0.74,4.8,34,demo,9.5,6.3,5.2,5.5
https://example.invalid/demo/01189,Buses Delsal,Colegio Metodista de Concepción,Plaza de la Independencia,Indimed,Alimentos del Pedregal,Casa Central Universidad Catolica de la Santisima Concepción,248,90,384,454,200,421,0.77,3.3,35,demo,9.5,6.5,4.2,5.7
https://example.invalid/demo/02590,Terminal Félix Adán,Escuela Básica Cerro Cornou,,Filial Cruz Roja Talcahuano,Santa Isabel,Instituto Profesional ESUCOMEX Talcahuano,223,172,245,1109,409,1464,0.64,7.5,28,demo,9.5,9.5,9.5,9.5
https://example.invalid/demo/02300,Juan Pablo II,Escuela Luis Alberto Acevedo,Plaza San Pedro Histórico,Ex Clínica Universitaria San Pedro,Santa Isabel,Univesidad Santo Tomás Concepción,983,387,388,409,401,3227,0.64,6.8,39,demo,9.5,8.3,7.2,7.8
https://example.invalid/demo/00545,Pedro Medina,Colegio de Lenguaje Senderos de BioBio,,CESFAM Pinares,Lider,,456,467,428,1093,553,,0.76,5.8,29,demo,9.5,7.2,6.5,6.8
https://example.invalid/demo/02979,,Internado Municipal Bellavista,Plaza de Bellavista,CESFAM/ SAPU Bellavista,Acuenta,,1385,360,624,412,1381,,0.71,9.0,31,demo,9.5,9.5,9.5,9.5
https://example.invalid/demo/01159,Terminal de líneas a Tomé,Escuela de Lenguaje Cicel,,Centro Integral para el Adulto Mayor Lorenzo Arenas,Supermercado Unihue,Colegio Bautista de Concepción,435,629,178,1014,523,904,0.59,6.0,34,demo,9.5,9.5,9.3,9.5
https://example.invalid/demo/00674,Pedro Medina,Colegio de Lenguaje Senderos de BioBio,,Policlínico Chiguayante,Super Ganga,,548,400,129,896,592,,0.71,6.3,31,demo,9.5,7.7,6.8,7.2
https://example.invalid/demo/02298,Juan Pablo II,Deutsche Schule Concepción,,Ex Clínica Universitaria San Pedro,Unimarc,INACAP San Pedro de la Paz,1387,231,297,551,265,3245,0.72,0.8,39,demo,9.5,7.7,1.2,2.0
https://example.invalid/demo/01732,Terminal Santa Rita,Liceo Santa Rita,Alameda,Centro Médico y Dental RedSalud,Jumbo,Instituto Santo Tomás,905,199,72,289,35,149,0.68,4.2,34,demo,9.5,7.0,4.5,5.5
https://example.invalid/demo/02351,Juan Pablo II,Deutsche Schule Concepción,,Ex Clínica Universitaria San Pedro,Unimarc,Instituto Profesional Virginio Gómez,2596,1489,597,1888,1625,2840,0.7,4.5,40,demo,9.5,6.5,6.0,6.0
https://example.invalid/demo/01979,Juan Pablo II,Escuela Especial de Lenguaje Campanella,Plaza Pases de Negrete,Ex Clínica Universitaria San Pedro,Verluys,INACAP San Pedro de la Paz,615,239,95,640,603,2823,0.58,4.3,33,demo,9.5,4.8,4.7,4.7
https://example.invalid/demo/01276,Estación Intermodal Coronel,Escuela de Lenguaje Farolito Dorado,,CESFAM Yobilo,Unimarc,,1730,1037,981,1128,1625,2407,0.77,6.7,31,demo,9.5,9.5,8.8,9.5
https://example.invalid/demo/00337,Estación de buses Turbus,Colegio John F. Kennedy,Plaza Manuel Rodríguez,Cruz Roja Filial Chiguayante,Supermercado Monika,,654,322,734,523,644,,0.76,7.7,29,demo,9.5,9.5,9.2,9.5
https://example.invalid/demo/01995,Juan Pablo II,Escuela de Lenguaje Aserrín Aserrán,,Ex Clínica Universitaria San Pedro,Verluys,INACAP San Pedro de la Paz,97,530,309,942,211,3355,0.94,3.3,35,demo,9.5,9.5,9.5,9.5
https://example.invalid/demo/01282,Coronel,Escuela de Lenguaje CIDNEE,Paseo Ola,Centro kinésico Coronel,Unimarc,,1144,1108,919,1250,1136,1184,0.72,7.3,39,demo,9.5,9.5,9.5,9.5
https://example.invalid/demo/00821,,Escuela F-560 Luis Muñoz Burboa,Parque Metropolitano Cerro Caracol,Centro Clínico Docente en Oftalmología,Santa Isabel,Centro Mandala,944,395,762,1304,1460,579,0.79,5.3,38,demo,9.5,6.2,5.8,6.2
https://example.invalid/demo/03099,,Escuela Mariano Egaña,Parque Villa Nuevo Tomé,CESFAM Alberto Reyes,Acuenta,,4787,1037,775,1698,2438,,0.75,8.5,36,demo,9.5,9.5,9.3,9.5
https://example.invalid/demo/01118,Estación Intermodal Concepción,Centro de Educación de Adultos Newentun,,Clínica Kenal,Alimentos del Pedregal,Instituto Profesional AIEP,637,162,254,96,141,110,0.61,6.2,38,demo,9.5,9.5,7.7,9.5
https://example.invalid/demo/00122,Estación de buses Turbus,Colegio Pacific School,Plaza de Armas de Chiguayante,Cruz Roja Filial Chiguayante,Supermercado Mey,,786,162,340,545,598,,0.53,0.0,34,demo,9.5,9.5,7.0,9.5
https://example.invalid/demo/02905,,Escuela Especial Expresión de Amor,,CESFAM Alberto Reyes,Unimarc,,4374,564,31,720,1614,,0.56,1.7,34,demo,9.5,6.0,6.0,6.0
https://example.invalid/demo/01716,Terminal Santa Rita,Escuela Santa María de Los Ángeles,Plaza España,,Unimarc,,299,87,262,430,209,249,0.69,5.0,35,demo,9.5,7.0,7.0,7.0
https://example.invalid/demo/01316,Lorenzo Arenas,Colegio Cristóbal Colón,,Sanatorio Alemán,Olimpia,Escuela de Suboficiales de Carabineros - Grupo Concepción,1211,176,68,155,187,1530,0.62,7.7,32,demo,9.5,9.5,9.3,9.5
https://example.invalid/demo/02551,Juan Pablo II,Escuela Especial de Lenguaje Campanella,Plaza Pases de Negrete,Ex Clínica Universitaria San Pedro,Verluys,INACAP San Pedro de la Paz,580,278,135,593,557,2881,0.61,7.0,31,demo,9.5,9.0,8.3,8.3
https://example.invalid/demo/02390,Juan Pablo II,Escuela Luis Alberto Acevedo,Plaza Lota,Ex Clínica Universitaria San Pedro,Santa Isabel,Univesidad Santo Tomás Concepción,545,101,130,560,178,3181,0.64,5.5,33,demo,9.5,8.3,5.7,8.0
https://example.invalid/demo/02706,Hospital Las Higueras,Escuela Leonor Mascayano,,Hospital Las Higueras,Supermercado Ganga,Universidad Católica de la Santísima Concepción Talcahuano,190,217,139,438,250,328,0.73,4.7,33,demo,9.5,6.3,5.8,6.2
https://example.invalid/demo/00491,Pedro Medina,Escuela José Hipólito Salas y Toro,Plaza Cochrane,Policlínico Chiguayante,Santa Isabel,,630,418,137,769,425,,0.77,2.3,35,demo,9.5,6.2,4.0,4.8
https://example.invalid/demo/02768,Mercado,Liceo Almirante Pedro Espina Ritchie,Borde Costero El Morro,Filial Cruz Roja Talcahuano,Lider,Instituto Profesional ESUCOMEX Talcahuano,1513,737,563,735,1145,1145,0.59,3.5,32,demo,9.5,4.2,3.8,3.8
https://example.invalid/demo/00868,Buses Delsal,Colegio Edward,,Clínica Ernesto Silva B.,Muelle Sur,Universidad del Desarrollo,1061,209,213,357,293,357,0.64,5.2,33,demo,9.5,9.2,8.0,8.5
https://example.invalid/demo/02302,Concepción,Colegio Alerce,Parque Costanera,Centro de Salud Familiar Juan Soto Fernández,Tottus,Univesidad Santo Tomás Concepción,1522,1172,880,1103,1356,1610,0.66,5.2,32,demo,9.5,9.5,8.3,9.0
https://example.invalid/demo/01858,Terminal Santa Rita,Escuela Especial Amanecer,,Clínica Adventista,Jumbo,Instituto Santo Tomás,1309,227,115,332,556,547,0.74,5.0,34,demo,9.5,6.8,6.3,6.5
https://example.invalid/demo/02082,Juan Pablo II,Deutsche Schule Concepción,,Ex Clínica Universitaria San Pedro,Santa Isabel,AIEP,1444,698,761,788,866,3035,0.67,1.2,27,demo,9.5,7.7,3.7,7.5
https://example.invalid/demo/01910,Lirquén,Escuela Penco,Plazoleta Miraflores,CESFAM Penco,Maro,,3395,1272,1295,1351,1291,,0.68,0.0,37,demo,9.5,9.5,9.0,9.5
https://example.invalid/demo/01377,Universidad Técnica Federico Santa María,Escuela Especial de Lenguaje Semillita,,Sanatorio Alemán,Alvi,Universidad Técnica Federico Santa María,1321,211,331,884,488,1117,0.85,8.0,34,demo,9.5,9.5,8.5,9.0
https://example.invalid/demo/00386,Pedro Medina,Colegio de Lenguaje Senderos de BioBio,,Policlínico Chiguayante,Super Ganga,,815,633,630,1381,1109,,0.72,6.0,32,demo,9.5,9.5,8.8,9.5
https://example.invalid/demo/00718,Terminal de buses Pedro de Valdivia,Saint John's School,,Clínica de la mujer - Sanatorio Alemán,Señora Teresa,Centro Mandala,1765,858,526,1188,595,1962,0.75,4.7,36,demo,9.5,6.3,6.2,6.3
https://example.invalid/demo/02012,Juan Pablo II,Escuela de Lenguaje Aserrín Aserrán,,Ex Clínica Universitaria San Pedro,Verluys,INACAP San Pedro de la Paz,361,192,53,775,402,2956,0.72,8.0,39,demo,9.5,8.5,8.3,8.3
https://example.invalid/demo/02388,Juan Pablo II,Escuela de Lenguaje Llacolén,Plaza Bellavista,Ex Clínica Universitaria San Pedro,Super Gangas,Univesidad Santo Tomás Concepción,865,341,99,1008,535,2693,0.62,7.5,32,demo,9.5,9.5,7.8,8.5
https://example.invalid/demo/02810,Hospital Las Higueras,Escuela de Lenguaje Santa Catalina,,Hospital Las Higueras,Supermercado Ganga,Universidad Católica de la Santísima Concepción Talcahuano,725,525,368,932,485,369,0.62,5.3,32,demo,9.5,7.0,5.3,5.3
https://example.invalid/demo/01300,Estación Intermodal Coronel,Escuela Vista Hermosa,Plazoleta Altos de Coronel,Hospital San José de Coronel,Unimarc,,1426,720,619,969,933,1745,0.58,7.5,38,demo,9.5,9.5,8.5,9.5
https://example.invalid/demo/00631,Estación de buses Turbus,Colegio John F. Kennedy,Plaza de Armas de Chiguayante,Cruz Roja Filial Chiguayante,Supermercado Monika,,1513,1170,1469,1360,1502,,0.79,7.8,28,demo,9.5,8.8,8.8,8.8
https://example.invalid/demo/00441,Pedro Medina,Colegio de Lenguaje Senderos de BioBio,,Cruz Roja Filial Chiguayante,Unimarc,,1143,972,996,1728,1465,,0.65,7.5,40,demo,9.5,9.5,9.3,9.5
https://example.invalid/demo/01210,,Colegio La Providencia,Plaza Perú,Centro Médico Obstétrico y Ginecológico,Alimentos del Pedregal,Preuniversitarios Cpech,721,229,367,98,163,12,0.67,3.8,30,demo,9.5,5.0,4.7,4.8
https://example.invalid/demo/01204,,Escuela Biobío,,Medyks,Supermercado Versluys,Universidad de las Américas,448,38,304,65,255,94,0.69,6.7,32,demo,9.5,8.8,7.0,7.8
https://example.invalid/demo/00083,Pedro Medina,Escuela Básica Bélgica,,Policlínico Chiguayante,Unimarc,,720,120,68,395,433,,0.82,6.5,38,demo,9.5,8.7,8.0,8.7
https://example.invalid/demo/00939,Terminal de Buses 63 Rengo Lientur,Escuela Irene Frei de Cid,Plaza Los Troncos,CESFAM Santa Sabina,Minimarket Xiomara,Universidad San Sebastián,637,128,178,1072,1187,1043,0.71,7.0,34,demo,9.5,9.5,9.5,9.5
https://example.invalid/demo/01822,Terminal de Buses Islajacoop,Escuela Especial Mi Ventana,Plaza Libertador Bernardo O'Higgins,Centro Médico Central,Tottus,Instituto AIEP,668,45,499,247,164,174,0.79,6.7,33,demo,9.5,7.5,7.2,7.5
https://example.invalid/demo/02607,Hospital Las Higueras,Liceo La Asunción,Parque Las Araucarias,Hospital Las Higueras,Supermercado Ganga,Universidad Católica de la Santísima Concepción Talcahuano,981,46,214,599,1122,1180,0.69,8.5,35,demo,9.5,9.0,8.8,8.8
https://example.invalid/demo/02985,,Escuela de Lenguaje Campanita,Parque Agustín Dagnino,Hospital de Tomé,Acuenta,,3348,520,480,723,1071,,0.76,7.0,33,demo,9.5,9.5,9.5,9.5
https://example.invalid/demo/00159,Pedro Medina,Colegio Andrés Bello,,CESFAM Pinares,Lider,,683,241,164,296,285,,0.72,3.8,32,demo,9.5,9.2,7.3,8.0
https://example.invalid/demo/01805,Terminal Santa Rita,Pulmahue Montessori,,Centro Médico Andes Salud,Tottus,,1650,234,268,759,804,1227,0.78,5.8,32,demo,9.5,9.5,9.5,9.5
https://example.invalid/demo/00311,Pedro Medina,Colegio de Lenguaje Senderos de BioBio,,Policlínico Chiguayante,Super Ganga,,445,268,186,928,654,,0.63,3.5,35,demo,9.5,5.3,4.2,4.3
https://example.invalid/demo/02068,Juan Pablo II,Colegio Santísima Trinidad,,Ex Clínica Universitaria San Pedro,Unimarc,INACAP San Pedro de la Paz,2875,1347,895,2014,1256,4124,0.66,6.3,35,demo,9.5,9.5,6.8,9.5
https://example.invalid/demo/02825,Hospital Las Higueras,Escuela Básica Libertad E 492,,Hospital Las Higueras,Lider,Universidad Católica de la Santísima Concepción Talcahuano,957,264,227,858,577,620,0.59,4.2,34,demo,9.5,6.5,4.5,5.2
https://example.invalid/demo/01951,Lirquén,Escuela Penco,Plazoleta Miraflores,CESFAM Penco,Gabito,,3380,373,486,661,592,,0.68,4.8,31,demo,9.5,6.5,5.8,5.8
https://example.invalid/demo/01575,Terminal Santa Rita,Escuela F-900 República de Alemania,,Consultorio,Supermercado Unico,Instituto Santo Tomás,1919,250,144,941,222,1315,0.72,6.8,36,demo,9.5,9.5,8.2,9.5
https://example.invalid/demo/00724,Terminal de Buses Collao,Escuela Diferencial y de Lenguaje maison l'enfance,Plaza Acevedo,Centro de Salud Familiar Víctor Manuel Fernández,Lider,Universidad del Desarrollo,715,322,67,186,285,791,0.62,8.0,40,demo,9.5,9.5,9.5,9.5
https://example.invalid/demo/00024,,,,,,,,,,,,,0.75,3.2,32,demo,9.5,3.5,3.2,3.2
https://example.invalid/demo/00861,Concepción,Escuela de Lenguaje Llacolén,Plaza Bellavista,Centro de Salud Familiar Juan Soto Fernández,Super Gangas,AIEP,1662,1230,947,1396,1558,1866,0.84,4.2,31,demo,9.5,8.3,5.0,7.2
https://example.invalid/demo/02118,Juan Pablo II,Saint John's School,,Ex Clínica Universitaria San Pedro,Unimarc,Instituto Profesional Virginio Gómez,3659,2073,991,2799,2060,4535,0.7,6.8,37,demo,9.5,8.5,8.3,8.3
https://example.invalid/demo/02182,Juan Pablo II,Deutsche Schule Concepción,,Ex Clínica Universitaria San Pedro,Unimarc,Instituto Profesional Virginio Gómez,3285,1871,631,2450,1830,3846,0.71,5.7,31,demo,9.5,7.5,6.8,7.5
https://example.invalid/demo/03095,,Escuela Especial de Lenguaje Tierra de Niños,Plaza de Bellavista,CESFAM/ SAPU Bellavista,Acuenta,,1354,483,644,452,1432,,0.81,4.5,37,demo,9.5,9.5,9.3,9.5
https://example.invalid/demo/01199,Conquistador,C.E.I.A. Monseñor Alfredo Silva Santiago,Huerta Comunitaria C3,Clínica Kenal,Mayorista 10,Colegio Bautista de Concepción,224,110,216,781,211,618,0.88,4.5,34,demo,9.5,8.3,7.5,8.0
https://example.invalid/demo/01183,,Escuela Mixta República de Ecuador,,Clínica de la mujer - Sanatorio Alemán,Señora Teresa,Centro Mandala,1818,546,417,623,536,1674,0.64,7.7,33,demo,9.5,9.5,9.5,9.5
https://example.invalid/demo/01144,Buses Delsal,Escuela Diferencial y Centro de Atencion Temprana Libertad,,Centro Médico Obstétrico y Ginecológico,Jumbo,Preuniversitarios Cpech,521,238,274,414,392,370,0.67,6.0,33,demo,9.5,7.3,6.5,6.7
https://example.invalid/demo/02145,Juan Pablo II,Deutsche Schule Concepción,,Ex Clínica Universitaria San Pedro,Santa Isabel,AIEP,1586,870,659,978,1019,2864,0.79,4.0,33,demo,9.5,4.3,4.3,4.3
https://example.invalid/demo/02641,Mercado,Colegio Etchegoyen Coemtal,,Filial Cruz Roja Talcahuano,Santa Isabel,Instituto Profesional ESUCOMEX Talcahuano,444,321,296,537,393,1127,0.67,6.5,36,demo,9.5,9.5,9.2,9.5
https://example.invalid/demo/01759,Terminal Santa Rita,Escuela F-900 República de Alemania,,Consultorio,Supermercado Unico,Instituto Santo Tomás,1873,67,101,864,469,1179,0.81,5.3,32,demo,9.5,9.5,7.8,9.5
https://example.invalid/demo/00120,Pedro Medina,Colegio de Lenguaje Senderos de BioBio,,Policlínico Chiguayante,Lider,,1435,1316,1160,2101,1641,,0.57,6.0,28,demo,9.5,9.5,7.5,8.2
https://example.invalid/demo/01795,Terminal Santa Rita,Escuela Diferencial Ángelitos,,CESFAM/ SAPU 2 de Septiembre,Lider Express,Inacap Los Ángeles,1835,332,206,238,532,787,0.82,4.0,28,demo,9.5,7.7,6.8,7.2
https://example.invalid/demo/02394,Juan Pablo II,Escuela Luis Alberto Acevedo,Plaza San Pedro Histórico,Ex Clínica Universitaria San Pedro,Santa Isabel,Univesidad Santo Tomás Concepción,778,237,265,326,195,3290,0.64,5.7,42,demo,9.5,7.8,6.0,6.2
https://example.invalid/demo/01466,Universidad Técnica Federico Santa María,Colegio Parque Central,,Clínica Mutual de Seguridad CCHC,Alvi,Universidad Técnica Federico Santa María,749,280,91,1174,691,539,0.64,7.7,33,demo,9.5,8.3,8.3,8.3
https://example.invalid/demo/01371,Universidad Técnica Federico Santa María,Colegio Parque Central,,Clínica Mutual de Seguridad CCHC,Alvi,Universidad Técnica Federico Santa María,826,327,159,994,904,614,0.61,7.5,31,demo,9.5,9.2,9.2,9.2
https://example.invalid/demo/00778,,Colegio Einstein Concepcion,Plaza Perú,Cardimed,Santa Isabel,Federación de Estudiantes Universidad de Concepción,548,246,62,129,318,88,0.86,4.5,28,demo,9.5,5.2,5.2,5.2
https://example.invalid/demo/01362,Universidad Técnica Federico Santa María,Liceo Pedro del Rio Zañartu,Plaza Arturo Prat,CESFAM Hualpencillo,Alvi,CEDUC UCN Hualpén,1119,120,243,969,644,1047,0.78,4.5,40,demo,9.5,6.7,6.0,6.7
https://example.invalid/demo/00354,Estación de buses Turbus,Colegio Santa Inés,Plaza Manuel Rodríguez,Cruz Roja Filial Chiguayante,Supermercado Monika,,155,152,206,88,116,,0.69,7.2,32,demo,9.5,8.0,7.5,7.8
https://example.invalid/demo/02667,Mercado,Colegio Especial del Mar,,Filial Cruz Roja Talcahuano,Santa Isabel,Instituto Profesional ESUCOMEX Talcahuano,742,35,192,97,626,683,0.7,7.7,33,demo,9.5,9.5,9.3,9.5
https://example.invalid/demo/02138,Diagonal Biobío,Liceo San Pedro,,CESFAM San Pedro de La Paz,El Rencuentro,INACAP San Pedro de la Paz,432,265,81,712,180,2099,0.56,5.5,32,demo,9.5,8.2,7.7,7.8
https://example.invalid/demo/02382,Juan Pablo II,,Plaza Enrique Soro,Ex Clínica Universitaria San Pedro,Bio Pan,Instituto Santo Tomás,906,463,247,1741,560,3280,0.56,6.3,34,demo,9.5,9.5,9.5,9.5
https://example.invalid/demo/01156,Buses Delsal,Colegio Metodista de Concepción,Huerta Comunitaria C3,Indimed,Alimentos del Pedregal,Casa Central Universidad Catolica de la Santisima Concepción,157,55,413,573,139,438,0.69,7.0,32,demo,9.5,8.7,7.7,8.0
https://example.invalid/demo/02372,Juan Pablo II,Colegio El Arrayán,Plaza Pedro Lira,Ex Clínica Universitaria San Pedro,Verluys,INACAP San Pedro de la Paz,418,313,94,461,323,3189,0.72,7.2,39,demo,9.5,9.3,8.3,8.3
https://example.invalid/demo/02924,,Escuela Básica y Adultos California,Plaza de Bellavista,CESFAM/ SAPU Bellavista,Acuenta,,2063,583,1465,1296,1395,,0.78,8.0,32,demo,9.5,9.5,9.0,9.5
https://example.invalid/demo/00117,Pedro Medina,Colegio de Lenguaje Senderos de BioBio,,Policlínico Chiguayante,Unimarc,,590,416,501,1194,920,,0.71,2.7,31,demo,9.5,8.7,3.3,8.2
https://example.invalid/demo/02165,Terminal de colectivos 21,Colegio Rucalhue,,CESFAM Talcahuano Sur,Supermercado: Donde Carlos,CEDUC UCN Hualpén,728,94,67,282,436,2020,0.65,4.0,37,demo,9.5,9.5,8.2,9.5
https://example.invalid/demo/00428,Estación de buses Turbus,Colegio Santa Inés,Plaza Manuel Rodríguez,Cruz Roja Filial Chiguayante,Supermercado Mey,,246,285,202,246,102,,0.74,4.8,35,demo,9.5,7.5,7.3,7.5
https://example.invalid/demo/02619,Hospital Las Higueras,Escuela de Lenguaje Santa Catalina,,Hospital Las Higueras,Lider,Universidad Católica de la Santísima Concepción Talcahuano,925,575,172,1039,497,563,0.58,2.8,31,demo,9.5,4.2,2.8,3.2
https://example.invalid/demo/01549,Terminal de Buses Rurales Vega Techada,Liceo Don Orione,,CESFAM Norte,Super Ganga,Instituto AIEP,1268,543,206,869,910,1251,0.61,6.2,28,demo,9.5,6.7,6.7,6.7
https://example.invalid/demo/01120,,Instituto de Humanidades Alfredo Silva Santiago,Parque Ecuador,Inmunomédica,Supermercado Versluys,Instituto Janequeo,182,133,176,292,427,283,0.84,4.3,31,demo,9.5,8.7,7.5,8.2
https://example.invalid/demo/00047,Estación de buses Turbus,Colegio John F. Kennedy,,Cruz Roja Filial Chiguayante,Supermercado Monika,,1467,1191,1181,1392,1473,,0.77,5.2,39,demo,9.5,6.5,5.5,6.0
https://example.invalid/demo/00090,Pedro Medina,Colegio de Lenguaje Senderos de BioBio,,Cruz Roja Filial Chiguayante,Santa Isabel,,881,711,482,976,899,,0.66,2.7,35,demo,9.5,5.8,4.0,4.7
https://example.invalid/demo/00607,Estación de buses Turbus,Colegio John F. Kennedy,,Cruz Roja Filial Chiguayante,Supermercado Monika,,1476,1206,1165,1407,1484,,0.82,4.5,34,demo,9.5,8.0,6.3,7.7
https://example.invalid/demo/00614,Chiguayante,Golden School,,Policlínico Chiguayante,Santa Isabel,,704,24,318,425,100,,0.84,6.0,37,demo,9.5,8.5,7.5,7.5
https://example.invalid/demo/02376,Juan Pablo II,Deutsche Schule Concepción,,Ex Clínica Universitaria San Pedro,Unimarc,AIEP,1551,223,515,708,462,3539,0.79,4.8,34,demo,9.5,6.8,5.8,6.2
https://example.invalid/demo/01816,Terminal de Buses Islajacoop,Escuela D-868 General Bernardo O'Higgins (ex n° 1),Plaza Libertador Bernardo O'Higgins,Centro Médico Central,Tottus,Instituto AIEP,598,14,481,261,91,182,0.78,5.0,32,demo,9.5,8.7,7.5,8.5
https://example.invalid/demo/02229,El Parque,Saint John's School,,Ex Clínica Universitaria San Pedro,Unimarc,INACAP San Pedro de la Paz,2587,492,605,2558,1894,2701,0.7,7.3,40,demo,9.5,9.5,8.8,9.5
https://example.invalid/demo/00455,Estación de buses Turbus,Colegio John F. Kennedy,,Cruz Roja Filial Chiguayante,Supermercado Monika,,730,613,520,767,755,,0.47,1.5,32,demo,9.5,8.8,6.7,8.2
https://example.invalid/demo/02250,Juan Pablo II,Deutsche Schule Concepción,,Ex Clínica Universitaria San Pedro,Unimarc,INACAP San Pedro de la Paz,1301,413,314,527,398,3073,0.7,7.8,30,demo,9.5,8.2,8.2,8.2
https://example.invalid/demo/00113,Estación de buses Turbus,Colegio John F. Kennedy,,Cruz Roja Filial Chiguayante,Supermercado Monika,,980,666,1055,867,976,,0.68,6.3,31,demo,9.5,9.5,8.8,9.5
https://example.invalid/demo/00224,Estación de buses Turbus,Colegio Chileno Árabe,Plaza de Armas de Chiguayante,Cruz Roja Filial Chiguayante,Unimarc,,1119,203,278,900,742,,0.76,4.2,33,demo,9.5,9.5,9.2,9.5
https://example.invalid/demo/00504,Estación de buses Turbus,Colegio John F. Kennedy,Plaza Manuel Rodríguez,Cruz Roja Filial Chiguayante,Supermercado Monika,,578,278,662,478,574,,0.7,3.8,33,demo,9.5,7.7,6.3,7.0
https://example.invalid/demo/00506,Pedro Medina,Colegio de Lenguaje Senderos de BioBio,,Policlínico Chiguayante,Unimarc,,462,322,524,1112,768,,0.74,6.2,34,demo,9.5,7.7,6.8,7.3
https://example.invalid/demo/00105,Estación de buses Turbus,Colegio Santa Inés,,Cruz Roja Filial Chiguayante,Supermercado Mey,,408,194,254,220,146,,0.78,0.0,32,demo,9.5,9.5,9.2,9.5
https://example.invalid/demo/02642,Terminal de buses Mi Expreso,Escuela de Lenguaje Rucahue,,CESFAM San Vicente,Unimarc,Instituto Profesional ESUCOMEX Talcahuano,718,310,485,350,961,1244,0.73,7.2,33,demo,9.5,9.5,9.0,9.5
https://example.invalid/demo/00632,Pedro Medina,Colegio de Lenguaje Senderos de BioBio,,Policlínico Chiguayante,Super Ganga,,671,485,440,1199,921,,0.73,4.7,33,demo,9.5,7.2,5.0,6.0
https://example.invalid/demo/00247,Estación de buses Turbus,Colegio Chileno Árabe,,Cruz Roja Filial Chiguayante,Unimarc,,1500,320,267,1261,848,,0.68,8.8,34,demo,9.5,9.5,9.5,9.5
https://example.invalid/demo/02064,Juan Pablo II,Deutsche Schule Concepción,,Ex Clínica Universitaria San Pedro,Unimarc,Instituto Profesional Virginio Gómez,2683,1212,737,1823,1095,4066,0.72,6.7,36,demo,9.5,8.2,7.2,7.7
https://example.invalid/demo/02411,Juan Pablo II,Escuela de Lenguaje Llacolén,,Ex Clínica Universitaria San Pedro,Santa Isabel,AIEP,1683,962,527,1129,1133,2700,0.7,7.0,30,demo,9.5,9.5,9.3,9.5
https://example.invalid/demo/00499,Estación de buses Turbus,Colegio John F. Kennedy,,Cruz Roja Filial Chiguayante,Supermercado Monika,,979,807,614,984,1000,,0.58,6.3,31,demo,9.5,8.7,8.0,8.5
https://example.invalid/demo/00360,Pedro Medina,Centro de Nivelación y de Capacitación para Adultos Madre María Nys,Plaza Pedro Medina,Policlínico Chiguayante,Super Ganga,,278,167,244,471,261,,0.73,4.0,41,demo,9.5,5.2,5.2,5.2
https://example.invalid/demo/00845,Terminal de buses Pedro de Valdivia,Saint John's School,,Clínica de la mujer - Sanatorio Alemán,Señora Teresa,Centro Mandala,1898,805,430,1036,521,1872,0.84,8.8,32,demo,9.5,9.5,9.3,9.5
https://example.invalid/demo/01052,,Mozatschule Concepción,,Centro Clínico Docente en Oftalmología,Santa Isabel,Centro Mandala,565,141,504,891,1048,185,0.7,7.5,37,demo,9.5,9.3,8.7,9.0
https://example.invalid/demo/00588,Chiguayante,Escuela José Hipólito Salas y Toro,Plaza Cochrane,Cruz Roja Filial Chiguayante,Santa Isabel,,381,310,322,605,453,,0.77,5.7,31,demo,9.5,9.5,9.2,9.5
https://example.invalid/demo/02330,Juan Pablo II,Colegio Santísima Trinidad,,Ex Clínica Universitaria San Pedro,Unimarc,INACAP San Pedro de la Paz,2673,1067,678,1818,1028,3836,0.7,6.8,37,demo,9.5,8.7,7.2,7.8
https://example.invalid/demo/00676,Estación de buses Turbus,Colegio John F. Kennedy,Plaza Manuel Rodríguez,Cruz Roja Filial Chiguayante,Supermercado Monika,,347,348,428,429,375,,0.66,3.2,38,demo,9.5,4.3,4.2,4.2
https://example.invalid/demo/00364,Estación de buses Turbus,Colegio John F. Kennedy,,Cruz Roja Filial Chiguayante,Supermercado Monika,,2964,2624,2720,2813,2954,,0.8,6.3,25,demo,9.5,9.5,9.3,9.5
https://example.invalid/demo/01268,Estación Intermodal Coronel,Escuela Vista Hermosa,Plazoleta Altos de Coronel,Hospital San José de Coronel,Unimarc,,1754,1036,1045,1376,1360,2172,0.59,7.5,37,demo,9.5,9.5,9.0,9.5
https://example.invalid/demo/02331,Juan Pablo II,Deutsche Schule Concepción,,Ex Clínica Universitaria San Pedro,Unimarc,INACAP San Pedro de la Paz,2016,543,167,1155,448,3688,0.63,0.0,38,demo,9.5,9.3,0.0,9.3
https://example.invalid/demo/00524,Pedro Medina,Colegio de Lenguaje Senderos de BioBio,,Cruz Roja Filial Chiguayante,Supermercado Monika,,1027,848,653,1054,1074,,0.73,0.0,33,demo,9.5,8.0,4.3,8.0
https://example.invalid/demo/02862,El Arenal,Colegio Remodelación Simons,,Filial Cruz Roja Talcahuano,Lider,Instituto Profesional ESUCOMEX Talcahuano,1182,476,101,1012,512,919,0.58,7.0,36,demo,9.5,9.5,8.7,9.0
https://example.invalid/demo/02594,El Arenal,Escuela Básica Libertad E 492,,Hospital Las Higueras,Lider,Universidad Católica de la Santísima Concepción Talcahuano,1088,497,64,895,1156,1171,0.76,8.3,34,demo,9.5,9.5,8.8,9.5
https://example.invalid/demo/01742,Terminal de Buses Rurales Vega Techada,Liceo Don Orione,,CESFAM Norte,Super Ganga,Instituto AIEP,1127,434,173,791,789,1105,0.65,5.5,37,demo,9.5,8.7,7.7,8.0
https://example.invalid/demo/01559,Terminal de Buses Rurales Vega Techada,Escuela Diferencial Alen,,CESFAM Norte,Supermercado Acuenta,Centro Integral de Educación Tecnológica Curamávida,2180,337,516,1065,1224,918,0.59,5.0,32,demo,9.5,6.0,5.2,5.5
https://example.invalid/demo/02293,Juan Pablo II,Colegio Santísima Trinidad,,Ex Clínica Universitaria San Pedro,Unimarc,INACAP San Pedro de la Paz,1494,505,264,937,750,2576,0.82,0.0,39,demo,9.5,0.0,0.0,0.0
https://example.invalid/demo/02903,,Escuela Básica y Adultos California,Parque Villa Nuevo Tomé,Hospital de Tomé,Acuenta,,2564,589,1562,1648,1451,,0.71,5.3,34,demo,9.5,6.8,5.5,5.8
https://example.invalid/demo/02702,Hospital Las Higueras,Escuela Básica Libertad E 492,,Hospital Las Higueras,Lider,Universidad Católica de la Santísima Concepción Talcahuano,1060,759,283,1223,426,706,0.53,2.2,40,demo,9.5,5.0,4.3,4.5
https://example.invalid/demo/01581,Terminal Santa Rita,Escuela de Lenguaje Contigo Aprendo,,CESFAM/ SAPU Paillihue,,,2161,289,186,807,1138,1673,0.68,6.5,31,demo,9.5,9.5,9.3,9.5
https://example.invalid/demo/03143,,Liceo República del Ecuador,Plaza Arturo Prat,Hospital de Tomé,Acuenta,,3050,132,525,416,531,,0.77,2.7,31,demo,9.5,7.8,6.3,6.8
https://example.invalid/demo/01259,Estación Intermodal Coronel,Escuela lenguaje exploradores del saber,Plazoleta Lautaro,Mutual de seguridad: CCHC,Unimarc,,1061,127,85,227,81,847,0.72,7.0,36,demo,9.5,9.5,8.3,8.8
https://example.invalid/demo/02950,,Internado Municipal Bellavista,Plaza de Bellavista,CESFAM/ SAPU Bellavista,Acuenta,,1442,469,711,526,1393,,0.67,8.2,30,demo,9.5,9.5,9.3,9.5
https://example.invalid/demo/02431,Juan Pablo II,Deutsche Schule Concepción,,Ex Clínica Universitaria San Pedro,Unimarc,INACAP San Pedro de la Paz,1263,213,187,402,461,3442,0.72,3.3,32,demo,9.5,6.3,5.7,6.0
https://example.invalid/demo/01032,Concepción,Escuela Especial de Lenguaje Las Palmeritas,,Centro Integral del Adulto Mayor Juan Soto Fernández,Tottus,Instituto Santo Tomás,788,76,225,342,536,521,0.72,5.2,32,demo,9.5,9.5,9.3,9.5
https://example.invalid/demo/00652,Pedro Medina,Centro de Nivelación y de Capacitación para Adultos Madre María Nys,Plaza Pedro Medina,Policlínico Chiguayante,Unimarc,,70,126,229,602,323,,0.76,5.7,34,demo,9.5,7.7,7.0,7.7
https://example.invalid/demo/02166,Terminal de buses Pedro de Valdivia,Colegio Concepción,,Clínica de la mujer - Sanatorio Alemán,Señora Teresa,Instituto Profesional Virginio Gómez,3054,2544,1324,3675,3142,4814,0.77,7.5,39,demo,9.5,9.5,9.5,9.5
https://example.invalid/demo/00863,Buses Delsal,Escuela Juan Gregorio Las Heras,,Centro Médico Obstétrico y Ginecológico,Jumbo,Preuniversitarios Cpech,414,216,203,503,459,474,0.58,6.0,33,demo,9.5,9.0,8.5,8.8
https://example.invalid/demo/03110,,Escuela República De Panamá,Plaza Arturo Prat,Hospital de Tomé,Acuenta,,2240,386,935,1184,596,,0.71,6.2,34,demo,9.5,8.0,7.3,7.7
https://example.invalid/demo/02584,Hospital Las Higueras,Colegio Talcahuano,,Hospital Las Higueras,Supermercado Ganga,Universidad Católica de la Santísima Concepción Talcahuano,707,578,691,1124,516,470,0.78,7.0,27,demo,9.5,9.5,9.5,9.5
https://example.invalid/demo/01432,Universidad Técnica Federico Santa María,Centro Integral Los Aromos,,CESFAM Hualpencillo,Alvi,Universidad Técnica Federico Santa María,194,260,499,1665,425,102,0.81,6.0,27,demo,9.5,7.5,7.2,7.5
https://example.invalid/demo/02456,Juan Pablo II,Saint John's School,,Ex Clínica Universitaria San Pedro,Unimarc,INACAP San Pedro de la Paz,3205,1560,915,2345,1570,4262,0.79,6.5,28,demo,9.5,9.5,8.2,9.5
https://example.invalid/demo/00052,Chiguayante,Escuela Especial de Lenguaje Altos de Chiguayante,,Cruz Roja Filial Chiguayante,Supermercado Monika,,198,101,66,492,293,,0.88,5.8,32,demo,9.5,9.5,7.2,8.5
https://example.invalid/demo/01568,Terminal Santa Rita,Escuela F-883 21 de Mayo,,CESFAM/ SAPU Paillihue,,,2686,624,327,737,385,2188,0.62,2.7,26,demo,9.5,9.5,9.5,9.5
https://example.invalid/demo/02472,Juan Pablo II,Colegio Santísima Trinidad,,Ex Clínica Universitaria San Pedro,Unimarc,INACAP San Pedro de la Paz,1953,131,187,1195,509,2971,0.67,5.0,33,demo,9.5,9.5,8.5,9.5
https://example.invalid/demo/01068,,Colegio San Agustín,,Indimed,Santa Isabel,Universidad Bolivariana,476,113,173,117,103,116,0.57,2.7,37,demo,9.5,7.3,3.3,5.7
https://example.invalid/demo/02235,Concepción,Escuela Especial Chile España,,CESFAM Pedro de Valdivia (Concepción),Jumbo,Instituto Profesional Virginio Gómez,1514,535,758,446,677,1191,0.63,7.2,35,demo,9.5,9.2,8.3,8.5
https://example.invalid/demo/00777,Terminal de Buses Jota Ewert,Colegio Malvina Romero Vidal,Bandejón central Manuel Rodriguez,CESFAM Tucapel,Unimarc,Colegio Bautista de Concepción,328,243,122,967,455,647,0.54,4.2,35,demo,9.5,5.7,4.7,5.0
https://example.invalid/demo/01786,Terminal Santa Rita,Colegio Aliwen,Plaza Los Notros,ACHS Salud,Unimarc,,610,221,116,495,209,271,0.68,5.5,31,demo,9.5,6.8,5.7,6.5
https://example.invalid/demo/00481,Estación de buses Turbus,Colegio John F. Kennedy,,Cruz Roja Filial Chiguayante,Supermercado Monika,,1120,847,966,1048,1126,,0.73,2.5,37,demo,9.5,3.2,3.2,3.2
https://example.invalid/demo/00926,Terminal de buses Pedro de Valdivia,Saint John's School,,Clínica de la mujer - Sanatorio Alemán,Señora Teresa,Centro Mandala,1967,653,254,887,361,1909,0.7,6.2,37,demo,9.5,9.5,9.3,9.5
https://example.invalid/demo/01229,,Colegio San Agustín,,Inmunomédica,Santa Isabel,Instituto Janequeo,403,23,94,96,202,212,0.68,2.5,37,demo,9.5,6.8,3.2,4.5
https://example.invalid/demo/00415,Pedro Medina,Colegio Aurora de Chile,Plaza Pedro Medina,Policlínico Chiguayante,Super Ganga,,421,208,252,311,130,,0.72,3.2,36,demo,9.5,7.2,5.2,7.0
https://example.invalid/demo/00202,Pedro Medina,Colegio de Lenguaje Senderos de BioBio,,CESFAM Pinares,Lider,,414,453,391,1023,481,,0.7,5.0,30,demo,9.5,9.5,6.0,7.3
https://example.invalid/demo/03135,,Carlos Mahns Choupay,Plaza Arturo Prat,Hospital de Tomé,Acuenta,,2459,204,699,950,373,,0.78,4.0,32,demo,9.5,4.7,4.3,4.7
https://example.invalid/demo/00667,Chiguayante,Escuela José Hipólito Salas y Toro,Plaza Cochrane,Cruz Roja Filial Chiguayante,Santa Isabel,,525,405,254,687,494,,0.79,6.0,29,demo,9.5,7.2,6.5,6.8
https://example.invalid/demo/00933,Concepción,Escuela Particular Santa Catalina de Siena,,Diagnamet,Super Ganga,AIEP,423,333,24,396,509,478,0.77,3.7,39,demo,9.5,8.3,7.7,8.0
https://example.invalid/demo/03050,,Escuela República De Panamá,Plaza de Bellavista,CESFAM/ SAPU Bellavista,Acuenta,,1783,573,1075,860,1131,,0.77,0.8,30,demo,9.5,9.5,9.3,9.5
https://example.invalid/demo/02164,Juan Pablo II,,Plaza Enrique Soro,Ex Clínica Universitaria San Pedro,Bio Pan,Instituto Santo Tomás,700,483,337,1499,662,3155,0.72,5.8,40,demo,9.5,6.8,6.8,6.8
https://example.invalid/demo/01036,Estación Intermodal Concepción,Jardin infantil y Sala Cuna Tirita de Papel,Parque Ecuador,Clínica estética Concepción,Emporio Agrícola,Universidad Católica de la Santísima Concepción Campus Santo Domingo,630,85,403,69,164,120,0.76,6.2,34,demo,9.5,8.7,8.3,8.7
https://example.invalid/demo/02709,Hospital Las Higueras,Escuela Leonor Mascayano,,Hospital Las Higueras,Supermercado Ganga,Universidad Católica de la Santísima Concepción Talcahuano,455,69,254,339,362,335,0.74,0.0,31,demo,9.5,8.3,7.8,7.8
https://example.invalid/demo/00299,Pedro Medina,Colegio John F. Kennedy,,Cruz Roja Filial Chiguayante,Supermercado Monika,,2318,2059,2057,2259,2367,,0.74,6.3,31,demo,9.5,9.0,8.7,9.0
https://example.invalid/demo/01663,Terminal de Buses Islajacoop,Liceo Técnico B-63 Juanita Fernández Solar,,CESFAM Norte,Supermercado Acuenta,Inacap Los Ángeles,1567,97,177,524,232,749,0.68,4.8,40,demo,9.5,6.0,5.5,5.5
https://example.invalid/demo/00900,,Colegio Einstein Concepcion,Plaza Perú,Centro Clínico Docente en Oftalmología,Santa Isabel,Federación de Estudiantes Universidad de Concepción,374,63,132,220,376,102,0.85,3.7,33,demo,9.5,5.3,4.2,4.8
https://example.invalid/demo/01628,Terminal Tur Bus,Escuela de Lenguaje Pasitos,,CESFAM NORORIENTE Los Ángeles,Lider,Hogar Universidad de Concepción,923,451,411,1623,289,2385,0.83,7.7,41,demo,9.5,9.5,9.3,9.5
https://example.invalid/demo/00222,Chiguayante,Escuela Especial de Lenguaje Altos de Chiguayante,,Cruz Roja Filial Chiguayante,Supermercado Mey,,434,339,27,523,362,,0.73,8.5,30,demo,9.5,9.5,9.5,9.5
https://example.invalid/demo/02136,Juan Pablo II,Deutsche Schule Concepción,,Ex Clínica Universitaria San Pedro,Unimarc,AIEP,1442,365,517,643,641,3366,0.76,6.2,33,demo,9.5,7.8,6.8,7.8
https://example.invalid/demo/00508,Estación de buses Turbus,Colegio Pacific School,Plaza de Armas de Chiguayante,Cruz Roja Filial Chiguayante,Supermercado Mey,,1337,954,1119,1142,1285,,0.64,5.2,28,demo,9.5,9.5,9.0,9.5
https://example.invalid/demo/01017,Conquistador,Colegio Gran Bretaña,Bandejón central Manuel Rodriguez,Centro Medico Universidad San Sebastián,Unimarc,Casa Central Universidad Catolica de la Santisima Concepción,241,114,424,900,345,830,0.8,0.0,30,demo,9.5,0.0,0.0,0.0
https://example.invalid/demo/02160,Juan Pablo II,Escuela de Lenguaje Llacolén,Plaza Bellavista,Centro de Salud Familiar Juan Soto Fernández,Super Gangas,Univesidad Santo Tomás Concepción,1565,1120,761,1423,1293,1929,0.68,7.3,38,demo,9.5,8.5,8.0,8.2
https://example.invalid/demo/00022,,,,,,,,,,,,,0.74,6.2,38,demo,9.5,9.5,9.3,9.5
https://example.invalid/demo/01212,Estación Intermodal Concepción,Colegio Adventista de Concepción (Enseñanza Media),,Clínica Kenal,Alimentos del Pedregal,Instituto Profesional AIEP,596,230,284,120,134,78,0.72,0.0,29,demo,9.5,1.0,1.0,1.0
https://example.invalid/demo/00768,Terminal de líneas a Tomé,Colegio la Inmaculada Concepción,Bandejón central Manuel Rodríguez,Centro Integral del Adulto Mayor Juan Soto Fernández,Super Ganga,Colegio Bautista de Concepción,269,243,176,774,692,323,0.62,7.5,32,demo,9.5,9.5,9.5,9.5
https://example.invalid/demo/00106,Manquimávida,Colegio Madre Paulina,,CESFAM Pinares,Unimarc,,685,806,283,1506,1093,,0.67,8.5,33,demo,9.5,9.5,9.0,9.5
https://example.invalid/demo/01318,Universidad Técnica Federico Santa María,Escuela Especial de Lenguaje Villa Hermosa,,CESFAM Talcahuano Sur,Alvi,Universidad Técnica Federico Santa María,585,365,152,1356,213,478,0.71,7.3,35,demo,9.5,7.5,7.5,7.5
https://example.invalid/demo/01442,Universidad Técnica Federico Santa María,Escuela Especial de Lenguaje Villa Hermosa,,CESFAM Talcahuano Sur,Alvi,Universidad Técnica Federico Santa María,564,322,139,1361,168,473,0.69,7.7,36,demo,9.5,9.0,8.2,8.5
https://example.invalid/demo/03142,,Liceo República del Ecuador,Plaza Arturo Prat,Hospital de Tomé,Acuenta,,3024,172,554,455,536,,0.79,4.5,28,demo,9.5,8.5,6.3,8.2
https://example.invalid/demo/01975,Juan Pablo II,Colegio El Arrayán,Plaza Pedro Lira,Ex Clínica Universitaria San Pedro,Santa Isabel,INACAP San Pedro de la Paz,519,246,124,343,243,3257,0.7,6.0,37,demo,9.5,6.5,6.5,6.5
https://example.invalid/demo/01486,Universidad Técnica Federico Santa María,Escuela Particular Diego Portales,Paseo Marsella,CESFAM Hualpencillo,Mini Market El Gato Negro,CEDUC UCN Hualpén,924,173,141,780,485,850,0.74,7.5,35,demo,9.5,9.5,9.5,9.5
https://example.invalid/demo/02131,Juan Pablo II,Deutsche Schule Concepción,,Ex Clínica Universitaria San Pedro,Unimarc,AIEP,1450,476,599,690,751,3255,0.71,6.5,35,demo,9.5,8.3,7.3,8.3
https://example.invalid/demo/00264,Estación de buses Turbus,Colegio Concepción Chiguayante,,Cruz Roja Filial Chiguayante,Unimarc,,2162,1021,858,1921,1300,,0.61,5.7,33,demo,9.5,9.5,9.3,9.5
https://example.invalid/demo/01534,Terminal Santa Rita,Colegio Aleman - Deutsche Schule,,Centro Médico Andes Salud,Tottus,,1948,214,485,783,994,1566,0.62,8.5,37,demo,9.5,9.5,9.5,9.5
https://example.invalid/demo/01328,Universidad Técnica Federico Santa María,,,CESFAM Talcahuano Sur,Bodega Acuenta,Universidad Técnica Federico Santa María,1195,25,122,781,589,1086,0.61,3.7,41,demo,9.5,7.0,5.7,6.2
https://example.invalid/demo/00007,,,,,,,,,,,,,0.69,6.8,35,demo,9.5,9.5,9.3,9.5
https://example.invalid/demo/02241,Terminal de buses Pedro de Valdivia,Saint John's School,,Ex Clínica Universitaria San Pedro,Unimarc,INACAP San Pedro de la Paz,4461,3071,1967,4266,3492,5744,0.68,5.7,34,demo,9.5,9.5,9.5,9.5
https://example.invalid/demo/01790,Terminal Santa Rita,Colegio Los Angeles,Plaza Libertador Bernardo O'Higgins,Hospital Mutual de Seguridad de Los Ángeles ACHS,Supermercado Alvi,Santo Tomás,402,324,154,225,318,228,0.6,0.7,30,demo,9.5,0.7,0.7,0.7
https://example.invalid/demo/02061,Juan Pablo II,Escuela Miguel José Zañartu Santa María E-653,Plaza Pedro Esteban,Ex Clínica Universitaria San Pedro,Supermercado Super Ganga,INACAP San Pedro de la Paz,935,153,119,657,843,2670,0.79,7.7,34,demo,9.5,9.5,8.5,9.5
https://example.invalid/demo/03132,,Escuela Básica y Adultos California,Plaza Arturo Prat,Hospital de Tomé,Acuenta,,2355,205,1008,1157,707,,0.71,7.3,28,demo,9.5,9.5,8.0,9.0
https://example.invalid/demo/02693,Terminal Félix Adán,Escuela Corneta Cabrales,,Hospital Naval de Talcahuano,Santa Isabel,Instituto Profesional ESUCOMEX Talcahuano,2703,1883,1692,1622,2833,3651,0.7,8.8,37,demo,9.5,9.5,9.5,9.5
https://example.invalid/demo/02398,Juan Pablo II,Deutsche Schule Concepción,,Ex Clínica Universitaria San Pedro,Unimarc,Instituto Profesional Virginio Gómez,2183,867,775,1375,957,3348,0.61,3.5,23,demo,9.5,4.5,4.0,4.5
https://example.invalid/demo/00443,Estación de buses Turbus,Colegio John F. Kennedy,Plaza Manuel Rodríguez,Cruz Roja Filial Chiguayante,Supermercado Monika,,932,602,1014,801,924,,0.62,4.7,34,demo,9.5,9.2,6.0,7.2
https://example.invalid/demo/01129,Terminal de Buses Jota Ewert,Liceo de Adultos José Manuel Balmaceda,Plazoleta Jaqueline Van Rysselberghe,CESFAM Tucapel,Super Ganga,Universidad San Sebastián,781,103,192,309,229,1127,0.86,3.0,36,demo,9.5,8.7,4.7,8.5
https://example.invalid/demo/00569,Estación de buses Turbus,Colegio John F. Kennedy,Plaza Manuel Rodríguez,Cruz Roja Filial Chiguayante,Supermercado Monika,,351,224,437,350,362,,0.58,3.3,31,demo,9.5,9.5,7.7,8.0
https://example.invalid/demo/01503,Hualqui,Escuela D-600 Manuel Amat y Juniet,,CESFAM Hualqui,Unimarc,,1335,1457,1007,1366,1353,,0.68,6.8,28,demo,9.5,9.5,9.5,9.5
https://example.invalid/demo/00865,Buses Delsal,Liceo de Niñas,,CruzBlanca,Supermercado Versluys,Casa Central Universidad Catolica de la Santisima Concepción,692,240,30,107,225,103,0.64,2.7,33,demo,9.5,5.3,4.5,4.8
https://example.invalid/demo/02315,Concepción,Escuela de Lenguaje Llacolén,,Ex Clínica Universitaria San Pedro,Santa Isabel,AIEP,1908,1379,559,1761,1658,2002,0.82,7.0,28,demo,9.5,9.5,9.3,9.5
https://example.invalid/demo/01386,Universidad Técnica Federico Santa María,Colegio Adventista,,CESFAM Talcahuano Sur,Alvi,Universidad Técnica Federico Santa María,888,370,235,1135,471,752,0.65,4.0,37,demo,9.5,8.3,7.5,8.3
https://example.invalid/demo/02126,Concepción,Escuela Especial Chile España,,CESFAM Pedro de Valdivia (Concepción),Jumbo,Instituto Profesional Virginio Gómez,2146,1600,601,1515,1581,2050,0.79,5.8,34,demo,9.5,9.5,8.5,9.5
https://example.invalid/demo/02600,Terminal de buses Mi Expreso,Escuela Santa Cecilia,,CESFAM San Vicente,Unimarc,Instituto Profesional ESUCOMEX Talcahuano,173,254,113,474,561,680,0.89,6.7,35,demo,9.5,9.2,7.3,7.8
https://example.invalid/demo/02675,Hospital Las Higueras,Colegio Talcahuano,,Hospital Las Higueras,Supermercado Ganga,Universidad Católica de la Santísima Concepción Talcahuano,1178,1044,848,1621,1010,967,0.62,3.0,29,demo,9.5,6.0,5.0,5.7
https://example.invalid/demo/02054,Juan Pablo II,Colegio Santísima Trinidad,,Ex Clínica Universitaria San Pedro,Unimarc,INACAP San Pedro de la Paz,1722,155,281,944,299,3040,0.69,5.0,29,demo,9.5,9.3,6.0,7.7
https://example.invalid/demo/02539,Juan Pablo II,Colegio Santísima Trinidad,,Ex Clínica Universitaria San Pedro,Unimarc,INACAP San Pedro de la Paz,2197,616,231,1350,545,3507,0.7,5.2,30,demo,9.5,8.0,5.2,8.0
https://example.invalid/demo/03122,,Escuela Margarita Naseau,Plazoleta Lisa Peters Teubner,Hospital de Tomé,Unimarc,,3227,80,107,681,531,,0.77,5.7,35,demo,9.5,9.5,9.5,9.5
https://example.invalid/demo/00482,Pedro Medina,Colegio de Lenguaje Senderos de BioBio,,Policlínico Chiguayante,Unimarc,,194,77,384,842,525,,0.68,4.7,34,demo,9.5,6.3,5.2,6.0
https://example.invalid/demo/02435,Juan Pablo II,Deutsche Schule Concepción,,Ex Clínica Universitaria San Pedro,Unimarc,Instituto Profesional Virginio Gómez,2157,887,816,1365,1002,3259,0.63,0.2,27,demo,9.5,9.0,0.7,8.7
https://example.invalid/demo/00839,Estación Intermodal Concepción,Universidad del Trabajador (INFOCAP),Plaza España,CITSALUD,Lider,Univesidad Santo Tomás Concepción,422,54,383,318,314,250,0.79,7.7,33,demo,9.5,9.2,8.3,8.7
https://example.invalid/demo/01659,Terminal Rodoviario Los Ángeles,Colegio Saint George,,Centro Médico Andes Salud,El Trébol,Hogar Universidad de Concepción,1127,470,141,973,609,1451,0.62,6.2,29,demo,9.5,9.5,7.5,9.5
https://example.invalid/demo/03105,,Carlos Mahns Choupay,Plaza Arturo Prat,Hospital de Tomé,Acuenta,,2751,173,708,748,523,,0.69,5.5,35,demo,9.5,6.8,6.5,6.8
https://example.invalid/demo/02196,El Parque,Saint John's School,,Ex Clínica Universitaria San Pedro,Unimarc,INACAP San Pedro de la Paz,3743,1459,971,3122,2315,4070,0.72,3.5,32,demo,9.5,9.5,9.5,9.5
https://example.invalid/demo/01976,El Parque,Saint John's School,,Ex Clínica Universitaria San Pedro,Unimarc,INACAP San Pedro de la Paz,3055,766,550,2730,1972,3282,0.74,8.0,39,demo,9.5,9.5,9.3,9.5
https://example.invalid/demo/02270,Juan Pablo II,Deutsche Schule Concepción,,Ex Clínica Universitaria San Pedro,Unimarc,INACAP San Pedro de la Paz,1702,289,298,852,75,3379,0.73,6.3,30,demo,9.5,8.5,7.5,8.5
https://example.invalid/demo/01945,Lirquén,Centro Educacional Alborada,,CESFAM Penco,Gabito,,4033,530,621,1180,856,,0.71,6.3,34,demo,9.5,9.3,8.5,9.3
https://example.invalid/demo/02704,Hospital Las Higueras,Liceo Polivalente Talcahuano,Plaza Albert Olbrecht,Instituto de Seguridad del Trabajo de Talcahuano,Acuenta,Universidad Católica de la Santísima Concepción Talcahuano,1175,405,109,682,509,1439,0.59,6.7,39,demo,9.5,8.8,7.7,8.2
https://example.invalid/demo/00305,Pedro Medina,Colegio de Lenguaje Senderos de BioBio,,Policlínico Chiguayante,Super Ganga,,247,205,208,635,393,,0.77,4.5,31,demo,9.5,8.3,7.0,8.3
https://example.invalid/demo/02188,Concepción,Colegio Santa Emilia De Concepción,,CESFAM Pedro de Valdivia (Concepción),Jumbo,Instituto Profesional Virginio Gómez,2599,1513,980,1693,1551,2409,0.55,1.8,33,demo,9.5,9.5,9.2,9.5
https://example.invalid/demo/01194,Conquistador,Liceo Andalién,Plaza Condell,Centro Medico Universidad San Sebastián,Andretta,Universidad San Sebastián,802,94,219,237,196,402,0.81,2.8,32,demo,9.5,4.8,3.7,3.8
https://example.invalid/demo/00753,,Colegio Einstein Concepcion,Plaza Perú,Centro Clínico Docente en Oftalmología,Santa Isabel,Federación de Estudiantes Universidad de Concepción,341,179,252,89,230,205,0.82,0.0,39,demo,9.5,1.0,0.0,0.3
https://example.invalid/demo/02059,Juan Pablo II,Deutsche Schule Concepción,,Ex Clínica Universitaria San Pedro,Unimarc,Instituto Profesional Virginio Gómez,2906,1646,955,2136,1712,3189,0.72,0.7,32,demo,9.5,8.2,7.8,7.8
https://example.invalid/demo/02660,El Arenal,Colegio Remodelación Simons,,Filial Cruz Roja Talcahuano,Lider,Instituto Profesional ESUCOMEX Talcahuano,1392,700,312,1195,673,1143,0.53,5.8,32,demo,9.5,7.7,7.0,7.3
https://example.invalid/demo/00454,Chiguayante,Golden School,,Policlínico Chiguayante,Santa Isabel,,700,116,180,435,227,,0.82,7.3,38,demo,9.5,9.5,9.5,9.5
https://example.invalid/demo/01632,Terminal de Buses Islajacoop,Escuela D-886 Colonia Árabe (ex n° 97),PLaza La Araucania,CESFAM Norte,Tottus,Instituto AIEP,1018,109,98,333,576,676,0.85,7.0,33,demo,9.5,9.2,8.2,8.7
https://example.invalid/demo/02204,Juan Pablo II,Colegio El Arrayán,Plaza Pedro Lira,Ex Clínica Universitaria San Pedro,Santa Isabel,INACAP San Pedro de la Paz,668,286,278,221,170,3390,0.72,7.0,36,demo,9.5,9.0,7.7,8.2
https://example.invalid/demo/01602,Terminal Santa Rita,Escuela Especial de Lenguaje Santa María,,CESFAM/ SAPU 2 de Septiembre,Lider Express,Inacap Los Ángeles,2522,286,45,675,818,1476,0.7,8.2,37,demo,9.5,9.5,9.3,9.5
https://example.invalid/demo/01326,Terminal de colectivos 21,Escuela Blanca Estela Prat Carvajal,Parque Grecia,CESFAM Hualpencillo,Supermercado G y G,CEDUC UCN Hualpén,712,80,351,781,330,1626,0.68,5.5,37,demo,9.5,6.7,5.8,6.2
https://example.invalid/demo/00949,Concepción,Especial España,,CESFAM Pedro de Valdivia (Concepción),Jumbo,Instituto Profesional Virginio Gómez,1405,554,834,443,767,1100,0.65,6.2,34,demo,9.5,9.5,9.5,9.5
https://example.invalid/demo/01336,Universidad Técnica Federico Santa María,Colegio Parque Central,,Clínica Mutual de Seguridad CCHC,Alvi,Universidad Técnica Federico Santa María,671,384,68,1167,733,457,0.61,5.0,28,demo,9.5,9.2,7.2,9.2
https://example.invalid/demo/00072,Estación de buses Turbus,Colegio Chileno Árabe,,Cruz Roja Filial Chiguayante,Unimarc,,1474,320,302,1234,883,,0.67,8.8,33,demo,9.5,9.5,9.3,9.5
https://example.invalid/demo/02368,Juan Pablo II,Escuela de Lenguaje Llacolén,Plaza San Pedro Histórico,Ex Clínica Universitaria San Pedro,Santa Isabel,Univesidad Santo Tomás Concepción,726,72,48,597,281,3052,0.62,3.3,29,demo,9.5,5.0,5.0,5.0
https://example.invalid/demo/01769,Terminal de Buses Rurales Vega Techada,Escuela E-927 República de Israel (ex n° 5),,CESFAM NORORIENTE Los Ángeles,Super Ganga,Hogar Universidad de Concepción,545,288,198,526,199,559,0.7,6.0,33,demo,9.5,7.7,7.7,7.7
https://example.invalid/demo/00989,Estación Intermodal Concepción,Centro de Educación de Adultos Newentun,,Clínica Kenal,Alimentos del Pedregal,Instituto Profesional AIEP,680,177,199,139,182,136,0.56,7.2,34,demo,9.5,9.3,8.3,8.8
https://example.invalid/demo/01219,,Liceo de Niñas,,CruzBlanca,Supermercado Versluys,Instituto Superior de Comercio de Concepción (INSUCO),712,239,93,124,121,160,0.69,6.7,29,demo,9.5,9.5,8.2,8.7
https://example.invalid/demo/01323,Universidad Técnica Federico Santa María,Centro Integral Los Aromos,,Clínica Mutual de Seguridad CCHC,Alvi,Universidad Técnica Federico Santa María,499,235,375,1322,798,325,0.72,6.2,29,demo,9.5,6.7,6.5,6.7
https://example.invalid/demo/01928,Lirquén,Preuniversitarío Municipal,Plazoleta Miraflores,CESFAM Penco,Gabito,,3137,155,38,274,218,,0.68,4.8,34,demo,9.5,5.2,5.0,5.2
https://example.invalid/demo/01438,Universidad Técnica Federico Santa María,Escuela Especial de Lenguaje Semillita,,Sanatorio Alemán,Bodega Acuenta,Universidad Técnica Federico Santa María,1200,95,211,981,520,996,0.76,6.5,33,demo,9.5,9.5,8.7,9.5
https://example.invalid/demo/02835,El Arenal,Sociedad Educacional Luis Espinoza Pierretti,,Filial Cruz Roja Talcahuano,,Instituto Profesional ESUCOMEX Talcahuano,692,59,109,593,311,301,0.8,4.3,30,demo,9.5,6.0,5.7,6.0
https://example.invalid/demo/00771,Terminal de Buses 63 Rengo Lientur,Liceo Jorge Sánchez Hugarte,,CESFAM Tucapel,Minimarket Xiomara,Universidad San Sebastián,594,66,71,915,754,814,0.8,7.0,35,demo,9.5,9.5,8.5,9.5
https://example.invalid/demo/01383,Terminal de colectivos 21,Colegio Rucalhue,Parque Postdam,CESFAM Talcahuano Sur,Supermercado: Donde Carlos,Universidad Técnica Federico Santa María,909,240,134,166,614,1996,0.61,8.0,33,demo,9.5,9.5,9.5,9.5
https://example.invalid/demo/01741,Terminal de Buses Islajacoop,Escuela D-868 General Bernardo O'Higgins (ex n° 1),,Hospital Mutual de Seguridad de Los Ángeles ACHS,Unimarc,Instituto AIEP,347,290,539,457,21,408,0.7,1.5,27,demo,9.5,7.7,5.8,6.5
https://example.invalid/demo/01620,Terminal de Buses Islajacoop,Escuela de Lenguaje Amapola,,CESFAM Nuevo Horizonte,Supermercado Acuenta,Centro Integral de Educación Tecnológica Curamávida,4371,1816,411,2058,2826,1365,0.6,1.2,35,demo,9.5,9.5,9.5,9.5
https://example.invalid/demo/00611,Estación de buses Turbus,Colegio John F. Kennedy,Plaza Manuel Rodríguez,Cruz Roja Filial Chiguayante,Supermercado Monika,,536,197,615,398,523,,0.75,5.5,28,demo,9.5,6.0,5.8,6.0
https://example.invalid/demo/02486,Juan Pablo II,Escuela Miguel José Zañartu Santa María E-653,,Ex Clínica Universitaria San Pedro,Unimarc,INACAP San Pedro de la Paz,1152,250,82,660,800,2700,0.71,6.3,31,demo,9.5,9.5,9.0,9.5
https://example.invalid/demo/02889,,Liceo Comercial de Tomé,Plazoleta Calle Las Lilas,Hospital de Tomé,Unimarc,,3278,124,198,331,502,,0.7,7.5,33,demo,9.5,9.5,9.0,9.5
https://example.invalid/demo/02175,Concepción,Escuela de Lenguaje Palabritas,Parque Costanera,Centro de Salud Familiar Juan Soto Fernández,Tottus,Univesidad Santo Tomás Concepción,783,707,394,511,668,959,0.8,7.5,35,demo,9.5,9.5,9.5,9.5
https://example.invalid/demo/03036,,Escuela Lisa Enriqueta Peter Teubner,Parque Agustín Dagnino,Hospital de Tomé,Acuenta,,2891,331,1120,1259,1234,,0.91,0.0,32,demo,9.5,9.5,9.5,9.5
https://example.invalid/demo/02035,Juan Pablo II,Escuela de Lenguaje Llacolén,Plaza Bellavista,Ex Clínica Universitaria San Pedro,Super Gangas,Univesidad Santo Tomás Concepción,993,494,153,1162,680,2539,0.6,4.3,30,demo,9.5,6.7,6.2,6.3
https://example.invalid/demo/00375,Estación de buses Turbus,Colegio John F. Kennedy,Plaza Cochrane,Cruz Roja Filial Chiguayante,Supermercado Monika,,565,459,527,601,588,,0.68,5.5,37,demo,9.5,7.0,5.8,6.3
https://example.invalid/demo/02080,Juan Pablo II,Escuela de Lenguaje Llacolén,Plaza San Pedro Histórico,Ex Clínica Universitaria San Pedro,Santa Isabel,Univesidad Santo Tomás Concepción,1169,435,489,789,657,2854,0.9,7.3,30,demo,9.5,9.3,8.5,8.8
https://example.invalid/demo/02295,Juan Pablo II,Escuela Luis Alberto Acevedo,,Ex Clínica Universitaria San Pedro,Santa Isabel,Univesidad Santo Tomás Concepción,1000,494,335,258,431,3417,0.58,6.0,36,demo,9.5,7.2,6.5,6.8
https://example.invalid/demo/03083,,Escuela Lisa Enriqueta Peter Teubner,Parque Villa Nuevo Tomé,Hospital de Tomé,Acuenta,,3183,73,933,1429,1538,,0.78,4.7,32,demo,9.5,9.5,9.5,9.5
https://example.invalid/demo/01149,,Especial España,Parque Ecuador,Clínica dental: Radio Dent,Unimarc,Instituto Profesional Virginio Gómez,1015,481,499,519,617,780,0.68,5.3,37,demo,9.5,9.5,9.2,9.5
https://example.invalid/demo/00268,Pedro Medina,Colegio de Lenguaje Senderos de BioBio,,Cruz Roja Filial Chiguayante,Supermercado Monika,,2484,2306,2261,2543,2643,,0.7,2.3,37,demo,9.5,9.5,9.5,9.5
https://example.invalid/demo/00655,Pedro Medina,Colegio de Lenguaje Senderos de BioBio,,Cruz Roja Filial Chiguayante,Supermercado Monika,,2081,1904,1872,2253,2334,,0.74,7.7,34,demo,9.5,9.5,9.5,9.5
https://example.invalid/demo/01420,Universidad Técnica Federico Santa María,Escuela de Lenguaje Santa Leonor,,CESFAM Hualpencillo,"SuperMercado ""Sacarllet""",CEDUC UCN Hualpén,450,455,252,1235,478,404,0.83,4.8,36,demo,9.5,8.2,7.8,8.2
https://example.invalid/demo/01862,Terminal de Buses Rurales Vega Techada,Colegio Teresiano Los Ángeles,,CESFAM Norte,Supermercado Acuenta,Centro Integral de Educación Tecnológica Curamávida,1887,572,556,1052,1437,1400,0.71,6.7,31,demo,9.5,9.2,7.8,8.5
https://example.invalid/demo/01214,Estación Intermodal Concepción,Instituto Profesional Diego Portales,,CITSALUD,Santa Isabel,Instituto Profesional Providencia (IPP),524,44,405,213,235,234,0.55,5.5,33,demo,9.5,9.5,7.8,9.5
https://example.invalid/demo/02143,Juan Pablo II,Colegio El Arrayán,,Ex Clínica Universitaria San Pedro,Santa Isabel,Univesidad Santo Tomás Concepción,992,480,320,240,426,3433,0.66,2.8,35,demo,9.5,3.7,3.0,3.3
https://example.invalid/demo/01343,Universidad Técnica Federico Santa María,Jardín Infantil Jugando Aprendo,,Sanatorio Alemán,Bodega Acuenta,Universidad Técnica Federico Santa María,1447,353,158,705,83,1273,0.61,8.0,28,demo,9.5,9.5,9.3,9.5
https://example.invalid/demo/00623,Estación de buses Turbus,Colegio John F. Kennedy,Plaza Manuel Rodríguez,Cruz Roja Filial Chiguayante,Supermercado Monika,,743,470,828,668,746,,0.77,4.2,31,demo,9.5,5.3,5.0,5.0
https://example.invalid/demo/00215,Chiguayante,Escuela Especial de Lenguaje Altos de Chiguayante,,Cruz Roja Filial Chiguayante,Supermercado Mey,,1202,1017,623,1329,1157,,0.76,7.3,34,demo,9.5,9.5,9.2,9.5
https://example.invalid/demo/03113,,Escuela República De Panamá,Plaza de Bellavista,CESFAM/ SAPU Bellavista,Acuenta,,1678,400,896,647,1056,,0.68,6.0,38,demo,9.5,8.7,8.2,8.7
https://example.invalid/demo/02158,Juan Pablo II,Escuela de Lenguaje Llacolén,Plaza Bellavista,Ex Clínica Universitaria San Pedro,Super Gangas,Instituto Santo Tomás,986,947,734,1543,860,2604,0.62,7.3,34,demo,9.5,9.5,8.7,8.8
https://example.invalid/demo/00910,Estación Intermodal Concepción,Escuela El Faro,,Centro Integral del Adulto Mayor Juan Soto Fernández,Tottus,Instituto Santo Tomás,490,235,542,324,324,126,0.73,5.2,26,demo,9.5,8.0,7.7,7.7
https://example.invalid/demo/02253,Juan Pablo II,Colegio Alerce,,Centro de Salud Familiar Juan Soto Fernández,Super Gangas,Instituto Santo Tomás,1811,1446,1335,1844,1733,2244,0.64,6.3,42,demo,9.5,8.7,8.2,8.3
https://example.invalid/demo/02718,Los Cóndores,Liceo Industrial Juan Antonio Ríos,,CESFAM Paulina Avendaño Pereda,Minimercado Tatán,Universidad Católica de la Santísima Concepción Talcahuano,1047,281,477,270,639,1868,0.68,7.5,34,demo,9.5,9.2,8.5,8.8
https://example.invalid/demo/01411,Universidad Técnica Federico Santa María,Colegio Adventista,,CESFAM Talcahuano Sur,Alvi,Universidad Técnica Federico Santa María,924,317,179,1074,477,798,0.71,5.2,35,demo,9.5,6.5,5.5,6.2
https://example.invalid/demo/01452,Universidad Técnica Federico Santa María,Centro Integral Los Aromos,,CESFAM Hualpencillo,Alvi,CEDUC UCN Hualpén,149,353,486,1537,396,98,0.71,7.0,38,demo,9.5,8.3,7.7,7.7
https://example.invalid/demo/00042,Pedro Medina,Colegio de Lenguaje Senderos de BioBio,,Policlínico Chiguayante,Lider,,1394,1271,1157,2059,1611,,0.62,0.5,34,demo,9.5,4.3,2.2,2.2
https://example.invalid/demo/00683,Buses Delsal,Colegio Adventista de Concepción (Enseñanza Básica),,Clínica Kenal,Super Ganga,Instituto Profesional Providencia (IPP),438,190,189,425,49,437,0.7,3.7,30,demo,9.5,8.7,5.3,8.3
https://example.invalid/demo/00995,,Instituto de Humanidades Alfredo Silva Santiago,Parque Ecuador,Medyks,Supermercado Versluys,Centro Mandala,224,214,161,450,610,442,0.87,6.0,30,demo,9.5,9.3,7.7,9.3
https://example.invalid/demo/00055,Pedro Medina,Colegio Aurora de Chile,Plaza Pedro Medina,Policlínico Chiguayante,Super Ganga,,429,145,207,257,186,,0.77,6.5,31,demo,9.5,8.5,7.2,8.3
https://example.invalid/demo/01373,Universidad Técnica Federico Santa María,Centro Integral Los Aromos,,Clínica Mutual de Seguridad CCHC,Alvi,INACAP Concepción / Talcahuano,571,313,590,1376,977,448,0.73,7.8,30,demo,9.5,9.5,9.3,9.5
https://example.invalid/demo/02764,Hospital Las Higueras,Escuela de Lenguaje Santa Catalina,,Hospital Las Higueras,Supermercado Ganga,Universidad Católica de la Santísima Concepción Talcahuano,779,243,93,352,685,630,0.81,4.7,31,demo,9.5,9.2,8.0,8.7
https://example.invalid/demo/00319,Estación de buses Turbus,Colegio John F. Kennedy,Plaza Manuel Rodríguez,Cruz Roja Filial Chiguayante,Supermercado Monika,,799,458,878,654,787,,0.64,5.2,28,demo,9.5,9.5,8.5,9.5
https://example.invalid/demo/02873,,Escuela Básica y Adultos California,Parque Agustín Dagnino,Hospital de Tomé,Acuenta,,2438,474,1605,1607,1348,,0.74,3.3,31,demo,9.5,5.3,4.5,5.3
https://example.invalid/demo/02317,Juan Pablo II,Deutsche Schule Concepción,,Ex Clínica Universitaria San Pedro,Unimarc,Instituto Profesional Virginio Gómez,1776,367,455,928,482,3588,0.74,1.8,34,demo,9.5,8.8,2.7,7.8
https://example.invalid/demo/02802,Hospital Las Higueras,Escuela Básica Libertad E 492,,Hospital Las Higueras,Lider,Universidad Católica de la Santísima Concepción Talcahuano,978,394,97,957,480,624,0.56,5.0,34,demo,9.5,7.5,6.0,7.5
https://example.invalid/demo/01225,,Escuela F-560 Luis Muñoz Burboa,Parque Metropolitano Cerro Caracol,Clínica dental: Radio Dent,Supermercado Versluys,Centro Mandala,543,260,226,808,1002,409,0.61,7.3,31,demo,9.5,9.5,9.5,9.5
https://example.invalid/demo/00930,Concepción,Colegio Alerce,,Centro de Salud Familiar Juan Soto Fernández,Tottus,Instituto Santo Tomás,976,156,59,464,718,783,0.73,7.2,33,demo,9.5,9.5,9.0,9.5
https://example.invalid/demo/00658,Pedro Medina,Centro de Nivelación y de Capacitación para Adultos Madre María Nys,Plaza Cochrane,Policlínico Chiguayante,Super Ganga,,391,290,265,477,195,,0.83,0.0,35,demo,9.5,5.2,0.0,4.3
https://example.invalid/demo/01673,Terminal Santa Rita,Pulmahue Montessori,,ACHS Salud,Tottus,,1254,201,151,695,608,806,0.66,8.2,32,demo,9.5,9.2,9.2,9.2
https://example.invalid/demo/03119,,Escuela Básica y Adultos California,Plaza Arturo Prat,Hospital de Tomé,Acuenta,,2373,94,1096,1207,809,,0.69,8.3,26,demo,9.5,9.5,9.3,9.5
https://example.invalid/demo/02788,Hospital Las Higueras,Escuela Básica Libertad E 492,,Hospital Las Higueras,Supermercado Ganga,Universidad Católica de la Santísima Concepción Talcahuano,868,227,303,742,665,549,0.65,5.7,34,demo,9.5,8.2,6.8,8.2
https://example.invalid/demo/00735,Conquistador,Liceo Andalién,Parque Las Tres Pascualas,Centro Medico Universidad San Sebastián,Andretta,Universidad San Sebastián,773,133,232,257,239,422,0.77,4.3,30,demo,9.5,6.3,4.5,4.8
https://example.invalid/demo/02941,,Colegio Guillermo Velasco Barros,,Hospital de Tomé,Unimarc,,3037,86,52,679,337,,0.9,2.5,29,demo,9.5,9.5,9.5,9.5
https://example.invalid/demo/02282,Juan Pablo II,Saint John's School,,Ex Clínica Universitaria San Pedro,Unimarc,INACAP San Pedro de la Paz,2306,465,90,1611,963,2741,0.69,3.7,35,demo,9.5,5.5,4.8,5.5
https://example.invalid/demo/02999,,Carlos Mahns Choupay,Plaza Arturo Prat,Hospital de Tomé,Acuenta,,2655,86,552,755,290,,0.7,3.3,33,demo,9.5,5.8,3.5,4.2
https://example.invalid/demo/02277,Juan Pablo II,Deutsche Schule Concepción,,Ex Clínica Universitaria San Pedro,Unimarc,AIEP,1643,678,759,928,926,3080,0.71,2.3,38,demo,9.5,5.7,4.0,4.5
https://example.invalid/demo/01093,Terminal de Buses Jota Ewert,Colegio Malvina Romero Vidal,Bandejón central Manuel Rodriguez,CESFAM Tucapel,Unimarc,Colegio Bautista de Concepción,434,32,171,706,401,896,0.54,5.5,35,demo,9.5,9.5,7.2,9.5
https://example.invalid/demo/01287,Estación Intermodal Coronel,Escuela Vista Hermosa,Plazoleta Altos de Coronel,CESFAM Yobilo,Unimarc,,1495,1152,1000,1223,1274,2066,0.72,6.7,36,demo,9.5,8.3,7.7,8.0
https://example.invalid/demo/00130,Pedro Medina,Colegio de Lenguaje Senderos de BioBio,,Cruz Roja Filial Chiguayante,Santa Isabel,,826,651,445,1044,895,,0.78,2.8,32,demo,9.5,5.5,3.0,3.3
https://example.invalid/demo/00864,Terminal de buses Pedro de Valdivia,Saint John's School,,Clínica de la mujer - Sanatorio Alemán,Señora Teresa,Centro Mandala,1612,1025,739,1420,790,2062,0.75,5.0,32,demo,9.5,9.3,8.3,8.8
https://example.invalid/demo/02417,Juan Pablo II,Escuela Miguel José Zañartu Santa María E-653,,Ex Clínica Universitaria San Pedro,Unimarc,INACAP San Pedro de la Paz,1103,201,131,630,824,2715,0.73,7.0,37,demo,9.5,9.5,8.0,9.0
https://example.invalid/demo/02311,Juan Pablo II,Escuela de Lenguaje Llacolén,Plaza San Pedro Histórico,Ex Clínica Universitaria San Pedro,Super Gangas,Univesidad Santo Tomás Concepción,625,137,150,706,267,3017,0.67,5.7,27,demo,9.5,8.0,7.0,7.5
https://example.invalid/demo/01382,Universidad Técnica Federico Santa María,Escuela Especial de Lenguaje Semillita,,Sanatorio Alemán,Bodega Acuenta,Universidad Técnica Federico Santa María,1036,103,65,1121,591,836,0.79,4.2,28,demo,9.5,9.5,8.7,9.5
https://example.invalid/demo/02524,Juan Pablo II,Deutsche Schule Concepción,,Ex Clínica Universitaria San Pedro,Santa Isabel,AIEP,1550,784,728,909,975,2949,0.68,4.0,31,demo,9.5,4.5,4.5,4.5
https://example.invalid/demo/00475,Estación de buses Turbus,Colegio John F. Kennedy,Plaza Cochrane,Cruz Roja Filial Chiguayante,Supermercado Monika,,559,422,576,575,578,,0.71,5.8,34,demo,9.5,7.7,6.5,6.8
https://example.invalid/demo/00036,,,,,,,,,,,,,0.62,8.3,29,demo,9.5,9.5,9.5,9.5
https://example.invalid/demo/01940,Lirquén,Escuela Penco,,CESFAM Penco,Gabito,,3285,132,110,417,155,,0.77,4.5,31,demo,9.5,7.0,5.5,6.3
https://example.invalid/demo/02627,El Arenal,Jardin Infantil Barquito de Papel,,Filial Cruz Roja Talcahuano,,Instituto Profesional ESUCOMEX Talcahuano,376,134,172,959,172,328,0.6,8.5,30,demo,9.5,9.5,9.5,9.5
https://example.invalid/demo/00541,Chiguayante,Escuela José Hipólito Salas y Toro,Plaza Cochrane,Cruz Roja Filial Chiguayante,Supermercado Monika,,366,356,346,572,438,,0.76,6.3,29,demo,9.5,9.5,8.3,8.7
https://example.invalid/demo/01552,Terminal de Buses Rurales Vega Techada,Liceo Don Orione,,CESFAM Norte,Super Ganga,Instituto AIEP,931,239,203,851,584,992,0.57,2.8,35,demo,9.5,5.5,3.8,4.3
https://example.invalid/demo/00378,Estación de buses Turbus,Colegio Santa Inés,Plaza Manuel Rodríguez,Cruz Roja Filial Chiguayante,Supermercado Monika,,147,189,161,130,97,,0.7,2.0,33,demo,9.5,4.0,4.0,4.0
https://example.invalid/demo/00331,Pedro Medina,Colegio de Lenguaje Senderos de BioBio,,Cruz Roja Filial Chiguayante,Super Ganga,,1337,1157,1129,1704,1613,,0.56,4.3,34,demo,9.5,9.5,5.7,9.5
https://example.invalid/demo/02341,Juan Pablo II,Deutsche Schule Concepción,,Ex Clínica Universitaria San Pedro,Unimarc,INACAP San Pedro de la Paz,2253,782,281,1393,640,3745,0.75,6.2,36,demo,9.5,9.5,7.2,8.2
https://example.invalid/demo/02643,El Arenal,Colegio Remodelación Simons,,Filial Cruz Roja Talcahuano,Lider,Instituto Profesional ESUCOMEX Talcahuano,1086,459,67,1105,355,887,0.67,5.7,33,demo,9.5,6.7,6.5,6.5
https://example.invalid/demo/00664,Estación de buses Turbus,Colegio de Lenguaje Senderos de BioBio,,Cruz Roja Filial Chiguayante,Santa Isabel,,850,734,476,891,848,,0.57,4.7,35,demo,9.5,7.7,5.0,5.2
https://example.invalid/demo/00826,Buses Delsal,Escuela Juan Gregorio Las Heras,,Centro Médico Obstétrico y Ginecológico,Andretta,Preuniversitarios Cpech,452,146,118,571,486,530,0.59,3.0,34,demo,9.5,6.8,5.7,6.5
https://example.invalid/demo/01229,,Colegio San Agustín,,Inmunomédica,Santa Isabel,Instituto Janequeo,403,23,94,96,202,212,0.68,2.5,37,demo,9.5,6.8,3.2,4.5
https://example.invalid/demo/01471,Universidad Técnica Federico Santa María,Colegio Parque Central,,Clínica Mutual de Seguridad CCHC,Bodega Acuenta,Universidad Técnica Federico Santa María,992,101,96,1057,691,785,0.64,7.3,28,demo,9.5,9.2,8.5,8.8
https://example.invalid/demo/02679,El Arenal,Escuela Básica Libertad E 492,,Hospital Las Higueras,Lider,Instituto Profesional ESUCOMEX Talcahuano,717,463,105,1183,334,841,0.68,5.3,31,demo,9.5,8.5,7.2,7.8
https://example.invalid/demo/01086,Terminal de Buses 63 Rengo Lientur,Colegio Técnico Profesional Los Acacios,Plaza La Virgen,Centro Medico Universidad San Sebastián,Minimarket Xiomara,Universidad San Sebastián,862,71,252,390,273,287,0.55,5.7,38,demo,9.5,7.8,6.5,7.0
https://example.invalid/demo/00521,Chiguayante,Escuela Especial de Lenguaje Altos de Chiguayante,,Cruz Roja Filial Chiguayante,Supermercado Monika,,314,136,70,603,405,,0.78,1.8,32,demo,9.5,9.3,8.0,8.7
https://example.invalid/demo/01083,,Colegio Mozart Schule,,Centro Clínico Docente en Oftalmología,Santa Isabel,Departamento de Musica UdeC,341,14,203,555,714,102,0.7,5.8,33,demo,9.5,8.5,8.5,8.5
https://example.invalid/demo/00279,Manquimávida,Colegio de Lenguaje Senderos de BioBio,,CESFAM Pinares,Lider,,1576,1638,1226,2357,1869,,0.74,6.8,35,demo,9.5,9.5,9.3,9.5
https://example.invalid/demo/01019,Estación Intermodal Concepción,Colegio Adventista de Concepción (Enseñanza Media),Plaza España,CITSALUD,Alimentos del Pedregal,Instituto Profesional Valle Central,456,105,335,145,195,184,0.54,3.7,35,demo,9.5,8.3,7.3,8.3
https://example.invalid/demo/02930,,Escuela Básica y Adultos California,Plaza Arturo Prat,CESFAM/ SAPU Bellavista,Acuenta,,2203,286,1103,1227,780,,0.79,6.3,29,demo,9.5,7.3,7.0,7.0
https://example.invalid/demo/00809,Buses Delsal,Centro de Educación de Adultos Newentun,,CruzBlanca,Alimentos del Pedregal,Casa Central Universidad Catolica de la Santisima Concepción,373,224,220,426,104,216,0.94,2.5,35,demo,9.5,5.8,5.3,5.8
https://example.invalid/demo/00051,Estación de buses Turbus,Escuela Especial Centro de Capacitación e Integración Laboral Kries,,Cruz Roja Filial Chiguayante,Supermercado Mey,,687,379,135,635,448,,0.55,5.3,38,demo,9.5,7.3,7.2,7.3
https://example.invalid/demo/02823,El Arenal,Colegio Remodelación Simons,,Filial Cruz Roja Talcahuano,Lider,Instituto Profesional ESUCOMEX Talcahuano,733,150,216,885,263,515,0.69,4.5,39,demo,9.5,7.7,5.8,6.5
https://example.invalid/demo/02869,El Arenal,Escuela Básica Libertad E 492,,CESFAM San Vicente,Lider,Instituto Profesional ESUCOMEX Talcahuano,646,398,236,1139,633,932,0.67,5.2,33,demo,9.5,8.0,7.8,7.8
https://example.invalid/demo/00221,Manquimávida,Colegio de Lenguaje Senderos de BioBio,,CESFAM Pinares,Lider,,1271,1316,839,1962,1482,,0.81,5.7,27,demo,9.5,9.2,8.2,8.7
https://example.invalid/demo/01897,Lirquén,Escuela Los Conquistadores,,UAPO,Selecta,,2692,761,866,766,796,,0.51,4.2,37,demo,9.5,8.5,7.7,8.0
https://example.invalid/demo/01883,,,,,,,,,,,,,0.72,7.5,36,demo,9.5,9.3,8.2,8.7
https://example.invalid/demo/02737,Hospital Las Higueras,Escuela Santa Clara,,Instituto de Seguridad del Trabajo de Talcahuano,Supermercado Ganga,Universidad Católica de la Santísima Concepción Talcahuano,1489,1231,927,1867,1355,1332,0.61,5.2,33,demo,9.5,9.5,9.2,9.5
https://example.invalid/demo/00162,Pedro Medina,Colegio de Lenguaje Senderos de BioBio,,Policlínico Chiguayante,Santa Isabel,,600,474,166,857,541,,0.76,3.2,33,demo,9.5,3.2,3.2,3.2
https://example.invalid/demo/02497,Juan Pablo II,Deutsche Schule Concepción,,Ex Clínica Universitaria San Pedro,Unimarc,INACAP San Pedro de la Paz,1314,209,282,464,491,3546,0.63,6.2,30,demo,9.5,8.3,7.0,7.7
https://example.invalid/demo/00310,Estación de buses Turbus,Colegio Chileno Árabe,,Cruz Roja Filial Chiguayante,Supermercado Mey,,1593,948,1014,1372,1480,,0.69,3.7,35,demo,9.5,8.8,6.2,8.8
https://example.invalid/demo/00429,Pedro Medina,Colegio de Lenguaje Senderos de BioBio,,Cruz Roja Filial Chiguayante,Unimarc,,1688,1519,1529,2096,2004,,0.69,2.2,39,demo,9.5,8.3,8.3,8.3
https://example.invalid/demo/02509,Juan Pablo II,,Plaza Enrique Soro,Ex Clínica Universitaria San Pedro,Bio Pan,Instituto Santo Tomás,768,379,187,1603,523,3289,0.62,8.3,32,demo,9.5,9.5,9.3,9.5
https://example.invalid/demo/02366,Juan Pablo II,Deutsche Schule Concepción,,Ex Clínica Universitaria San Pedro,Unimarc,Instituto Profesional Virginio Gómez,2018,1000,466,1321,1199,2902,0.76,4.7,33,demo,9.5,6.0,5.7,5.8
https://example.invalid/demo/01761,Terminal de Buses Rurales Vega Techada,Liceo Don Orione,Plaza Coronel Ricardo Silva Arriagada,CESFAM NORORIENTE Los Ángeles,Super Ganga,Hogar Universidad de Concepción,821,79,268,697,398,969,0.64,5.7,28,demo,9.5,9.3,8.5,8.8
https://example.invalid/demo/03080,,Liceo República del Ecuador,Parque Agustín Dagnino,Hospital de Tomé,Acuenta,,3066,563,752,765,892,,0.76,2.2,37,demo,9.5,9.5,9.5,9.5
https://example.invalid/demo/02006,Concepción,Colegio Alerce,,Centro de Salud Familiar Juan Soto Fernández,Tottus,Instituto Santo Tomás,1765,969,819,1242,1534,1690,0.7,8.7,37,demo,9.5,9.5,9.3,9.5
https://example.invalid/demo/02483,Juan Pablo II,Deutsche Schule Concepción,,Ex Clínica Universitaria San Pedro,Unimarc,INACAP San Pedro de la Paz,1142,402,130,332,512,3180,0.68,1.8,44,demo,9.5,9.5,8.8,9.5
https://example.invalid/demo/00362,Manquimávida,Colegio Madre Paulina,,CESFAM Chiguayante,Santa Isabel,,396,344,348,1858,1155,,0.8,8.8,35,demo,9.5,9.5,9.3,9.5
https://example.invalid/demo/00304,Pedro Medina,Colegio de Lenguaje Senderos de BioBio,,Policlínico Chiguayante,Super Ganga,,239,228,240,595,361,,0.76,4.0,34,demo,9.5,8.2,5.5,6.3
https://example.invalid/demo/00138,Pedro Medina,Colegio de Lenguaje Senderos de BioBio,,Policlínico Chiguayante,Lider,,656,550,767,1324,911,,0.81,2.0,37,demo,9.5,8.3,6.5,7.3
https://example.invalid/demo/00020,,,,,,,,,,,,,0.59,7.0,34,demo,9.5,9.5,9.2,9.5
https://example.invalid/demo/00706,Terminal de Buses Collao,Colegio Salesiano de Concepción,Parque de la Virgen,SAMU,Colun,Universidad del Desarrollo,1139,375,288,460,370,417,0.7,6.7,33,demo,9.5,9.3,8.2,9.3
https://example.invalid/demo/00786,Terminal de Buses 63 Rengo Lientur,Colegio San Andrés,,CESFAM Santa Sabina,SuperBodega aCuenta,Universidad San Sebastián,1322,125,282,248,606,1384,0.59,8.3,37,demo,9.5,9.5,9.5,9.5
https://example.invalid/demo/01680,Terminal Santa Rita,Escuela de Lenguaje Contigo Aprendo,,CESFAM/ SAPU Paillihue,,,2262,303,187,935,1254,1777,0.68,5.5,40,demo,9.5,9.5,8.7,9.3
https://example.invalid/demo/00068,Estación de buses Turbus,Colegio Pacific School,Plaza de Armas de Chiguayante,Cruz Roja Filial Chiguayante,Supermercado Mey,,939,278,126,715,681,,0.73,8.3,37,demo,9.5,9.5,9.0,9.5
https://example.invalid/demo/02191,Juan Pablo II,Colegio Santísima Trinidad,,Ex Clínica Universitaria San Pedro,Unimarc,INACAP San Pedro de la Paz,1920,591,446,1377,1007,2349,0.66,5.7,38,demo,9.5,9.5,9.3,9.5
https://example.invalid/demo/02772,Mercado,Liceo Almirante Pedro Espina Ritchie,Paseo Ventana al Mar,Filial Cruz Roja Talcahuano,,Instituto Profesional ESUCOMEX Talcahuano,1227,379,240,405,866,807,0.71,7.0,34,demo,9.5,9.2,9.0,9.2
https://example.invalid/demo/02475,Juan Pablo II,Escuela Luis Alberto Acevedo,Plaza San Pedro Histórico,Ex Clínica Universitaria San Pedro,Santa Isabel,Univesidad Santo Tomás Concepción,711,123,152,424,154,3214,0.71,7.5,35,demo,9.5,9.5,9.0,9.5
https://example.invalid/demo/00603,Pedro Medina,Colegio de Lenguaje Senderos de BioBio,,Policlínico Chiguayante,Lider,,1130,1006,1024,1794,1368,,0.83,5.3,30,demo,9.5,9.5,9.5,9.5
https://example.invalid/demo/02154,Diagonal Biobío,Liceo Mauricio Hochschild del CEAT,Pasaje de entrada al Parque,CESFAM San Pedro de La Paz,Ok Market,INACAP San Pedro de la Paz,703,480,61,953,368,1483,0.62,8.2,32,demo,9.5,9.5,9.2,9.5
https://example.invalid/demo/02349,Juan Pablo II,Deutsche Schule Concepción,,Ex Clínica Universitaria San Pedro,Unimarc,Instituto Profesional Virginio Gómez,1882,852,587,1169,1063,2996,0.75,3.0,32,demo,9.5,3.0,3.0,3.0
https://example.invalid/demo/01961,Lirquén,Escuela de Lenguaje Jardin de Palabras,,CESFAM Penco,Provisiones Eugenio,,3843,157,643,1011,507,,0.78,4.8,37,demo,9.5,6.5,5.2,5.3
https://example.invalid/demo/02943,,Escuela Básica Ignacio Serrano Montaner,,CESFAM Alberto Reyes,Unimarc,,4154,315,367,754,1384,,0.62,6.0,39,demo,9.5,7.8,6.7,7.2
https://example.invalid/demo/01103,Terminal de Buses Jota Ewert,Liceo de Adultos José Manuel Balmaceda,Plazoleta Jaqueline Van Rysselberghe,CESFAM Tucapel,Super Ganga,Universidad San Sebastián,974,155,96,144,308,1107,0.73,6.5,30,demo,9.5,9.5,8.2,9.0
https://example.invalid/demo/02909,,Escuela República De Panamá,Plaza Arturo Prat,CESFAM/ SAPU Bellavista,Acuenta,,2169,281,953,1143,605,,0.61,5.2,33,demo,9.5,8.2,7.5,8.0
https://example.invalid/demo/01646,Terminal Santa Rita,Escuela de Lenguaje Amapola,,CESFAM Nuevo Horizonte,Supermercado Acuenta,Centro Integral de Educación Tecnológica Curamávida,4459,1130,819,1418,2745,2662,0.72,6.0,32,demo,9.5,9.5,9.3,9.5
https://example.invalid/demo/00645,Pedro Medina,Centro de Nivelación y de Capacitación para Adultos Madre María Nys,Plaza Pedro Medina,Policlínico Chiguayante,Super Ganga,,280,89,102,393,297,,0.68,8.7,38,demo,9.5,9.5,9.5,9.5
https://example.invalid/demo/01385,Universidad Técnica Federico Santa María,Escuela Esmeralda,,CESFAM Hualpencillo,"SuperMercado ""Sacarllet""",CEDUC UCN Hualpén,1155,136,299,1760,1011,1166,0.63,4.3,35,demo,9.5,9.5,9.3,9.5
https://example.invalid/demo/01557,Terminal Santa Rita,Escuela de Lenguaje Alto Los Ángeles,,Clínica Adventista,Lider Express,Instituto Santo Tomás,1361,270,198,374,638,618,0.76,5.3,33,demo,9.5,9.2,8.8,9.2
https://example.invalid/demo/00542,Pedro Medina,Colegio de Lenguaje Senderos de BioBio,,Policlínico Chiguayante,Lider,,844,738,835,1513,1070,,0.76,6.5,37,demo,9.5,7.3,7.3,7.3
https://example.invalid/demo/02260,Juan Pablo II,Colegio El Arrayán,,Ex Clínica Universitaria San Pedro,Santa Isabel,INACAP San Pedro de la Paz,1007,393,176,159,485,3418,0.65,2.8,37,demo,9.5,4.7,3.2,3.7
https://example.invalid/demo/02238,Juan Pablo II,Escuela de Lenguaje Llacolén,Plaza San Pedro Histórico,Ex Clínica Universitaria San Pedro,Santa Isabel,Univesidad Santo Tomás Concepción,1130,407,450,728,605,2912,0.84,5.3,31,demo,9.5,9.5,9.3,9.5
https://example.invalid/demo/02005,Juan Pablo II,Deutsche Schule Concepción,,Ex Clínica Universitaria San Pedro,Unimarc,Instituto Profesional Virginio Gómez,2483,1260,747,1720,1365,3107,0.76,8.5,42,demo,9.5,9.3,9.3,9.3
https://example.invalid/demo/01753,Terminal Santa Rita,Escuela Especial F-905 Esperanza,Plaza Libertador Bernardo O'Higgins,Centro Médico y Dental RedSalud,Lider,Universidad y CFT de Los Lagos,526,217,22,221,380,136,0.61,4.2,28,demo,9.5,7.7,4.8,6.7
https://example.invalid/demo/00952,,Colegio San Agustín,,Inmunomédica,Supermercado Versluys,Instituto Janequeo,396,184,123,164,230,71,0.84,3.0,31,demo,9.5,5.7,4.2,5.5
https://example.invalid/demo/01478,Universidad Técnica Federico Santa María,Colegio Parque Central,,Clínica Mutual de Seguridad CCHC,Alvi,Universidad Técnica Federico Santa María,778,263,144,1186,678,572,0.75,5.8,32,demo,9.5,9.5,8.2,9.2
https://example.invalid/demo/02705,El Arenal,Jardin Infantil Barquito de Papel,,CESFAM San Vicente,,Instituto Profesional ESUCOMEX Talcahuano,251,203,309,785,144,205,0.66,6.7,38,demo,9.5,8.8,7.8,8.5
https://example.invalid/demo/01075,,Liceo Polivalente Experimental Lucila Godoy Alcayaga,Parque Ecuador,Clínica dental: Radio Dent,Emporio Agrícola,Universidad de las Américas Concepcion,662,156,90,101,318,315,0.53,5.0,38,demo,9.5,7.2,5.5,6.7
https://example.invalid/demo/03134,,Carlos Mahns Choupay,Plaza Arturo Prat,Hospital de Tomé,Acuenta,,2809,165,512,616,357,,0.73,5.2,30,demo,9.5,9.5,6.0,6.8
https://example.invalid/demo/01637,Terminal Santa Rita,Colegio Santo Tomas de Aquino,Parque Condominio Bosque Nativo,CESFAM/ SAPU Paillihue,Super Pan,,1548,377,20,563,483,1038,0.79,6.3,33,demo,9.5,7.8,7.0,7.5
https://example.invalid/demo/00640,Pedro Medina,Colegio de Lenguaje Senderos de BioBio,,Policlínico Chiguayante,Lider,,841,746,779,1512,1043,,0.76,6.8,37,demo,9.5,8.5,7.7,8.2
https://example.invalid/demo/01322,Universidad Técnica Federico Santa María,Escuela Particular Diego Portales,,CESFAM Hualpencillo,"SuperMercado ""Sacarllet""",CEDUC UCN Hualpén,726,327,249,925,216,665,0.8,2.2,44,demo,9.5,7.5,3.8,7.2
https://example.invalid/demo/02450,Juan Pablo II,Escuela Luis Alberto Acevedo,Plaza Lota,Ex Clínica Universitaria San Pedro,Super Gangas,Univesidad Santo Tomás Concepción,250,489,265,855,173,3247,0.79,6.2,33,demo,9.5,9.2,7.2,9.2
https://example.invalid/demo/01241,Laguna Quiñenco,Escuela Particular Genaro Ríos Campos,,CESFAM Yobilo,pelado,Centro de Estudios e Inclusión Laboral Biocor,1905,558,450,1368,1454,2555,0.62,6.3,32,demo,9.5,9.5,8.3,9.5
https://example.invalid/demo/02074,Juan Pablo II,Saint John's School,,Ex Clínica Universitaria San Pedro,Unimarc,INACAP San Pedro de la Paz,2502,258,79,1819,1165,2706,0.82,6.3,28,demo,9.5,6.7,6.7,6.7
https://example.invalid/demo/01387,Universidad Técnica Federico Santa María,Escuela Especial de Lenguaje Villa Hermosa,,CESFAM Talcahuano Sur,Alvi,Universidad Técnica Federico Santa María,468,261,218,1439,107,418,0.66,5.5,35,demo,9.5,9.2,6.8,8.5
https://example.invalid/demo/02383,Juan Pablo II,Escuela de Lenguaje Llacolén,Plaza Bellavista,Ex Clínica Universitaria San Pedro,Super Gangas,Univesidad Santo Tomás Concepción,722,234,233,879,382,2849,0.72,4.7,32,demo,9.5,9.5,6.2,6.5
https://example.invalid/demo/02347,Juan Pablo II,Colegio Santísima Trinidad,,Ex Clínica Universitaria San Pedro,Unimarc,INACAP San Pedro de la Paz,1804,373,260,969,162,3298,0.88,6.2,32,demo,9.5,8.7,8.0,8.0
https://example.invalid/demo/01161,Estación Intermodal Concepción,Colegio Carmela Romero de Espinosa,Plaza España,Dental Art,Lider,Instituto Profesional Valle Central,272,87,176,167,213,228,0.66,8.5,32,demo,9.5,9.5,9.2,9.5
https://example.invalid/demo/02561,,,,,,,,,,,,,0.75,8.3,32,demo,9.5,9.5,9.5,9.5
https://example.invalid/demo/00743,,Escuela Mixta República de Ecuador,,Clínica de la mujer - Sanatorio Alemán,Jumbo,Centro Mandala,1810,389,428,472,509,1698,0.78,5.7,32,demo,9.5,9.5,9.2,9.5
https://example.invalid/demo/00528,Pedro Medina,Colegio de Lenguaje Senderos de BioBio,,Policlínico Chiguayante,Lider,,861,770,759,1532,1050,,0.77,7.3,39,demo,9.5,9.5,8.3,8.8
https://example.invalid/demo/01529,Terminal de buses Las Galaxias,Christian College,,CESFAM Hualqui,Super Bodega Acuenta,,1177,1347,1436,1638,1634,,0.71,7.5,31,demo,9.5,9.5,8.5,9.5
https://example.invalid/demo/01531,Terminal de buses Las Galaxias,Escuela Los Libertadores de Hualqui,,CESFAM Hualqui,Unimarc,,1307,578,311,753,646,,0.8,5.5,35,demo,9.5,8.7,6.0,6.2
https://example.invalid/demo/01058,Terminal de Buses Collao,Colegio Salesiano de Concepción,Parque de la Virgen,SAMU,Colun,Universidad del Desarrollo,1136,368,291,462,367,413,0.71,6.3,34,demo,9.5,9.5,7.8,8.7
https://example.invalid/demo/01540,Terminal Santa Rita,Escuela F-921 Coronel Guillermo Marín Carmona,,CESFAM/ SAPU 2 de Septiembre,Lider Express,Inacap Los Ángeles,6057,2187,2965,4369,4197,5193,0.73,3.2,30,demo,9.5,9.5,9.5,9.5
https://example.invalid/demo/00680,Pedro Medina,Colegio de Lenguaje Senderos de BioBio,,Policlínico Chiguayante,Unimarc,,888,733,833,1523,1193,,0.61,5.5,31,demo,9.5,5.5,5.5,5.5
https://example.invalid/demo/01733,Terminal Santa Rita,Colegio Alto Lauquén,,CESFAM/ SAPU Paillihue,,,2855,680,416,937,582,2364,0.74,6.8,31,demo,9.5,8.7,8.0,8.3
https://example.invalid/demo/00936,Terminal de Buses Collao,Escuela Diferencial y de Lenguaje maison l'enfance,,Centro de Salud Familiar Víctor Manuel Fernández,Lider,Universidad del Desarrollo,708,402,166,169,219,733,0.5,8.3,34,demo,9.5,9.5,9.5,9.5
https://example.invalid/demo/02451,Juan Pablo II,Escuela de Lenguaje Llacolén,Plaza Lota,Ex Clínica Universitaria San Pedro,Super Gangas,Instituto Santo Tomás,566,718,576,1202,492,2977,0.78,7.2,32,demo,9.5,7.8,7.3,7.5
https://example.invalid/demo/02028,Juan Pablo II,Deutsche Schule Concepción,,Ex Clínica Universitaria San Pedro,Unimarc,Instituto Profesional Virginio Gómez,3446,2055,418,2621,2028,3793,0.71,6.5,34,demo,9.5,9.5,8.8,9.5
https://example.invalid/demo/01624,Terminal de Buses Islajacoop,Centro Educacion Adultos Pitagoras,PLaza La Araucania,CESFAM Norte,Tottus,Instituto AIEP,889,190,367,419,388,423,0.78,5.0,36,demo,9.5,7.2,6.2,6.8
https://example.invalid/demo/01809,Terminal Santa Rita,Colegio Beato Damian de Molokai,,Consultorio,Supermercado Unico,Instituto Santo Tomás,2340,396,264,1369,586,1740,0.76,3.2,33,demo,9.5,7.5,7.0,7.3
https://example.invalid/demo/00848,,Colegio Mozart Schule,,Centro Clínico Docente en Oftalmología,Santa Isabel,Departamento de Musica UdeC,351,150,114,439,598,109,0.71,5.2,34,demo,9.5,8.0,7.3,7.5
https://example.invalid/demo/01071,,Colegio España,,SAMU,Colun,Universidad del Desarrollo,1055,149,378,190,270,334,0.72,3.3,36,demo,9.5,3.8,3.5,3.5
https://example.invalid/demo/03139,,Carlos Mahns Choupay,Plaza Arturo Prat,Hospital de Tomé,Acuenta,,2763,156,672,720,493,,0.69,5.7,36,demo,9.5,9.5,6.7,8.7
https://example.invalid/demo/02167,Juan Pablo II,Escuela de Lenguaje Llacolén,,Ex Clínica Universitaria San Pedro,Santa Isabel,Instituto Profesional Virginio Gómez,2037,1299,189,1511,1504,2424,0.66,7.3,38,demo,9.5,9.3,7.7,8.0
https://example.invalid/demo/00035,,,,,,,,,,,,,0.76,7.7,34,demo,9.5,9.5,9.0,9.5
https://example.invalid/demo/03022,,Escuela República De Panamá,Plaza de Bellavista,CESFAM/ SAPU Bellavista,Acuenta,,1914,374,1166,926,915,,0.66,7.3,32,demo,9.5,7.7,7.5,7.5
https://example.invalid/demo/01350,Universidad Técnica Federico Santa María,Centro Educacional Evangélico,,CESFAM Hualpencillo,Unimarc,CEDUC UCN Hualpén,1570,224,319,441,417,1510,0.79,8.3,33,demo,9.5,9.5,9.5,9.5
https://example.invalid/demo/02066,Juan Pablo II,Colegio Santísima Trinidad,,Ex Clínica Universitaria San Pedro,Unimarc,INACAP San Pedro de la Paz,1601,223,437,868,397,2915,0.78,3.5,32,demo,9.5,5.7,4.2,4.3
https://example.invalid/demo/01683,Terminal Santa Rita,Escuela E-922 Arturo Alessandri Palma,,CESFAM Villa los Ríos,,,5143,2078,1519,2166,2851,4626,0.75,1.8,32,demo,9.5,9.5,9.3,9.5
https://example.invalid/demo/02791,Hospital Las Higueras,Escuela Básica Libertad E 492,,Hospital Las Higueras,Supermercado Ganga,Universidad Católica de la Santísima Concepción Talcahuano,1007,443,327,489,923,867,0.69,6.7,32,demo,9.5,9.5,8.5,9.5
https://example.invalid/demo/03063,,Liceo República del Ecuador,Parque Agustín Dagnino,Hospital de Tomé,Acuenta,,3431,587,376,621,1059,,0.79,7.0,38,demo,9.5,9.5,8.8,9.5
https://example.invalid/demo/01166,Terminal de Buses Jota Ewert,Colegio Malvina Romero Vidal,Bandejón central Manuel Rodriguez,CESFAM Tucapel,Unimarc,Colegio Bautista de Concepción,419,83,125,778,360,832,0.55,6.3,42,demo,9.5,9.0,9.0,9.0
https://example.invalid/demo/01130,Terminal de Buses Jota Ewert,Colegio Malvina Romero Vidal,Bandejón central Manuel Rodriguez,CESFAM Tucapel,Supermercado Unihue,Colegio Bautista de Concepción,340,83,185,765,384,842,0.69,8.2,35,demo,9.5,9.5,9.3,9.5
https://example.invalid/demo/01700,Terminal Santa Rita,Liceo Bicentenario A-59 Los Ángeles,Plaza Alcalde Juan Jara Véjar,Complejo Asistencial Doctor Víctor Ríos Ruiz,Unimarc,,593,175,98,387,372,103,0.73,5.5,37,demo,9.5,7.2,7.2,7.2
https://example.invalid/demo/00011,,,,,,,,,,,,,0.65,2.7,31,demo,9.5,6.5,3.7,4.8
https://example.invalid/demo/02449,Juan Pablo II,Escuela de Lenguaje Llacolén,Plaza Bellavista,Centro de Salud Familiar Juan Soto Fernández,Super Gangas,Univesidad Santo Tomás Concepción,1717,1038,765,1562,1372,2042,0.69,6.7,29,demo,9.5,8.2,7.7,7.8
https://example.invalid/demo/01962,Lirquén,Escuela Penco,,CESFAM Penco,Gabito,,3249,154,122,385,184,,0.72,2.3,36,demo,9.5,5.0,3.5,3.8
https://example.invalid/demo/02065,Juan Pablo II,Escuela Miguel José Zañartu Santa María E-653,Parque Laguna Grande,Ex Clínica Universitaria San Pedro,Rincón del Valle - Minimarket,INACAP San Pedro de la Paz,1640,813,518,1266,965,2161,0.7,5.0,37,demo,9.5,5.8,5.8,5.8
https://example.invalid/demo/01334,Terminal de colectivos 21,Escuela de Lenguaje Peumayen,Plazoleta Perla del BioBio,CESFAM Talcahuano Sur,Supermercado: Victor Hugo,CEDUC UCN Hualpén,757,109,263,869,392,1487,0.83,5.5,36,demo,9.5,9.5,9.0,9.5
https://example.invalid/demo/01105,Buses Delsal,Colegio San Pedro Nolasco,,Centro Médico Obstétrico y Ginecológico,Jumbo,Preuniversitarios Cpech,562,242,450,246,208,237,0.77,3.8,35,demo,9.5,5.2,4.2,4.5
https://example.invalid/demo/02746,El Arenal,Colegio Remodelación Simons,,Filial Cruz Roja Talcahuano,Lider,Instituto Profesional ESUCOMEX Talcahuano,706,414,189,1143,76,661,0.62,3.2,32,demo,9.5,9.5,7.0,8.7
https://example.invalid/demo/00385,Pedro Medina,Colegio de Lenguaje Senderos de BioBio,,Policlínico Chiguayante,Unimarc,,1229,1084,1189,1876,1514,,0.74,6.8,34,demo,9.5,9.5,9.3,9.5
https://example.invalid/demo/00828,Lorenzo Arenas,Centro de Capacitacion Laboral Educación Especial Paulo Freire,,CESFAM Tucapel,Supermercado Unihue del Valle,Universidad San Sebastián,1495,485,246,744,188,312,0.81,7.5,32,demo,9.5,9.5,9.3,9.5
https://example.invalid/demo/01499,Universidad Técnica Federico Santa María,Colegio Parque Central,,Clínica Mutual de Seguridad CCHC,Jumbo,Universidad Técnica Federico Santa María,890,426,296,916,829,686,0.78,7.5,36,demo,9.5,9.5,9.3,9.5
https://example.invalid/demo/01250,Estación Intermodal Coronel,Escuela Vista Hermosa,Plazoleta Altos de Coronel,Hospital San José de Coronel,Unimarc,,1417,299,289,502,607,1383,0.69,7.2,36,demo,9.5,7.7,7.5,7.7
https://example.invalid/demo/02055,Juan Pablo II,Escuela de Lenguaje Llacolén,Plaza San Pedro Histórico,Ex Clínica Universitaria San Pedro,Super Gangas,Univesidad Santo Tomás Concepción,810,124,230,790,453,2862,0.59,4.7,29,demo,9.5,8.5,7.5,8.0
https://example.invalid/demo/02628,El Arenal,,Borde Costero El Morro,Filial Cruz Roja Talcahuano,Lider,Instituto Profesional ESUCOMEX Talcahuano,2087,1336,1020,1346,1512,1708,0.58,7.8,31,demo,9.5,9.5,9.5,9.5
https://example.invalid/demo/01205,,Colegio España,Plaza de las Memorias y los Derechos Humanos,SAMU,Colun,Programa de Estudios sobre la Responsabilidad Social y Programa Talentos UdeC,794,200,171,134,478,257,0.63,6.3,30,demo,9.5,9.0,7.7,8.0
https://example.invalid/demo/00700,Terminal de Buses Collao,Escuela Básica Lagos de Chile,Parque de la Virgen,SAMU,Il Patrone,CapsiUdeC,1408,698,666,1026,972,724,0.65,5.2,37,demo,9.5,9.5,9.5,9.5
https://example.invalid/demo/01798,Terminal de Buses Islajacoop,Colegio Juan Pablo II,,CESFAM Norte,Supermercado Acuenta,Inacap Los Ángeles,1688,139,158,434,245,1036,0.71,8.5,34,demo,9.5,9.5,9.2,9.5
https://example.invalid/demo/00315,Pedro Medina,Colegio de Lenguaje Senderos de BioBio,,Policlínico Chiguayante,Lider,,846,748,793,1517,1053,,0.74,6.3,34,demo,9.5,8.0,7.3,7.7
https://example.invalid/demo/00862,,Escuela F-560 Luis Muñoz Burboa,Parque Metropolitano Cerro Caracol,Clínica de la mujer - Sanatorio Alemán,Jumbo,Centro Mandala,1154,692,539,987,1138,944,0.75,8.8,24,demo,9.5,9.5,9.3,9.5
https://example.invalid/demo/01049,Concepción,Escuela Particular Santa Catalina de Siena,Parque Aurora de Chile,Diagnamet,Tottus,AIEP,501,439,80,529,582,621,0.76,4.8,37,demo,9.5,8.5,8.5,8.5
https://example.invalid/demo/01725,Terminal de Buses Rurales Vega Techada,Escuela Especial Diferencial Bendiciones de Amor,,CESFAM NORORIENTE Los Ángeles,Super Ganga,Hogar Universidad de Concepción,786,150,132,320,388,782,0.69,6.3,29,demo,9.5,9.5,8.5,9.5
https://example.invalid/demo/03023,,Escuela Margarita Naseau,Paseo Lisa Peters T.,Hospital de Tomé,Mayorista 10,,2517,904,833,1547,892,,0.6,4.5,40,demo,9.5,7.3,6.7,6.8
https://example.invalid/demo/00814,Terminal de Buses 63 Rengo Lientur,Centro de Capacitacion Laboral Educación Especial Paulo Freire,,CESFAM Tucapel,Minimarket Xiomara,Universidad San Sebastián,982,328,351,503,517,783,0.61,0.8,31,demo,9.5,9.5,9.5,9.5
https://example.invalid/demo/02063,Juan Pablo II,Colegio Santísima Trinidad,,Ex Clínica Universitaria San Pedro,Unimarc,INACAP San Pedro de la Paz,1774,51,285,1025,415,2942,0.69,6.0,32,demo,9.5,9.5,9.3,9.5
https://example.invalid/demo/02469,Juan Pablo II,Colegio El Arrayán,Plaza Pedro Lira,Ex Clínica Universitaria San Pedro,Santa Isabel,INACAP San Pedro de la Paz,609,131,231,284,331,3180,0.68,7.5,37,demo,9.5,9.5,9.0,9.5
https://example.invalid/demo/01080,,Escuela Básica Común Hospital,Plaza de las Memorias y los Derechos Humanos,SAMU,Colun,Federación de Estudiantes Universidad de Concepción,719,140,224,152,484,307,0.62,0.0,32,demo,9.5,9.5,8.7,9.5
https://example.invalid/demo/03123,,Escuela República De Panamá,Plaza Arturo Prat,Hospital de Tomé,Acuenta,,2296,322,742,1136,409,,0.68,6.7,28,demo,9.5,9.5,8.3,8.7
https://example.invalid/demo/02279,Juan Pablo II,Escuela Luis Alberto Acevedo,Plaza San Pedro Histórico,Ex Clínica Universitaria San Pedro,Santa Isabel,Univesidad Santo Tomás Concepción,818,280,304,305,235,3305,0.66,5.3,32,demo,9.5,8.5,5.8,8.0
https://example.invalid/demo/02533,Juan Pablo II,Escuela de Lenguaje Llacolén,Plaza San Pedro Histórico,Ex Clínica Universitaria San Pedro,Santa Isabel,AIEP,1229,514,551,767,690,2896,0.84,5.2,32,demo,9.5,6.7,5.7,6.2
https://example.invalid/demo/02037,Juan Pablo II,Escuela Miguel José Zañartu Santa María E-653,,Ex Clínica Universitaria San Pedro,Unimarc,INACAP San Pedro de la Paz,1442,547,230,931,817,2527,0.81,6.7,31,demo,9.5,9.5,9.5,9.5
https://example.invalid/demo/02427,El Parque,Saint John's School,,Ex Clínica Universitaria San Pedro,Unimarc,INACAP San Pedro de la Paz,2939,1055,894,3069,2317,3364,0.76,8.7,33,demo,9.5,9.5,9.3,9.5
https://example.invalid/demo/00909,,Escuela Básica Común Hospital,Plaza de las Memorias y los Derechos Humanos,SAMU,Colun,Programa de Estudios sobre la Responsabilidad Social y Programa Talentos UdeC,750,215,147,168,514,256,0.62,6.0,32,demo,9.5,8.5,6.8,8.5
https://example.invalid/demo/02532,Juan Pablo II,Deutsche Schule Concepción,,Ex Clínica Universitaria San Pedro,Unimarc,Instituto Profesional Virginio Gómez,2602,1399,756,1851,1503,3050,0.81,3.5,36,demo,9.5,8.5,8.3,8.3
https://example.invalid/demo/01596,Terminal de Buses Rurales Vega Techada,Colegio Concepción,,Centro Médico Andes Salud,Tottus,Hogar Universidad de Concepción,1217,377,78,167,228,916,0.59,7.7,37,demo,9.5,9.5,9.3,9.5
https://example.invalid/demo/02227,Juan Pablo II,Escuela Miguel José Zañartu Santa María E-653,,Ex Clínica Universitaria San Pedro,Unimarc,INACAP San Pedro de la Paz,1363,463,141,841,779,2593,0.73,8.3,30,demo,9.5,9.5,9.5,9.5
https://example.invalid/demo/03062,,Escuela Básica y Adultos California,Plaza de Bellavista,CESFAM/ SAPU Bellavista,Acuenta,,2168,605,1586,1421,1453,,0.67,7.3,33,demo,9.5,9.5,8.3,9.5
https://example.invalid/demo/02186,Juan Pablo II,Deutsche Schule Concepción,,Ex Clínica Universitaria San Pedro,Unimarc,INACAP San Pedro de la Paz,1564,91,453,703,239,3496,0.76,5.5,38,demo,9.5,6.8,5.8,6.3
https://example.invalid/demo/03037,,Escuela Margarita Naseau,,Hospital de Tomé,Unimarc,,4244,1720,1439,2313,2171,,0.76,8.5,25,demo,9.5,9.5,9.2,9.5
https://example.invalid/demo/00616,Pedro Medina,Colegio de Lenguaje Senderos de BioBio,,Policlínico Chiguayante,Super Ganga,,479,303,191,948,668,,0.56,4.5,32,demo,9.5,8.0,5.7,6.2
https://example.invalid/demo/02257,,Escuela Mixta República de Ecuador,,Clínica de la mujer - Sanatorio Alemán,Jumbo,Instituto Profesional Virginio Gómez,2130,226,270,435,281,1761,0.62,1.8,34,demo,9.5,9.5,9.5,9.5
https://example.invalid/demo/02076,Juan Pablo II,Escuela de Lenguaje Llacolén,,Ex Clínica Universitaria San Pedro,Santa Isabel,AIEP,1570,838,635,1072,1035,2673,0.77,4.7,31,demo,9.5,8.5,6.2,7.3
https://example.invalid/demo/02745,Hospital Las Higueras,Colegio Remodelación Simons,,Filial Cruz Roja Talcahuano,Lider,Universidad Católica de la Santísima Concepción Talcahuano,1235,851,450,1441,675,931,0.63,7.8,30,demo,9.5,9.0,7.8,8.3
https://example.invalid/demo/02095,Juan Pablo II,Deutsche Schule Concepción,,Ex Clínica Universitaria San Pedro,Unimarc,Instituto Profesional Virginio Gómez,2486,1090,817,1653,1098,3563,0.5,1.0,34,demo,9.5,5.8,1.0,5.8
https://example.invalid/demo/00918,Terminal de Buses Jota Ewert,Colegio Marcela Paz,Bandejón central Manuel Rodriguez,CESFAM Tucapel,Unimarc,Colegio Bautista de Concepción,615,230,76,699,178,977,0.55,5.0,33,demo,9.5,5.8,5.8,5.8
https://example.invalid/demo/00223,Manquimávida,Colegio Madre Paulina,,CESFAM Pinares,Lider,,1609,1659,1346,2518,2048,,0.84,7.3,37,demo,9.5,9.5,9.3,9.5
https://example.invalid/demo/01215,Buses Delsal,Colegio Adventista de Concepción (Enseñanza Básica),,Clínica Kenal,Super Ganga,Colegio Bautista de Concepción,570,60,243,368,107,368,0.72,6.7,32,demo,9.5,9.5,8.7,9.5
https://example.invalid/demo/01634,Terminal Santa Rita,Escuela F-900 República de Alemania,,CESFAM/ SAPU 2 de Septiembre,Lider Express,Inacap Los Ángeles,2426,591,665,1022,737,1645,0.65,7.5,34,demo,9.5,9.5,8.5,8.8
https://example.invalid/demo/01123,Conquistador,Escuela Especial de Lenguaje Pequeños Amigos,Huerta Comunitaria C3,Clínica Kenal,Alvi,Colegio Bautista de Concepción,453,125,170,783,318,420,0.78,4.3,32,demo,9.5,7.8,6.3,7.8
https://example.invalid/demo/02244,Juan Pablo II,Colegio El Arrayán,,Ex Clínica Universitaria San Pedro,Santa Isabel,INACAP San Pedro de la Paz,862,318,301,92,338,3414,0.64,6.0,33,demo,9.5,6.8,6.3,6.3
https://example.invalid/demo/03124,,Liceo República del Ecuador,"Plaza Inclusiva ""Samuel Muñoz""",Hospital de Tomé,Acuenta,,3288,250,436,310,751,,0.75,4.3,32,demo,9.5,7.2,7.0,7.2
https://example.invalid/demo/03004,,Escuela Básica y Adultos California,Parque Agustín Dagnino,Hospital de Tomé,Acuenta,,2799,378,1054,1023,934,,0.83,5.2,35,demo,9.5,9.5,8.7,9.5
https://example.invalid/demo/00606,Pedro Medina,Colegio de Lenguaje Senderos de BioBio,,Cruz Roja Filial Chiguayante,Supermercado Monika,,1484,1298,1191,1524,1592,,0.87,4.3,38,demo,9.5,7.2,6.5,7.2
https://example.invalid/demo/01064,,Liceo de Niñas,,CruzBlanca,Supermercado Versluys,Instituto Superior de Comercio de Concepción (INSUCO),780,94,169,42,225,128,0.68,5.7,31,demo,9.5,6.5,5.7,5.8
https://example.invalid/demo/02513,Juan Pablo II,Deutsche Schule Concepción,,Ex Clínica Universitaria San Pedro,Santa Isabel,AIEP,1616,866,640,996,1047,2871,0.76,3.7,34,demo,9.5,4.5,3.7,4.0
https://example.invalid/demo/02579,Hospital Las Higueras,Colegio Remodelación Simons,,Hospital Las Higueras,Lider,Universidad Católica de la Santísima Concepción Talcahuano,1166,934,527,1495,734,875,0.62,7.2,34,demo,9.5,9.5,9.5,9.5
https://example.invalid/demo/01006,,Mozatschule Concepción,,Centro Clínico Docente en Oftalmología,Santa Isabel,Centro Mandala,540,120,340,778,937,222,0.59,5.7,34,demo,9.5,9.5,8.7,9.5
https://example.invalid/demo/01206,Buses Delsal,Colegio Metodista de Concepción,,Clínica Kenal,Supermercado del Confite,Casa Central Universidad Catolica de la Santisima Concepción,301,232,321,481,20,311,0.77,6.7,31,demo,9.5,6.8,6.8,6.8
https://example.invalid/demo/02187,Juan Pablo II,Escuela de Lenguaje Llacolén,Plaza Bellavista,Ex Clínica Universitaria San Pedro,Santa Isabel,Univesidad Santo Tomás Concepción,1515,796,595,1307,1113,2338,0.83,7.7,30,demo,9.5,8.8,8.5,8.7
https://example.invalid/demo/00697,,Colegio España,,SAMU,Colun,Programa de Estudios sobre la Responsabilidad Social y Programa Talentos UdeC,785,423,74,363,693,77,0.72,6.0,29,demo,9.5,9.5,7.0,7.5
https://example.invalid/demo/01633,Terminal Santa Rita,Escuela de Lenguaje Juan Pablo II,,CESFAM/ SAPU Paillihue,,,2455,426,153,490,133,1952,0.72,8.0,36,demo,9.5,8.5,8.5,8.5
https://example.invalid/demo/00997,Buses Delsal,Colegio Metodista de Concepción,Plaza de la Independencia,CruzBlanca,Alimentos del Pedregal,Casa Central Universidad Catolica de la Santisima Concepción,314,195,274,485,65,276,0.95,4.5,37,demo,9.5,6.2,4.7,4.8
https://example.invalid/demo/01694,Terminal de Buses Rurales Vega Techada,Escuela Particular Juan Pablo II,,CESFAM Norte,Supermercado Acuenta,Centro Integral de Educación Tecnológica Curamávida,2531,253,344,1288,1208,478,0.67,6.2,36,demo,9.5,6.5,6.2,6.2
https://example.invalid/demo/03072,,Escuela Básica y Adultos California,Plaza de Bellavista,CESFAM/ SAPU Bellavista,Acuenta,,1798,1006,1333,1232,1771,,0.65,5.5,31,demo,9.5,9.5,9.3,9.5
https://example.invalid/demo/02840,Hospital Las Higueras,Colegio Talcahuano,,Instituto de Seguridad del Trabajo de Talcahuano,Supermercado Ganga,Universidad Católica de la Santísima Concepción Talcahuano,343,226,395,854,336,422,0.64,7.0,28,demo,9.5,9.5,8.8,8.8
https://example.invalid/demo/01378,Terminal de colectivos 21,Escuela Especial de Lenguaje San Sebastián,,CESFAM Talcahuano Sur,Jumbo,Universidad Técnica Federico Santa María,1770,847,666,1168,602,2840,0.77,1.8,30,demo,9.5,9.0,7.0,8.3
https://example.invalid/demo/00529,Pedro Medina,Colegio John F. Kennedy,,Cruz Roja Filial Chiguayante,Supermercado Monika,,1384,1152,1059,1351,1417,,0.74,7.8,31,demo,9.5,9.5,9.0,9.5
https://example.invalid/demo/01270,Laguna Quiñenco,Escuela Javiera Carrera,,CESFAM Yobilo,SuperBodega aCuenta,,913,433,374,398,975,2077,0.74,2.8,38,demo,9.5,7.7,5.0,5.3
https://example.invalid/demo/00572,Pedro Medina,Colegio de Lenguaje Senderos de BioBio,,Policlínico Chiguayante,Super Ganga,,529,344,353,1081,817,,0.71,4.0,34,demo,9.5,7.3,6.0,6.3
https://example.invalid/demo/00074,Pedro Medina,Colegio de Lenguaje Senderos de BioBio,,Cruz Roja Filial Chiguayante,Santa Isabel,,792,628,383,971,802,,0.77,0.5,35,demo,9.5,0.7,0.5,0.5
https://example.invalid/demo/02708,El Arenal,Escuela Básica Libertad E 492,,Hospital Las Higueras,Lider,Universidad Católica de la Santísima Concepción Talcahuano,975,520,69,1005,1105,1233,0.75,4.5,36,demo,9.5,9.5,9.5,9.5
https://example.invalid/demo/02728,Hospital Las Higueras,Escuela de Lenguaje Santa Catalina,,Hospital Las Higueras,Supermercado Ganga,Universidad Católica de la Santísima Concepción Talcahuano,661,33,135,454,513,434,0.72,1.3,36,demo,9.5,8.2,7.5,7.8
https://example.invalid/demo/00579,Pedro Medina,Colegio de Lenguaje Senderos de BioBio,,Cruz Roja Filial Chiguayante,Super Ganga,,910,729,559,1121,1022,,0.88,3.0,32,demo,9.5,4.7,3.2,3.7
https://example.invalid/demo/02423,Juan Pablo II,Deutsche Schule Concepción,,Ex Clínica Universitaria San Pedro,Unimarc,Instituto Profesional Virginio Gómez,2225,1456,29,1662,1678,2418,0.72,6.0,32,demo,9.5,9.5,7.5,9.5
https://example.invalid/demo/01616,Terminal Santa Rita,Colegio Beato Damian de Molokai,,CESFAM/ SAPU Paillihue,Super 13,Instituto Santo Tomás,2599,209,212,1165,730,2129,0.69,7.3,39,demo,9.5,9.5,8.8,9.5
https://example.invalid/demo/01724,Terminal Santa Rita,Instituto Profesional Virginio Gómez Los Angeles,Parque Laguna Esmeralda,Centro Médico Central,Jumbo,Instituto AIEP,875,100,265,273,339,266,0.78,5.0,40,demo,9.5,8.3,5.8,6.7
https://example.invalid/demo/01992,Juan Pablo II,Colegio Santísima Trinidad,,Ex Clínica Universitaria San Pedro,Unimarc,INACAP San Pedro de la Paz,1961,346,134,1136,335,3274,0.76,5.0,33,demo,9.5,9.5,8.2,8.3
https://example.invalid/demo/02062,Concepción,Escuela Especial Chile España,,CESFAM Pedro de Valdivia (Concepción),Jumbo,Instituto Profesional Virginio Gómez,2268,1752,477,1668,1724,2192,0.82,5.5,40,demo,9.5,7.5,7.0,7.2
https://example.invalid/demo/01069,,Escuela Luis Muñoz Burboa,Parque Ecuador,Medyks,Supermercado Versluys,Centro Mandala,263,334,281,641,792,266,0.65,7.2,34,demo,9.5,9.5,8.3,9.0
https://example.invalid/demo/00921,Terminal de buses Pedro de Valdivia,Colegio Santa Emilia De Concepción,,Clínica de la mujer - Sanatorio Alemán,Señora Teresa,Instituto Profesional Virginio Gómez,2340,439,454,1042,791,2277,0.69,6.2,32,demo,9.5,8.8,7.5,8.2
https://example.invalid/demo/01985,Juan Pablo II,Escuela Especial de Lenguaje Campanella,Plaza Pases de Negrete,Ex Clínica Universitaria San Pedro,Verluys,INACAP San Pedro de la Paz,638,261,119,626,622,2817,0.57,1.0,35,demo,9.5,5.7,1.7,5.0
https://example.invalid/demo/02029,Concepción,Colegio Alerce,Parque Costanera,Centro de Salud Familiar Juan Soto Fernández,Tottus,Univesidad Santo Tomás Concepción,1502,1173,867,1089,1339,1595,0.61,5.7,33,demo,9.5,9.5,9.5,9.5
https://example.invalid/demo/01548,Terminal Santa Rita,Escuela de Lenguaje Contigo Aprendo,,CESFAM Villa los Ríos,Tottus,,2473,819,493,1356,1636,2021,0.76,4.0,29,demo,9.5,7.0,6.0,6.7
https://example.invalid/demo/00099,Estación de buses Turbus,Colegio John F. Kennedy,,Cruz Roja Filial Chiguayante,Supermercado Monika,,1343,1069,1093,1270,1349,,0.77,3.0,35,demo,9.5,6.8,6.3,6.3
https://example.invalid/demo/02713,El Arenal,Colegio Remodelación Simons,Borde Costero El Morro,Filial Cruz Roja Talcahuano,Lider,Instituto Profesional ESUCOMEX Talcahuano,1049,299,20,725,571,706,0.61,6.3,36,demo,9.5,9.5,9.3,9.5
https://example.invalid/demo/02010,Costa Mar,Saint John's School,,Ex Clínica Universitaria San Pedro,Unimarc,INACAP San Pedro de la Paz,2400,501,639,2464,1860,2445,0.72,5.8,36,demo,9.5,9.5,8.7,9.5
https://example.invalid/demo/02986,,Colegio Guillermo Velasco Barros,Plaza Monumento Tomé Lafkenche,Hospital de Tomé,Unimarc,,3370,263,196,502,607,,0.76,5.2,37,demo,9.5,5.5,5.3,5.3
https://example.invalid/demo/01050,Buses Delsal,Escuela Juan Gregorio Las Heras,,Centro Médico Obstétrico y Ginecológico,Jumbo,Preuniversitarios Cpech,440,232,213,483,444,451,0.56,6.5,32,demo,9.5,9.5,8.2,8.8
https://example.invalid/demo/01938,Lirquén,Centro Educacional Alborada,,CESFAM Penco,Provisiones Eugenio,,3736,130,546,893,426,,0.7,2.8,30,demo,9.5,5.3,3.0,4.7
https://example.invalid/demo/00783,Conquistador,Centro Integrado de Educación Especial,,Centro Medico Universidad San Sebastián,Mayorista Super Ganga,Universidad San Sebastián,1075,53,237,196,197,261,0.73,1.7,30,demo,9.5,4.7,4.5,4.7
https://example.invalid/demo/00006,,,,,,,,,,,,,0.62,8.5,26,demo,9.5,9.5,9.3,9.5
https://example.invalid/demo/01702,Terminal Rodoviario Los Ángeles,Escuela D-934 Thomas Jefferson (ex n° 10),,CESFAM NORORIENTE Los Ángeles,Super Ganga,Hogar Universidad de Concepción,1267,451,225,951,1024,1583,0.63,8.2,35,demo,9.5,9.5,9.0,9.5
https://example.invalid/demo/01407,Universidad Técnica Federico Santa María,Escuela Especial de Lenguaje Semillita,,Clínica Mutual de Seguridad CCHC,Bodega Acuenta,Universidad Técnica Federico Santa María,1130,27,188,1001,600,924,0.78,6.2,32,demo,9.5,6.7,6.7,6.7
https://example.invalid/demo/02084,Costa Mar,Saint John's School,,Ex Clínica Universitaria San Pedro,Unimarc,INACAP San Pedro de la Paz,2636,183,318,2229,1577,2645,0.73,6.8,33,demo,9.5,9.5,9.3,9.5
https://example.invalid/demo/00635,Pedro Medina,Colegio de Lenguaje Senderos de BioBio,,Policlínico Chiguayante,Super Ganga,,322,148,195,842,591,,0.76,6.2,34,demo,9.5,9.0,8.5,8.8
https://example.invalid/demo/01686,Terminal de Buses Rurales Vega Techada,Escuela D-886 Colonia Árabe (ex n° 97),PLaza La Araucania,CESFAM Norte,Tottus,Instituto AIEP,791,189,345,624,486,662,0.68,1.7,37,demo,9.5,5.0,2.8,3.5
https://example.invalid/demo/01180,Estación Intermodal Concepción,Jardin infantil y Sala Cuna Tirita de Papel,Áreas verdes Esmeralda,Clínica Dental,Unimarc,Instituto Profesional Virginio Gómez,564,226,209,224,135,32,0.71,5.2,35,demo,9.5,8.3,7.2,7.5
https://example.invalid/demo/03104,,Internado Municipal Bellavista,Plaza de Bellavista,CESFAM/ SAPU Bellavista,Mayorista 10,,1647,846,1029,906,1525,,0.65,8.0,31,demo,9.5,9.5,9.3,9.5
https://example.invalid/demo/01622,Terminal de Buses Islajacoop,Escuela Diferencial Estrellita de Belén,,CESFAM Norte,Supermercado Acuenta,Centro Integral de Educación Tecnológica Curamávida,1772,146,164,493,592,1249,0.69,5.5,35,demo,9.5,9.5,9.5,9.5
https://example.invalid/demo/01340,Terminal de colectivos 21,Colegio Manuel Rodriguez,,CESFAM Talcahuano Sur,Bodega Acuenta,Universidad Técnica Federico Santa María,1466,71,157,489,657,1772,0.7,5.2,33,demo,9.5,9.5,9.5,9.5
https://example.invalid/demo/01444,Universidad Técnica Federico Santa María,Escuela Especial de Lenguaje Villa Hermosa,,CESFAM Talcahuano Sur,Alvi,CEDUC UCN Hualpén,712,155,164,1201,169,653,0.74,4.8,34,demo,9.5,6.8,5.2,5.3
https://example.invalid/demo/01493,Universidad Técnica Federico Santa María,Colegio Adventista,,CESFAM Talcahuano Sur,Alvi,Universidad Técnica Federico Santa María,876,139,81,1039,356,795,0.74,6.3,31,demo,9.5,7.7,7.2,7.3
https://example.invalid/demo/02555,Juan Pablo II,Escuela Luis Alberto Acevedo,Plaza Pedro Lira,Ex Clínica Universitaria San Pedro,Verluys,INACAP San Pedro de la Paz,353,400,52,510,226,3306,0.75,4.5,40,demo,9.5,6.3,5.5,6.0
https://example.invalid/demo/02100,Costa Mar,Saint John's School,,Ex Clínica Universitaria San Pedro,Unimarc,INACAP San Pedro de la Paz,2583,208,205,1973,1356,2554,0.86,6.7,35,demo,9.5,9.5,9.5,9.5
https://example.invalid/demo/00846,Conquistador,Liceo Juan Martínez de Rozas,Huerta Comunitaria C3,Clínica Kenal,Alvi,Colegio Bautista de Concepción,347,100,128,523,51,483,0.73,4.0,33,demo,9.5,7.7,4.5,5.0
https://example.invalid/demo/00509,Estación de buses Turbus,Colegio John F. Kennedy,,Cruz Roja Filial Chiguayante,Supermercado Monika,,1013,776,807,970,1024,,0.6,2.5,35,demo,9.5,6.5,6.0,6.5
https://example.invalid/demo/02596,El Arenal,Escuela Básica Libertad E 492,,Hospital Las Higueras,Lider,Universidad Católica de la Santísima Concepción Talcahuano,765,339,235,1075,461,900,0.48,7.0,29,demo,9.5,9.0,8.2,8.7
https://example.invalid/demo/02101,Juan Pablo II,Colegio El Arrayán,Plaza Pedro Lira,Ex Clínica Universitaria San Pedro,Santa Isabel,INACAP San Pedro de la Paz,412,342,21,449,261,3267,0.73,4.0,30,demo,9.5,4.7,4.5,4.5
https://example.invalid/demo/02362,Juan Pablo II,Colegio Santísima Trinidad,,Ex Clínica Universitaria San Pedro,Unimarc,INACAP San Pedro de la Paz,1565,287,379,881,509,2804,0.79,6.2,34,demo,9.5,6.8,6.8,6.8
https://example.invalid/demo/00972,,Colegio Einstein Concepcion,Plaza Perú,Cardimed,Santa Isabel,Federación de Estudiantes Universidad de Concepción,554,290,170,107,197,159,0.79,3.0,29,demo,9.5,6.5,5.5,6.0
https://example.invalid/demo/01791,Terminal de Buses Islajacoop,Escuela D-868 General Bernardo O'Higgins (ex n° 1),Plaza Libertador Bernardo O'Higgins,Centro Médico Central,Tottus,Instituto AIEP,596,56,535,325,99,246,0.82,4.2,33,demo,9.5,9.5,9.5,9.5
https://example.invalid/demo/02947,,Colegio Guillermo Velasco Barros,Plaza Monumento Tomé Lafkenche,Hospital de Tomé,Unimarc,,3199,89,48,570,454,,0.71,4.0,34,demo,9.5,9.5,9.3,9.5
https://example.invalid/demo/02696,Terminal Los Lobos,Colegio Particular Los Araucanos,,CESFAM San Vicente,Unimarc,Instituto Profesional ESUCOMEX Talcahuano,1046,609,878,777,1374,1686,0.74,8.2,35,demo,9.5,9.5,9.5,9.5
https://example.invalid/demo/01434,Universidad Técnica Federico Santa María,Colegio Parque Central,,Clínica Mutual de Seguridad CCHC,Jumbo,Universidad Técnica Federico Santa María,1076,223,199,785,805,862,0.67,2.8,30,demo,9.5,4.3,4.3,4.3
https://example.invalid/demo/00587,Estación de buses Turbus,Colegio John F. Kennedy,,Cruz Roja Filial Chiguayante,Supermercado Monika,,1709,1384,1586,1582,1704,,0.52,4.8,27,demo,9.5,7.8,6.7,7.5
https://example.invalid/demo/02669,Hospital Las Higueras,Escuela de Lenguaje Inalaf,,Instituto de Seguridad del Trabajo de Talcahuano,Supermercado Ganga,Universidad Católica de la Santísima Concepción Talcahuano,262,191,145,518,484,610,0.81,8.5,37,demo,9.5,9.5,9.3,9.5
https://example.invalid/demo/02452,Juan Pablo II,Colegio Santísima Trinidad,,Ex Clínica Universitaria San Pedro,Unimarc,INACAP San Pedro de la Paz,1870,222,127,1065,305,3157,0.68,6.2,34,demo,9.5,7.7,6.8,7.0
https://example.invalid/demo/01688,Terminal Santa Rita,Escuela Especial F-905 Esperanza,Plaza Libertador Bernardo O'Higgins,Centro Médico y Dental RedSalud,Jumbo,Universidad y CFT de Los Lagos,534,248,44,190,378,138,0.55,1.5,31,demo,9.5,6.7,2.0,3.5
https://example.invalid/demo/01885,Lirquén,Centro Educacional Alborada,,CESFAM Penco,Gabito,,3622,155,416,754,401,,0.54,3.5,39,demo,9.5,6.8,4.8,5.7
https://example.invalid/demo/02140,Diagonal Biobío,Liceo Mauricio Hochschild del CEAT,Plaza de Juegos,Ex Clínica Universitaria San Pedro,Ok Market,INACAP San Pedro de la Paz,1765,982,604,1732,895,1703,0.74,5.3,35,demo,9.5,9.5,9.2,9.5
https://example.invalid/demo/02945,,Escuela Margarita Naseau,Paseo Lisa Peters T.,Hospital de Tomé,Mayorista 10,,2640,595,520,1204,561,,0.73,6.5,30,demo,9.5,9.5,9.5,9.5
https://example.invalid/demo/00249,Estación de buses Turbus,Colegio John F. Kennedy,Plaza de Armas de Chiguayante,Cruz Roja Filial Chiguayante,Supermercado Monika,,948,595,941,778,931,,0.59,5.7,29,demo,9.5,7.3,6.5,6.8
https://example.invalid/demo/02780,El Arenal,Colegio Remodelación Simons,Plaza El Morro,Filial Cruz Roja Talcahuano,Lider,Instituto Profesional ESUCOMEX Talcahuano,1174,438,132,911,564,874,0.62,7.3,34,demo,9.5,8.7,8.0,8.3
https://example.invalid/demo/02289,Juan Pablo II,Colegio Santísima Trinidad,,Ex Clínica Universitaria San Pedro,Unimarc,INACAP San Pedro de la Paz,2455,946,466,1595,825,3810,0.68,6.2,31,demo,9.5,9.5,8.7,9.5
https://example.invalid/demo/02677,Hospital Las Higueras,Colegio Talcahuano,,Hospital Las Higueras,Lider,Universidad Católica de la Santísima Concepción Talcahuano,1098,970,616,1458,807,824,0.7,5.2,37,demo,9.5,8.2,7.0,8.2
https://example.invalid/demo/02333,Juan Pablo II,Colegio Santísima Trinidad,,Ex Clínica Universitaria San Pedro,Unimarc,INACAP San Pedro de la Paz,1826,75,321,1101,514,2861,0.72,6.3,32,demo,9.5,9.5,9.3,9.5
https://example.invalid/demo/00479,Estación de buses Turbus,Colegio John F. Kennedy,Plaza Manuel Rodríguez,Cruz Roja Filial Chiguayante,Supermercado Monika,,782,441,861,637,770,,0.67,7.3,30,demo,9.5,9.5,8.8,9.5
https://example.invalid/demo/01677,Terminal Rodoviario Los Ángeles,Escuela E-871 Clara Rebolledo de Godoy,,CESFAM NORORIENTE Los Ángeles,Mayorista,Hogar Universidad de Concepción,704,679,57,918,693,1881,0.64,6.2,36,demo,9.5,9.5,8.3,9.5
https://example.invalid/demo/00287,Estación de buses Turbus,Colegio John F. Kennedy,Plaza Cochrane,Cruz Roja Filial Chiguayante,Supermercado Monika,,734,531,697,713,748,,0.67,1.3,36,demo,9.5,3.7,3.0,3.2
https://example.invalid/demo/02670,El Arenal,Jardin Infantil Barquito de Papel,,CESFAM San Vicente,Unimarc,Instituto Profesional ESUCOMEX Talcahuano,303,599,332,760,437,705,0.59,8.3,34,demo,9.5,9.5,9.5,9.5
https://example.invalid/demo/02205,Concepción,Escuela Particular Santa Catalina de Siena,,Centro de Salud Familiar Juan Soto Fernández,Super Ganga,AIEP,1731,1444,707,1624,1723,1819,0.7,6.7,30,demo,9.5,9.5,8.0,9.5
https://example.invalid/demo/00448,Pedro Medina,Colegio de Lenguaje Senderos de BioBio,,Policlínico Chiguayante,Unimarc,,298,254,554,969,556,,0.84,7.5,25,demo,9.5,9.5,9.2,9.5
https://example.invalid/demo/00702,Conquistador,Centro De Capacitación Laboral Urcae COALIVI,,Indimed,Mayorista 10,Casa Central Universidad Catolica de la Santisima Concepción,167,256,308,711,389,722,0.65,3.8,31,demo,9.5,9.3,5.3,8.0
https://example.invalid/demo/02212,Diagonal Biobío,"Colegio Concepción San Pedro, campus Villa",Plaza de Juegos,Ex Clínica Universitaria San Pedro,Rincón del Valle - Minimarket,INACAP San Pedro de la Paz,1743,863,633,1506,854,1902,0.64,5.5,36,demo,9.5,7.3,6.0,6.5
https://example.invalid/demo/00250,Estación de buses Turbus,Colegio John F. Kennedy,,Cruz Roja Filial Chiguayante,Supermercado Monika,,992,717,922,917,997,,0.63,4.3,38,demo,9.5,5.2,5.0,5.0
https://example.invalid/demo/00897,Terminal de Buses Jota Ewert,Colegio Malvina Romero Vidal,Plazoleta Ejercito 1,CESFAM Tucapel,Supermercado Unihue,Colegio Bautista de Concepción,484,385,232,700,148,1056,0.75,4.3,28,demo,9.5,9.5,9.5,9.5
https://example.invalid/demo/02161,Juan Pablo II,Colegio Santísima Trinidad,,Ex Clínica Universitaria San Pedro,Unimarc,INACAP San Pedro de la Paz,2724,1092,682,1870,1075,3828,0.79,6.5,34,demo,9.5,9.5,8.8,9.3
https://example.invalid/demo/02655,Hospital Las Higueras,Colegio Claudio Matte Pérez,,Hospital Las Higueras,Supermercado Ganga,Universidad Católica de la Santísima Concepción Talcahuano,1957,918,956,1419,2050,2074,0.66,7.7,35,demo,9.5,8.2,8.2,8.2
https://example.invalid/demo/00178,Estación de buses Turbus,Colegio John F. Kennedy,,Cruz Roja Filial Chiguayante,Supermercado Monika,,747,651,470,798,774,,0.51,7.0,35,demo,9.5,8.0,7.3,7.8
https://example.invalid/demo/02047,Juan Pablo II,Deutsche Schule Concepción,,Ex Clínica Universitaria San Pedro,Unimarc,Instituto Profesional Virginio Gómez,1768,348,436,918,456,3611,0.74,2.5,35,demo,9.5,8.7,3.7,6.2
https://example.invalid/demo/01421,Universidad Técnica Federico Santa María,Liceo Simón Bolívar,,CESFAM Talcahuano Sur,Bodega Acuenta,Universidad Técnica Federico Santa María,1065,175,33,935,589,944,0.68,1.5,34,demo,9.5,3.8,2.8,3.2
https://example.invalid/demo/00069,Estación de buses Turbus,Liceo C.H. Obispo San Miguel,,Cruz Roja Filial Chiguayante,Unimarc,,1908,713,657,1715,111,,0.57,1.0,35,demo,9.5,9.5,9.5,9.5
https://example.invalid/demo/00942,Conquistador,Colegio Marcela Paz,Bandejón central Manuel Rodriguez,Centro Medico Universidad San Sebastián,Unimarc,Universidad San Sebastián,428,254,313,687,202,836,0.79,7.7,29,demo,9.5,9.5,8.8,9.5
https://example.invalid/demo/02024,Juan Pablo II,Deutsche Schule Concepción,,Ex Clínica Universitaria San Pedro,Unimarc,Instituto Profesional Virginio Gómez,2467,1148,945,1664,1210,3336,0.77,2.0,30,demo,9.5,7.3,6.0,6.5
https://example.invalid/demo/03046,,Escuela Básica y Adultos California,Plaza de Bellavista,CESFAM/ SAPU Bellavista,Acuenta,,2107,610,1524,1359,1442,,0.7,8.2,37,demo,9.5,9.5,9.2,9.5
https://example.invalid/demo/01610,Terminal Santa Rita,Escuela de Lenguaje Contigo Aprendo,,CESFAM Villa los Ríos,,,2553,716,484,1204,1735,2091,0.59,6.7,32,demo,9.5,9.5,9.5,9.5
https://example.invalid/demo/01406,Universidad Técnica Federico Santa María,Escuela Especial de Lenguaje Semillita,,Sanatorio Alemán,Bodega Acuenta,Universidad Técnica Federico Santa María,980,364,203,1164,545,811,0.68,4.7,34,demo,9.5,8.7,6.7,8.2
https://example.invalid/demo/01518,Terminal de buses Las Galaxias,Colegio Valle de Hualqui,,CESFAM Hualqui,Super Bodega Acuenta,,129,168,386,790,483,,0.83,6.7,30,demo,9.5,9.5,9.0,9.5
https://example.invalid/demo/01926,Lirquén,Queen Elizabeth School,Plazoleta Miraflores,Centro de diálisis Nephrocare,Acuenta,,2710,1148,1245,1072,1062,,0.74,7.0,27,demo,9.5,9.5,8.8,9.5
https://example.invalid/demo/01827,Terminal Santa Rita,Escuela D-953 José Manso de Velasco (ex n° 2),Plazuela Bunster-Castillo,,Lider,Universidad Católica de la Santísima Concepción Los Ángeles,538,82,47,140,166,156,0.79,5.0,39,demo,9.5,8.3,6.2,7.3
https://example.invalid/demo/02569,Unihue,Escuela Profesora Juana Salgado Parra G-609,,,,,5012,5317,,,,,0.66,8.8,29,demo,9.5,9.5,9.5,9.5
https://example.invalid/demo/00401,Pedro Medina,Colegio de Lenguaje Senderos de BioBio,Plaza Pedro Medina,Policlínico Chiguayante,Unimarc,,224,272,479,876,426,,0.7,3.3,27,demo,9.5,6.5,4.0,4.2
https://example.invalid/demo/03039,,Escuela Lisa Enriqueta Peter Teubner,Parque Villa Nuevo Tomé,Hospital de Tomé,Acuenta,,3520,743,1157,2082,2216,,0.58,7.2,31,demo,9.5,9.5,9.3,9.5
https://example.invalid/demo/02219,Juan Pablo II,Deutsche Schule Concepción,,Ex Clínica Universitaria San Pedro,Unimarc,AIEP,1552,224,515,708,463,3538,0.79,4.2,34,demo,9.5,6.8,5.8,6.2
https://example.invalid/demo/01254,Laguna Quiñenco,Escuela Víctor Domingo Silva,,CESFAM Yobilo,SuperBodega aCuenta,,754,327,205,78,865,2515,0.76,6.3,38,demo,9.5,7.2,7.0,7.2
https://example.invalid/demo/01078,Buses Delsal,Colegio Metodista de Concepción,Huerta Comunitaria C3,Indimed,Mayorista 10,Casa Central Universidad Catolica de la Santisima Concepción,49,126,427,651,253,578,0.53,4.0,32,demo,9.5,5.3,4.0,4.7
https://example.invalid/demo/02553,Juan Pablo II,Colegio El Arrayán,,Ex Clínica Universitaria San Pedro,Santa Isabel,INACAP San Pedro de la Paz,1047,377,78,187,559,3334,0.84,5.0,37,demo,9.5,9.2,6.3,7.2
https://example.invalid/demo/02243,Juan Pablo II,Colegio Santísima Trinidad,,Ex Clínica Universitaria San Pedro,Unimarc,INACAP San Pedro de la Paz,2317,843,330,1458,691,3740,0.73,0.7,37,demo,9.5,4.8,4.7,4.7
https://example.invalid/demo/02378,Juan Pablo II,Deutsche Schule Concepción,,Ex Clínica Universitaria San Pedro,Unimarc,Instituto Profesional Virginio Gómez,2122,880,771,1340,1010,3215,0.65,7.0,26,demo,9.5,9.5,8.5,9.5
https://example.invalid/demo/01384,Universidad Técnica Federico Santa María,Escuela Especial de Lenguaje Villa Hermosa,,CESFAM Talcahuano Sur,Alvi,Universidad Técnica Federico Santa María,571,493,283,1442,335,420,0.86,6.0,36,demo,9.5,7.2,6.2,6.5
https://example.invalid/demo/01756,Terminal Santa Rita,Escuela D-870 España (ex n° 3),Plaza Pinto,Consultorio,Lider,Instituto Santo Tomás,948,112,166,74,380,336,0.71,1.8,41,demo,9.5,2.7,1.8,1.8
https://example.invalid/demo/01473,Universidad Técnica Federico Santa María,Escuela Especial de Lenguaje Semillita,,Sanatorio Alemán,Bodega Acuenta,Universidad Técnica Federico Santa María,912,275,123,1222,634,726,0.79,4.0,34,demo,9.5,5.3,4.7,5.3
https://example.invalid/demo/01584,Terminal Santa Rita,Pulmahue Montessori,,CESFAM/ SAPU Paillihue,Tottus,,1925,533,170,1052,1224,1453,0.62,7.3,32,demo,9.5,9.5,9.5,9.5
https://example.invalid/demo/00345,Pedro Medina,Colegio de Lenguaje Senderos de BioBio,,Policlínico Chiguayante,Super Ganga,,858,674,636,1400,1119,,0.76,4.5,33,demo,9.5,8.3,8.2,8.3
https://example.invalid/demo/00914,Estación Intermodal Concepción,Jardin infantil y Sala Cuna Tirita de Papel,,Diagnamet,Super Ganga,AIEP,329,341,171,74,314,83,0.68,3.5,38,demo,9.5,5.3,4.2,5.3
https://example.invalid/demo/02202,Juan Pablo II,Deutsche Schule Concepción,,Ex Clínica Universitaria San Pedro,Santa Isabel,AIEP,1377,513,581,642,794,3224,0.73,2.7,33,demo,9.5,4.0,2.8,3.3
https://example.invalid/demo/02544,Juan Pablo II,Colegio Santísima Trinidad,,Ex Clínica Universitaria San Pedro,Unimarc,INACAP San Pedro de la Paz,1660,175,419,943,455,2862,0.74,0.0,35,demo,9.5,7.5,6.7,7.2
https://example.invalid/demo/00796,Estación Intermodal Concepción,Colegio Carmela Romero de Espinosa,Plaza España,Clínica podológica: Footclinic,Alimentos del Pedregal,Instituto Profesional Valle Central,371,214,192,114,217,178,0.7,3.0,30,demo,9.5,3.3,3.3,3.3
https://example.invalid/demo/02576,Terminal de buses Mi Expreso,Escuela de Lenguaje Rucahue,,CESFAM San Vicente,Unimarc,Instituto Profesional ESUCOMEX Talcahuano,547,161,381,235,817,1080,0.69,2.2,39,demo,9.5,9.5,9.5,9.5
https://example.invalid/demo/02868,El Arenal,Colegio Remodelación Simons,,Filial Cruz Roja Talcahuano,Lider,Instituto Profesional ESUCOMEX Talcahuano,1244,582,187,1155,515,1022,0.5,6.7,28,demo,9.5,7.5,7.5,7.5
https://example.invalid/demo/02268,Juan Pablo II,Escuela de Lenguaje Llacolén,Plaza San Pedro Histórico,Ex Clínica Universitaria San Pedro,Santa Isabel,Univesidad Santo Tomás Concepción,1084,344,406,769,593,2850,0.83,5.3,35,demo,9.5,9.2,6.7,7.8
https://example.invalid/demo/01095,Buses Delsal,Colegio San Pedro Nolasco,,Centro Médico Obstétrico y Ginecológico,Jumbo,Preuniversitarios Cpech,635,284,359,142,69,193,0.66,2.7,32,demo,9.5,6.8,3.2,4.2
https://example.invalid/demo/00116,Manquimávida,Kennedy School,,CESFAM Pinares,Unimarc,,1209,466,159,600,507,,0.63,8.5,35,demo,9.5,9.5,9.5,9.5
https://example.invalid/demo/00688,Estación Intermodal Concepción,Colegio Carmela Romero de Espinosa,Plaza España,Diagnamet,Lider,AIEP,118,342,155,138,231,286,0.62,6.3,32,demo,9.5,9.5,8.0,9.5
https://example.invalid/demo/00486,Estación de buses Turbus,Escuela Especial de Lenguaje Altos de Chiguayante,,Cruz Roja Filial Chiguayante,Supermercado Mey,,398,374,82,430,256,,0.61,6.0,28,demo,9.5,9.5,7.3,9.5
https://example.invalid/demo/01944,Lirquén,Escuela Penco,,CESFAM Penco,Gabito,,3438,97,233,570,228,,0.74,6.0,35,demo,9.5,7.7,7.3,7.5
https://example.invalid/demo/01288,Laguna Quiñenco,Escuela de Lenguaje Farolito Dorado,,CESFAM Yobilo,Santa Isabel,,1651,811,763,953,1690,2510,0.79,4.7,38,demo,9.5,9.2,7.8,8.3
https://example.invalid/demo/00684,,Mozatschule Concepción,,SAMU,Santa Isabel,Universidad de Concepción,1068,433,810,1148,1451,493,0.56,0.0,32,demo,9.5,9.5,7.7,9.5
https://example.invalid/demo/00167,Pedro Medina,Colegio de Lenguaje Senderos de BioBio,,Policlínico Chiguayante,Lider,,951,831,929,1616,1194,,0.79,4.7,34,demo,9.5,5.2,5.2,5.2
https://example.invalid/demo/00548,Pedro Medina,Colegio de Lenguaje Senderos de BioBio,,Policlínico Chiguayante,Super Ganga,,317,152,175,819,566,,0.8,6.8,35,demo,9.5,9.5,8.5,9.5
https://example.invalid/demo/00642,Pedro Medina,Colegio de Lenguaje Senderos de BioBio,,Policlínico Chiguayante,Super Ganga,,611,447,221,993,691,,0.71,5.2,34,demo,9.5,6.2,5.3,5.7
https://example.invalid/demo/00146,Manquimávida,Colegio Gabriel González Videla,,CESFAM Pinares,Unimarc,,701,364,205,825,400,,0.63,7.5,27,demo,9.5,9.5,9.2,9.5
https://example.invalid/demo/01849,Terminal Santa Rita,Liceo Comercial B-64 Diego Portales Palazuelos,,Complejo Asistencial Doctor Víctor Ríos Ruiz,Lider,,603,105,51,202,319,125,0.61,4.8,33,demo,9.5,7.2,6.8,7.2
https://example.invalid/demo/00876,Buses Delsal,Centro de Educación de Adultos Newentun,,Clínica Kenal,Santa Isabel,Casa Central Universidad Catolica de la Santisima Concepción,518,59,180,278,102,155,0.8,5.8,35,demo,9.5,8.0,7.7,8.0
https://example.invalid/demo/02049,Concepción,Escuela Particular Santa Catalina de Siena,,CESFAM Pedro de Valdivia (Concepción),Jumbo,Instituto Profesional Virginio Gómez,2139,1705,422,1642,1757,2097,0.63,6.2,38,demo,9.5,9.5,9.2,9.5
https://example.invalid/demo/02763,El Arenal,Colegio Remodelación Simons,,Filial Cruz Roja Talcahuano,Lider,Instituto Profesional ESUCOMEX Talcahuano,750,32,185,767,382,460,0.75,5.8,40,demo,9.5,7.8,6.7,7.8
https://example.invalid/demo/02190,Concepción,Escuela Óscar Castro Zúñiga,Parque Bicentenario,Integramédica,Tottus,Univesidad Santo Tomás Concepción,179,78,280,134,82,293,0.77,7.2,31,demo,9.5,8.0,7.5,7.7
https://example.invalid/demo/00557,Pedro Medina,Colegio de Lenguaje Senderos de BioBio,,Cruz Roja Filial Chiguayante,Santa Isabel,,826,664,412,938,812,,0.66,3.3,35,demo,9.5,7.3,3.7,4.8
https://example.invalid/demo/00091,Pedro Medina,Colegio de Lenguaje Senderos de BioBio,,Cruz Roja Filial Chiguayante,Super Ganga,,1359,1184,1178,1790,1662,,0.68,8.2,31,demo,9.5,9.5,9.0,9.5
https://example.invalid/demo/03092,,Escuela Básica y Adultos California,Plaza Arturo Prat,CESFAM/ SAPU Bellavista,Acuenta,,2103,344,1402,1214,1087,,0.8,5.5,30,demo,9.5,9.5,9.0,9.5
https://example.invalid/demo/01573,Terminal Santa Rita,Liceo Santa Rita,Alameda,Clínica Adventista,Jumbo,Instituto Santo Tomás,953,85,109,224,183,159,0.56,4.7,32,demo,9.5,8.0,6.0,6.5
https://example.invalid/demo/02281,Concepción,Escuela Particular Santa Catalina de Siena,Parque Costanera,CESFAM Pedro de Valdivia (Concepción),Super Ganga,Instituto Profesional Virginio Gómez,1343,886,854,1002,1154,1278,0.54,6.0,35,demo,9.5,9.5,9.5,9.5
https://example.invalid/demo/03073,,Carlos Mahns Choupay,Plaza Arturo Prat,Hospital de Tomé,Acuenta,,2821,172,552,620,406,,0.72,6.2,29,demo,9.5,8.3,8.0,8.2
https://example.invalid/demo/00705,Terminal de Buses Jota Ewert,Colegio Malvina Romero Vidal,Bandejón central Manuel Rodriguez,CESFAM Tucapel,Super Ganga,Colegio Bautista de Concepción,515,142,239,595,380,1007,0.77,8.5,31,demo,9.5,9.5,9.2,9.5
https://example.invalid/demo/02910,,Escuela Lisa Enriqueta Peter Teubner,Parque Agustín Dagnino,Hospital de Tomé,Acuenta,,3137,237,876,1130,1259,,0.82,7.3,28,demo,9.5,8.0,7.8,7.8
https://example.invalid/demo/01669,Terminal Santa Rita,Escuela Especial de Lenguaje Santa María,,CESFAM/ SAPU 2 de Septiembre,Lider Express,Inacap Los Ángeles,3389,1333,498,1628,1473,2465,0.58,6.7,36,demo,9.5,9.5,9.5,9.5
https://example.invalid/demo/00932,,Escuela Especial Chile España,,Clínica de la mujer - Sanatorio Alemán,Jumbo,Instituto Profesional Virginio Gómez,1468,405,278,258,432,1283,0.62,0.8,34,demo,9.5,8.3,7.5,8.2
https://example.invalid/demo/00913,Terminal de Buses Collao,Escuela Diferencial y de Lenguaje maison l'enfance,,Centro de Salud Familiar Víctor Manuel Fernández,Super Ganga,Universidad del Desarrollo,926,138,134,145,165,667,0.67,3.5,36,demo,9.5,9.5,6.7,8.5
https://example.invalid/demo/02547,Concepción,Deutsche Schule Concepción,,CESFAM Pedro de Valdivia (Concepción),Jumbo,Instituto Profesional Virginio Gómez,2467,1795,484,1826,1834,2383,0.67,7.7,33,demo,9.5,9.5,8.8,9.5
https://example.invalid/demo/03069,,Escuela Margarita Naseau,Paseo Lisa Peters T.,Hospital de Tomé,Unimarc,,3254,237,252,928,702,,0.76,6.8,33,demo,9.5,9.5,8.2,8.3
https://example.invalid/demo/01541,Terminal Santa Rita,Escuela F-929 11 de Septiembre,Plaza Los Maitenes,CESFAM Norte,Supermercado Acuenta,Inacap Los Ángeles,1706,82,186,763,318,768,0.82,0.0,34,demo,9.5,7.7,7.5,7.5
https://example.invalid/demo/02056,Juan Pablo II,"Colegio Concepción San Pedro, campus Villa",,Ex Clínica Universitaria San Pedro,Supermercado Super Ganga,INACAP San Pedro de la Paz,870,237,151,1086,333,2430,0.69,8.2,32,demo,9.5,8.8,8.5,8.5
https://example.invalid/demo/02019,Juan Pablo II,Colegio El Arrayán,,Ex Clínica Universitaria San Pedro,Unimarc,INACAP San Pedro de la Paz,1075,380,38,227,584,3281,0.78,6.7,41,demo,9.5,9.0,7.7,8.2
https://example.invalid/demo/03077,,Escuela Mariano Egaña,Plaza Recreativa Dagnino,Hospital de Tomé,Unimarc,,4222,234,448,954,1649,,0.68,4.0,37,demo,9.5,9.5,9.3,9.5
https://example.invalid/demo/01345,Universidad Técnica Federico Santa María,Jardín Infantil Jugando Aprendo,,Sanatorio Alemán,Bodega Acuenta,Universidad Técnica Federico Santa María,1186,332,268,966,338,1017,0.64,7.0,28,demo,9.5,9.0,8.7,8.7
https://example.invalid/demo/03076,,Escuela República De Panamá,Paseo Lisa Peters T.,CESFAM/ SAPU Bellavista,Mayorista 10,,2323,872,950,1381,913,,0.72,6.3,40,demo,9.5,9.5,9.5,9.5
https://example.invalid/demo/00282,Estación de buses Turbus,Colegio John F. Kennedy,Plaza de Armas de Chiguayante,Cruz Roja Filial Chiguayante,Supermercado Mey,,1237,880,1088,1051,1203,,0.59,6.7,32,demo,9.5,9.5,9.5,9.5
https://example.invalid/demo/00459,Chiguayante,Escuela José Hipólito Salas y Toro,,Cruz Roja Filial Chiguayante,Santa Isabel,,385,224,344,653,391,,0.78,6.2,27,demo,9.5,9.5,8.7,9.5
https://example.invalid/demo/00496,Estación de buses Turbus,Colegio John F. Kennedy,Plaza Manuel Rodríguez,Cruz Roja Filial Chiguayante,Supermercado Monika,,382,44,449,199,356,,0.69,7.0,29,demo,9.5,9.5,8.5,9.5
https://example.invalid/demo/01230,Estación Intermodal Coronel,Escuela Vista Hermosa,Plazoleta Altos de Coronel,Hospital San José de Coronel,Unimarc,,1481,602,572,891,900,1711,0.56,7.0,32,demo,9.5,8.8,8.8,8.8
https://example.invalid/demo/01484,Universidad Técnica Federico Santa María,Colegio Adventista,,CESFAM Talcahuano Sur,Alvi,Universidad Técnica Federico Santa María,901,171,135,1027,395,808,0.68,3.2,31,demo,9.5,5.0,3.3,3.8
https://example.invalid/demo/02527,Juan Pablo II,Colegio El Arrayán,,Ex Clínica Universitaria San Pedro,Santa Isabel,INACAP San Pedro de la Paz,819,215,297,43,354,3312,0.82,5.7,34,demo,9.5,7.7,6.0,6.7
https://example.invalid/demo/00355,Pedro Medina,Colegio de Lenguaje Senderos de BioBio,,Policlínico Chiguayante,Lider,,1744,1598,1591,2390,2013,,0.62,5.5,34,demo,9.5,9.5,9.5,9.5
https://example.invalid/demo/02026,Diagonal Biobío,Colegio Instituto San Pedro,Parque Violeta Parra,CESFAM San Pedro de La Paz,La Piramide,INACAP San Pedro de la Paz,1611,970,451,1542,737,3563,0.57,8.3,35,demo,9.5,9.5,9.2,9.5
https://example.invalid/demo/00811,Terminal de Buses 63 Rengo Lientur,Escuela Irene Frei de Cid,,CESFAM Tucapel,Supermercado Unihue del Valle,Universidad San Sebastián,997,273,84,1022,814,647,0.69,0.0,29,demo,9.5,9.5,9.3,9.5
https://example.invalid/demo/03026,,Carlos Mahns Choupay,Plaza Arturo Prat,Hospital de Tomé,Acuenta,,2506,198,818,964,537,,0.69,6.2,32,demo,9.5,6.5,6.3,6.5
https://example.invalid/demo/02396,Juan Pablo II,Deutsche Schule Concepción,,Ex Clínica Universitaria San Pedro,Unimarc,INACAP San Pedro de la Paz,2166,699,184,1307,544,3665,0.72,3.3,40,demo,9.5,7.2,5.7,5.8
https://example.invalid/demo/01853,Terminal Santa Rita,Pulmahue Montessori,,Complejo Asistencial Doctor Víctor Ríos Ruiz,Tottus,,1225,392,169,765,790,742,0.72,7.0,32,demo,9.5,8.5,7.5,8.2
https://example.invalid/demo/02116,Concepción,Escuela de Lenguaje Llacolén,,CESFAM Pedro de Valdivia (Concepción),Jumbo,Instituto Profesional Virginio Gómez,2137,1679,340,1716,1857,2125,0.64,7.2,33,demo,9.5,9.5,8.8,9.5
https://example.invalid/demo/03045,,Escuela Básica y Adultos California,Plaza Arturo Prat,Hospital de Tomé,Acuenta,,2258,312,1011,1210,687,,0.75,3.2,32,demo,9.5,3.8,3.3,3.5
https://example.invalid/demo/02422,Juan Pablo II,Colegio Santísima Trinidad,,Ex Clínica Universitaria San Pedro,Unimarc,INACAP San Pedro de la Paz,2129,308,214,1359,626,3028,0.68,7.5,40,demo,9.5,9.2,8.5,8.7
https://example.invalid/demo/01061,,Colegio Einstein Concepcion,,Hospital Clínico Regional Doctor Guillermo Grant Benavente,Santa Isabel,Federación de Estudiantes Universidad de Concepción,489,215,143,347,527,209,0.53,8.5,30,demo,9.5,9.5,9.3,9.5
https://example.invalid/demo/00830,Buses Delsal,Escuela de Lenguaje Girasol,,Centro Médico Obstétrico y Ginecológico,Alimentos del Pedregal,Preuniversitarios Cpech,745,94,512,245,292,154,0.86,4.2,35,demo,9.5,8.0,5.2,7.3
https://example.invalid/demo/02883,,Escuela Margarita Naseau,Paseo Lisa Peters T.,Hospital de Tomé,Unimarc,,3313,323,340,994,789,,0.74,0.0,34,demo,9.5,9.2,8.0,8.5
https://example.invalid/demo/00131,Estación de buses Turbus,Escuela Especial de Lenguaje Altos de Chiguayante,Plaza Manuel Rodríguez,Cruz Roja Filial Chiguayante,Supermercado Monika,,142,245,80,259,117,,0.74,1.3,39,demo,9.5,2.0,2.0,2.0
https://example.invalid/demo/01046,Buses Delsal,Escuela Diferencial y Centro de Atencion Temprana Libertad,,Centro Médico Obstétrico y Ginecológico,Andretta,Preuniversitarios Cpech,638,178,280,473,429,401,0.78,3.5,36,demo,9.5,6.2,4.7,6.0
https://example.invalid/demo/02214,Juan Pablo II,Colegio Santísima Trinidad,,Ex Clínica Universitaria San Pedro,Unimarc,Instituto Profesional Virginio Gómez,3453,1984,930,2595,1873,4340,0.72,8.2,39,demo,9.5,9.5,8.8,9.5
https://example.invalid/demo/02640,El Arenal,Liceo Almirante Pedro Espina Ritchie,Paseo Ventana al Mar,Filial Cruz Roja Talcahuano,,Instituto Profesional ESUCOMEX Talcahuano,1291,453,312,477,912,862,0.75,5.8,32,demo,9.5,9.5,9.5,9.5
https://example.invalid/demo/02549,Juan Pablo II,Escuela de Lenguaje Llacolén,,Ex Clínica Universitaria San Pedro,Santa Isabel,AIEP,1519,819,708,939,957,2852,0.73,7.0,26,demo,9.5,9.5,9.3,9.5
https://example.invalid/demo/00728,Concepción,Colegio Alerce,,Centro de Salud Familiar Juan Soto Fernández,Tottus,Instituto Santo Tomás,1236,303,158,705,981,1066,0.78,4.5,32,demo,9.5,8.8,8.0,8.2
https://example.invalid/demo/01707,Terminal de Buses Islajacoop,Escuela D-868 General Bernardo O'Higgins (ex n° 1),Plaza Libertador Bernardo O'Higgins,Hospital Mutual de Seguridad de Los Ángeles ACHS,Unimarc,Instituto AIEP,298,293,388,354,138,329,0.75,1.3,32,demo,9.5,9.3,4.3,8.8
https://example.invalid/demo/01461,Lorenzo Arenas,Colegio Inglés British Royal School,,Clínica Mutual de Seguridad CCHC,Lider,Duoc UC,1362,813,986,206,35,695,0.65,8.0,34,demo,9.5,9.5,9.3,9.5
https://example.invalid/demo/01290,Laguna Quiñenco,Liceo Comercial Andrés Bello López,,CESFAM Yobilo,SuperBodega aCuenta,,401,600,154,975,271,2458,0.6,8.2,35,demo,9.5,9.5,9.3,9.5
https://example.invalid/demo/02297,Juan Pablo II,Escuela Especial de Lenguaje Campanella,Plaza Pases de Negrete,Ex Clínica Universitaria San Pedro,Verluys,INACAP San Pedro de la Paz,682,280,146,631,665,2787,0.59,1.7,32,demo,9.5,5.0,3.5,4.7
https://example.invalid/demo/02501,Juan Pablo II,Deutsche Schule Concepción,,Ex Clínica Universitaria San Pedro,Unimarc,Instituto Profesional Virginio Gómez,2017,573,380,1164,583,3676,0.73,6.0,37,demo,9.5,7.3,6.8,7.3
https://example.invalid/demo/00507,Pedro Medina,Colegio de Lenguaje Senderos de BioBio,,Policlínico Chiguayante,Unimarc,,631,515,721,1296,902,,0.72,3.5,32,demo,9.5,6.5,5.3,5.7
https://example.invalid/demo/00800,,Escuela F-560 Luis Muñoz Burboa,,Clínica de la mujer - Sanatorio Alemán,Señora Teresa,Centro Mandala,1796,1241,1167,1494,1268,1486,0.87,8.7,30,demo,9.5,9.5,9.5,9.5
https://example.invalid/demo/00189,Pedro Medina,Kennedy School,,CESFAM Pinares,Unimarc,,1335,526,129,385,759,,0.66,8.0,38,demo,9.5,9.5,9.5,9.5
https://example.invalid/demo/00929,Terminal de líneas a Tomé,Colegio la Inmaculada Concepción,Plaza Cruz,CITSALUD,Super Ganga,Colegio Bautista de Concepción,494,118,240,650,378,67,0.6,4.5,35,demo,9.5,8.0,6.7,7.3
https://example.invalid/demo/00232,Estación de buses Turbus,Colegio John F. Kennedy,,Cruz Roja Filial Chiguayante,Supermercado Monika,,833,560,872,760,837,,0.64,2.3,36,demo,9.5,6.3,3.8,6.3
https://example.invalid/demo/03051,,Liceo Ecuador,Plaza Arturo Prat,Hospital de Tomé,Acuenta,,2719,284,368,694,85,,0.62,1.3,37,demo,9.5,2.3,1.8,2.3
https://example.invalid/demo/02173,Juan Pablo II,Saint John's School,,Ex Clínica Universitaria San Pedro,Unimarc,INACAP San Pedro de la Paz,3442,1151,545,2618,1808,3871,0.73,7.2,30,demo,9.5,9.5,9.5,9.5
https://example.invalid/demo/02119,Juan Pablo II,Deutsche Schule Concepción,,Ex Clínica Universitaria San Pedro,Unimarc,INACAP San Pedro de la Paz,1637,166,379,777,213,3509,0.74,4.2,35,demo,9.5,8.2,5.0,6.7
https://example.invalid/demo/01656,Terminal Santa Rita,Colegio Alto Lauquén,,CESFAM Villa los Ríos,,,3859,1095,855,1696,1553,3365,0.74,5.8,39,demo,9.5,9.5,9.0,9.5
https://example.invalid/demo/02159,Juan Pablo II,Deutsche Schule Concepción,,Ex Clínica Universitaria San Pedro,Santa Isabel,AIEP,1732,970,511,1125,1169,2783,0.68,2.5,40,demo,9.5,6.3,4.2,4.8
https://example.invalid/demo/00008,,,,,,,,,,,,,0.61,7.7,28,demo,9.5,9.5,9.5,9.5
https://example.invalid/demo/02841,Hospital Las Higueras,Escuela Básica Libertad E 492,,Hospital Las Higueras,Lider,Universidad Católica de la Santísima Concepción Talcahuano,995,613,149,1098,429,633,0.62,2.8,32,demo,9.5,5.8,3.2,3.7
https://example.invalid/demo/01782,Terminal Santa Rita,Escuela D-868 General Bernardo O'Higgins (ex n° 1),Plaza Libertador Bernardo O'Higgins,Hospital Mutual de Seguridad de Los Ángeles ACHS,Unimarc,Instituto AIEP,332,303,287,282,235,274,0.75,7.5,36,demo,9.5,9.3,9.3,9.3
https://example.invalid/demo/02243,Juan Pablo II,Colegio Santísima Trinidad,,Ex Clínica Universitaria San Pedro,Unimarc,INACAP San Pedro de la Paz,2317,843,330,1458,691,3740,0.73,0.7,37,demo,9.5,4.8,4.7,4.7
https://example.invalid/demo/02183,Juan Pablo II,Escuela de Lenguaje Llacolén,Plaza Bellavista,Ex Clínica Universitaria San Pedro,Super Gangas,Univesidad Santo Tomás Concepción,1469,786,520,1360,1121,2255,0.71,5.5,31,demo,9.5,9.5,9.0,9.5
https://example.invalid/demo/00423,Estación de buses Turbus,Colegio John F. Kennedy,,Cruz Roja Filial Chiguayante,Supermercado Monika,,2363,2017,2150,2204,2350,,0.78,7.7,27,demo,9.5,9.5,9.0,9.5
https://example.invalid/demo/01498,Universidad Técnica Federico Santa María,Colegio Alonkura,Plaza Arturo Prat,CESFAM Talcahuano Sur,Alvi,CEDUC UCN Hualpén,1028,159,115,932,496,964,0.71,8.0,34,demo,9.5,8.8,8.8,8.8
https://example.invalid/demo/02287,Juan Pablo II,Escuela de Lenguaje Llacolén,,Ex Clínica Universitaria San Pedro,Santa Isabel,AIEP,1776,1038,437,1273,1245,2538,0.63,7.0,35,demo,9.5,9.0,7.5,8.5
https://example.invalid/demo/01293,Estación Intermodal Coronel,Escuela Vista Hermosa,,Hospital San José de Coronel,Unimarc,,1783,179,519,693,927,1637,0.72,8.2,29,demo,9.5,9.5,9.5,9.5
https://example.invalid/demo/02487,Juan Pablo II,Escuela Luis Alberto Acevedo,Plaza San Pedro Histórico,Ex Clínica Universitaria San Pedro,Santa Isabel,Univesidad Santo Tomás Concepción,725,260,300,273,150,3361,0.5,0.0,34,demo,9.5,9.2,8.8,8.8
https://example.invalid/demo/02081,Juan Pablo II,Saint John's School,,Ex Clínica Universitaria San Pedro,Unimarc,INACAP San Pedro de la Paz,2596,353,124,1852,1117,2986,0.6,4.2,30,demo,9.5,5.8,5.8,5.8
https://example.invalid/demo/00973,Terminal de Buses Collao,Colegio Salesiano de Concepción,Plaza San Juan Bosco,Clínica Ernesto Silva B.,La Taquilla,Universidad del Desarrollo,1153,45,105,283,155,259,0.83,4.8,30,demo,9.5,5.3,5.3,5.3
https://example.invalid/demo/03112,,Liceo República del Ecuador,"Plaza Inclusiva ""Samuel Muñoz""",Hospital de Tomé,Acuenta,,3380,365,442,365,866,,0.84,5.7,37,demo,9.5,8.7,7.8,8.3
https://example.invalid/demo/00365,Pedro Medina,Colegio John F. Kennedy,,Cruz Roja Filial Chiguayante,Supermercado Monika,,1458,1195,1135,1395,1468,,0.79,4.0,34,demo,9.5,9.5,8.0,8.8
https://example.invalid/demo/02264,Juan Pablo II,Escuela Luis Alberto Acevedo,,Ex Clínica Universitaria San Pedro,Santa Isabel,AIEP,1197,589,574,549,615,3168,0.58,2.8,36,demo,9.5,8.8,4.3,8.8
https://example.invalid/demo/00104,Estación de buses Turbus,Colegio John F. Kennedy,Plaza de Armas de Chiguayante,Cruz Roja Filial Chiguayante,Supermercado Mey,,1111,755,1007,928,1085,,0.58,7.8,31,demo,9.5,9.5,9.3,9.5
https://example.invalid/demo/02992,,Escuela Margarita Naseau,Paseo Lisa Peters T.,Hospital de Tomé,Unimarc,,2917,244,170,864,377,,0.7,3.2,33,demo,9.5,5.8,3.7,4.0
https://example.invalid/demo/01899,Lirquén,Preuniversitarío Municipal,Plaza Los Conquistadores,CESFAM Penco,San Cristóbal,,3009,54,152,163,194,,0.73,6.3,37,demo,9.5,9.3,7.7,8.8
https://example.invalid/demo/00451,Chiguayante,Escuela José Hipólito Salas y Toro,Plaza Cochrane,Cruz Roja Filial Chiguayante,Supermercado Monika,,352,454,408,510,405,,0.72,0.8,36,demo,9.5,9.0,6.8,9.0
https://example.invalid/demo/03087,,Centro de Educacion Integrada Poeta Alfonso Mora,Plazoleta Calle Las Lilas,Hospital de Tomé,Unimarc,,3229,140,311,174,540,,0.73,7.2,33,demo,9.5,7.7,7.7,7.7
https://example.invalid/demo/01903,Lirquén,Centro Educacional Alborada,,CESFAM Penco,Gabito,,4636,1246,700,1846,1561,,0.78,7.0,36,demo,9.5,9.5,8.5,9.0
https://example.invalid/demo/02495,Juan Pablo II,Escuela Miguel José Zañartu Santa María E-653,Plaza Pedro Esteban,Ex Clínica Universitaria San Pedro,Santa Isabel,INACAP San Pedro de la Paz,932,43,152,487,744,2836,0.76,6.0,41,demo,9.5,6.0,6.0,6.0
https://example.invalid/demo/02983,,Liceo Ecuador,Plaza Arturo Prat,Hospital de Tomé,Unimarc,,3011,150,190,413,295,,0.67,5.7,30,demo,9.5,6.0,5.8,5.8
https://example.invalid/demo/00715,Buses Delsal,Escuela Diferencial y Centro de Atencion Temprana Libertad,,Centro Médico Obstétrico y Ginecológico,Jumbo,Preuniversitarios Cpech,591,185,279,433,431,371,0.69,5.8,32,demo,9.5,7.5,6.5,7.2
https://example.invalid/demo/01327,Universidad Técnica Federico Santa María,Colegio Parque Central,,Clínica Mutual de Seguridad CCHC,Jumbo,Universidad Técnica Federico Santa María,1190,296,282,677,724,976,0.68,8.2,31,demo,9.5,9.5,8.8,9.5
https://example.invalid/demo/01375,Lorenzo Arenas,Escuela Especial Trastorno de la Comunicación Saint Berty,,Clínica Mutual de Seguridad CCHC,Tottus,Duoc UC,1631,374,576,378,429,306,0.74,7.0,23,demo,9.5,9.5,9.5,9.5
https://example.invalid/demo/00218,Estación de buses Turbus,Colegio John F. Kennedy,Plaza de Armas de Chiguayante,Cruz Roja Filial Chiguayante,Supermercado Monika,,1057,704,1022,887,1040,,0.66,8.3,38,demo,9.5,9.5,9.5,9.5
https://example.invalid/demo/02137,Juan Pablo II,Colegio Santísima Trinidad,,Ex Clínica Universitaria San Pedro,Unimarc,INACAP San Pedro de la Paz,2182,571,135,1556,1018,2511,0.62,8.5,34,demo,9.5,9.5,9.5,9.5
https://example.invalid/demo/01201,Conquistador,Liceo Andalién,Plaza Condell,Centro Medico Universidad San Sebastián,Andretta,Universidad San Sebastián,731,121,104,390,171,547,0.77,2.5,30,demo,9.5,7.2,6.3,6.7
https://example.invalid/demo/01381,Universidad Técnica Federico Santa María,Liceo Simón Bolívar,,CESFAM Talcahuano Sur,Bodega Acuenta,Universidad Técnica Federico Santa María,1187,47,97,812,552,1071,0.59,3.3,37,demo,9.5,7.5,5.7,6.8
https://example.invalid/demo/00740,,Colegio Einstein Concepcion,Plaza Perú,Centro Clínico Docente en Oftalmología,Santa Isabel,Federación de Estudiantes Universidad de Concepción,269,43,234,236,393,196,0.89,3.2,36,demo,9.5,5.8,3.5,4.3
https://example.invalid/demo/00147,Estación de buses Turbus,Colegio John F. Kennedy,,Cruz Roja Filial Chiguayante,Supermercado Monika,,2313,1966,2079,2150,2300,,0.79,5.8,28,demo,9.5,9.5,6.5,9.2
https://example.invalid/demo/00788,,Escuela Mixta República de Ecuador,,Clínica de la mujer - Sanatorio Alemán,Jumbo,Instituto Profesional Virginio Gómez,1779,143,40,79,118,1444,0.64,6.2,36,demo,9.5,9.5,7.7,9.5
https://example.invalid/demo/00142,Estación de buses Turbus,Escuela Especial Centro de Capacitación e Integración Laboral Kries,,Cruz Roja Filial Chiguayante,Unimarc,,1121,361,563,1000,840,,0.6,8.8,30,demo,9.5,9.5,9.5,9.5
https://example.invalid/demo/02471,Juan Pablo II,Escuela Luis Alberto Acevedo,Plaza San Pedro Histórico,Ex Clínica Universitaria San Pedro,Santa Isabel,Univesidad Santo Tomás Concepción,1056,440,431,491,479,3166,0.62,6.2,40,demo,9.5,7.2,6.7,7.2
https://example.invalid/demo/00447,Estación de buses Turbus,Colegio John F. Kennedy,Plaza Manuel Rodríguez,Cruz Roja Filial Chiguayante,Supermercado Monika,,342,215,428,338,352,,0.56,1.2,32,demo,9.5,8.7,7.2,7.3
https://example.invalid/demo/00985,,Colegio La Providencia,Plaza San Juan Bosco,Hospital Traumatológico de Concepción,Colun,Instituto IPG Concepción,1004,95,400,216,245,91,0.71,4.8,34,demo,9.5,9.5,8.2,8.8
https://example.invalid/demo/01489,Universidad Técnica Federico Santa María,Centro Integral Los Aromos,,CESFAM Talcahuano Sur,Alvi,Universidad Técnica Federico Santa María,379,425,345,1568,283,265,0.59,3.0,34,demo,9.5,6.8,4.5,6.0
https://example.invalid/demo/02208,Juan Pablo II,Deutsche Schule Concepción,,Ex Clínica Universitaria San Pedro,Unimarc,AIEP,1521,289,527,694,544,3456,0.77,6.3,30,demo,9.5,9.5,8.0,9.0
https://example.invalid/demo/00257,Chiguayante,Escuela Especial de Lenguaje Altos de Chiguayante,,Policlínico Chiguayante,Supermercado Mey,,2007,1794,1244,2042,2036,,0.71,0.8,38,demo,9.5,9.5,9.5,9.5
https://example.invalid/demo/00761,Buses Delsal,Colegio San Pedro Nolasco,,Centro Médico Obstétrico y Ginecológico,Jumbo,Universidad Bolivariana,647,294,323,139,38,178,0.61,2.7,33,demo,9.5,5.0,3.0,3.5
https://example.invalid/demo/00957,,Lycée Charles de Gaulle,Parque Ecuador,Medyks,Supermercado Versluys,Instituto Janequeo,258,78,194,248,337,250,0.84,4.3,31,demo,9.5,7.5,6.2,6.8
https://example.invalid/demo/00503,Chiguayante,Escuela José Hipólito Salas y Toro,Plaza Cochrane,Policlínico Chiguayante,Santa Isabel,,571,135,182,622,237,,0.78,1.3,32,demo,9.5,9.5,9.5,9.5
https://example.invalid/demo/00922,Terminal de buses Pedro de Valdivia,escuela de Arquitectura UDD,Plazoleta Agua de Las Niñas,Clínica de la mujer - Sanatorio Alemán,Señora Teresa,Instituto Profesional Virginio Gómez,2395,758,708,1427,1131,2595,0.65,7.8,34,demo,9.5,9.5,9.3,9.5
https://example.invalid/demo/02926,,Escuela Mariano Egaña,Parque Agustín Dagnino,Hospital de Tomé,Acuenta,,4068,251,269,969,1615,,0.71,8.7,34,demo,9.5,9.5,9.3,9.5
https://example.invalid/demo/00518,Pedro Medina,Colegio de Lenguaje Senderos de BioBio,,Policlínico Chiguayante,Unimarc,,469,331,536,1121,773,,0.76,5.7,33,demo,9.5,7.3,6.0,6.5
https://example.invalid/demo/02565,Unihue,Escuela Profesora Juana Salgado Parra G-609,,,,,5721,6021,,,,,0.61,7.8,33,demo,9.5,9.5,9.0,9.5
https://example.invalid/demo/01232,Estación Intermodal Coronel,Colegio Aníbal Esquivel,Plaza de Armas Almirante La Torre,Mutual de seguridad: CCHC,Farmacía naturista: rancho doña Graciela,,954,32,258,337,124,374,0.78,7.0,37,demo,9.5,9.5,9.0,9.5
https://example.invalid/demo/02239,Juan Pablo II,Escuela Luis Alberto Acevedo,Plaza San Pedro Histórico,Ex Clínica Universitaria San Pedro,Santa Isabel,Univesidad Santo Tomás Concepción,887,295,301,386,308,3226,0.77,3.0,31,demo,9.5,7.3,3.5,4.3
https://example.invalid/demo/00677,Pedro Medina,Colegio de Lenguaje Senderos de BioBio,,Policlínico Chiguayante,Super Ganga,,569,416,157,924,620,,0.72,4.8,32,demo,9.5,7.7,7.5,7.5
https://example.invalid/demo/02609,Mercado,Liceo Almirante Pedro Espina Ritchie,Paseo Ventana al Mar,Filial Cruz Roja Talcahuano,,Instituto Profesional ESUCOMEX Talcahuano,1060,193,79,231,769,683,0.68,7.0,31,demo,9.5,7.3,7.3,7.3
https://example.invalid/demo/00067,Estación de buses Turbus,Colegio John F. Kennedy,Plaza de Armas de Chiguayante,Cruz Roja Filial Chiguayante,Supermercado Mey,,1095,738,966,906,1059,,0.64,7.7,33,demo,9.5,9.5,9.5,9.5
https://example.invalid/demo/00701,Conquistador,Liceo Andalién,Plaza Condell,Centro Medico Universidad San Sebastián,Andretta,Universidad San Sebastián,855,74,199,202,153,363,0.86,0.0,28,demo,9.5,0.0,0.0,0.0
https://example.invalid/demo/00733,Terminal de Buses 63 Rengo Lientur,Liceo Jorge Sánchez Hugarte,,CESFAM Tucapel,Minimarket Xiomara,Universidad San Sebastián,756,101,194,777,717,859,0.73,8.3,33,demo,9.5,9.5,9.3,9.5
https://example.invalid/demo/02967,,Carlos Mahns Choupay,Parque Agustín Dagnino,Hospital de Tomé,Acuenta,,2953,522,867,829,858,,0.68,4.7,31,demo,9.5,8.0,6.2,7.8
https://example.invalid/demo/02316,Concepción,Colegio Santa Emilia De Concepción,,CESFAM Pedro de Valdivia (Concepción),Jumbo,Instituto Profesional Virginio Gómez,2517,1842,605,1808,1779,2407,0.76,5.2,37,demo,9.5,7.5,7.3,7.5
https://example.invalid/demo/00442,Pedro Medina,Colegio de Lenguaje Senderos de BioBio,,Policlínico Chiguayante,Unimarc,,351,195,411,987,678,,0.73,1.0,30,demo,9.5,5.7,3.8,5.3
https://example.invalid/demo/01227,Concepción,Escuela El Faro,,Centro Integral del Adulto Mayor Juan Soto Fernández,Tottus,Instituto Santo Tomás,468,106,366,144,227,271,0.76,4.3,29,demo,9.5,8.0,6.8,7.0
https://example.invalid/demo/01882,,,,,,,,,,,,,0.68,7.5,34,demo,9.5,9.5,9.0,9.5
https://example.invalid/demo/02408,Juan Pablo II,Colegio El Arrayán,,Ex Clínica Universitaria San Pedro,Santa Isabel,INACAP San Pedro de la Paz,863,308,292,80,345,3402,0.68,5.5,34,demo,9.5,6.3,5.8,5.8
https://example.invalid/demo/01854,Terminal Santa Rita,Escuela Especial F-905 Esperanza,Alameda,Bío-Bío Salud,Lider,Universidad Católica de la Santísima Concepción Los Ángeles,573,57,72,99,188,157,0.7,4.8,33,demo,9.5,7.3,5.7,6.0
https://example.invalid/demo/03081,,Carlos Mahns Choupay,Plaza Arturo Prat,Hospital de Tomé,Acuenta,,2653,28,599,769,348,,0.74,5.5,35,demo,9.5,6.8,6.0,6.5
https://example.invalid/demo/02200,Juan Pablo II,Escuela Luis Alberto Acevedo,Plaza Lota,Ex Clínica Universitaria San Pedro,Santa Isabel,Univesidad Santo Tomás Concepción,450,246,165,475,133,3356,0.68,5.5,38,demo,9.5,7.2,6.7,7.2
https://example.invalid/demo/01956,Lirquén,Preuniversitarío Municipal,Plazoleta Miraflores,CESFAM Penco,Gabito,,3115,110,13,248,198,,0.65,8.2,34,demo,9.5,9.5,8.8,9.5
https://example.invalid/demo/01878,Estación de Buses Nueva Takora,CEIA San Luis de Potosí República de México,Plaza Lota,CESFAM Doctor Sergio Lagos Olave,Supermercado aCuenta,,271,1808,1911,1899,1958,,0.57,8.0,37,demo,9.5,9.5,9.5,9.5
https://example.invalid/demo/02616,Hospital Las Higueras,Escuela Básica Libertad E 492,,Hospital Las Higueras,Lider,Universidad Católica de la Santísima Concepción Talcahuano,996,576,111,1078,423,633,0.58,2.2,31,demo,9.5,4.3,2.3,3.3
https://example.invalid/demo/01456,Universidad Técnica Federico Santa María,Colegio Adventista,,CESFAM Talcahuano Sur,Alvi,Universidad Técnica Federico Santa María,801,311,178,1162,355,685,0.66,5.0,38,demo,9.5,6.2,5.2,5.5
https://example.invalid/demo/02879,,Escuela Lisa Enriqueta Peter Teubner,Parque Agustín Dagnino,Hospital de Tomé,Acuenta,,2858,345,1186,1325,1278,,0.91,4.5,34,demo,9.5,9.5,9.3,9.5
https://example.invalid/demo/01463,Universidad Técnica Federico Santa María,Colegio Cristóbal Colón,,Sanatorio Alemán,Alvi,Universidad Técnica Federico Santa María,1472,417,86,661,183,1285,0.59,8.2,32,demo,9.5,9.5,9.3,9.5
https://example.invalid/demo/01621,Terminal Santa Rita,Escuela Básica Diferencial Arcoiris,,CESFAM/ SAPU 2 de Septiembre,Lider Express,Inacap Los Ángeles,3956,834,1498,2445,2212,3181,0.72,7.0,29,demo,9.5,9.5,9.5,9.5
https://example.invalid/demo/00567,Pedro Medina,Colegio de Lenguaje Senderos de BioBio,,Policlínico Chiguayante,Santa Isabel,,657,528,222,899,569,,0.69,7.0,32,demo,9.5,8.3,7.7,7.8
https://example.invalid/demo/02359,Juan Pablo II,Deutsche Schule Concepción,,Ex Clínica Universitaria San Pedro,Unimarc,Instituto Profesional Virginio Gómez,2444,984,579,1587,913,3851,0.65,6.0,37,demo,9.5,9.5,8.2,9.5
https://example.invalid/demo/01638,Terminal Santa Rita,Escuela Especial CADIS,Parque de Juegos Infantiles Gabriela Mistral,Clínica Alta Salud,Lider,Universidad Católica de la Santísima Concepción Los Ángeles,690,76,100,136,43,258,0.81,3.5,31,demo,9.5,7.2,4.5,5.3
https://example.invalid/demo/02072,Juan Pablo II,Deutsche Schule Concepción,Plaza Las Encinas,Ex Clínica Universitaria San Pedro,Unimarc,INACAP San Pedro de la Paz,1354,457,365,599,391,3018,0.83,6.0,35,demo,9.5,6.5,6.0,6.0
https://example.invalid/demo/01051,Conquistador,Colegio Marcela Paz,Bandejón central Manuel Rodríguez,Centro Medico Universidad San Sebastián,Lider Express,Universidad San Sebastián,796,163,58,540,254,637,0.79,5.0,34,demo,9.5,5.3,5.3,5.3
https://example.invalid/demo/02648,Hospital Las Higueras,Colegio Talcahuano,,Instituto de Seguridad del Trabajo de Talcahuano,Supermercado Ganga,Universidad Católica de la Santísima Concepción Talcahuano,174,131,230,722,303,424,0.65,8.7,34,demo,9.5,9.5,9.5,9.5
https://example.invalid/demo/02715,Mercado,Liceo Almirante Pedro Espina Ritchie,Borde Costero El Morro,Filial Cruz Roja Talcahuano,Lider,Instituto Profesional ESUCOMEX Talcahuano,1964,1375,1228,1327,1783,1833,0.58,7.5,31,demo,9.5,9.5,9.5,9.5
https://example.invalid/demo/01361,Universidad Técnica Federico Santa María,Escuela Especial de Lenguaje Villa Hermosa,,CESFAM Talcahuano Sur,Alvi,CEDUC UCN Hualpén,698,165,139,1211,153,640,0.75,4.8,32,demo,9.5,5.7,4.8,5.0
https://example.invalid/demo/00140,Estación de buses Turbus,Colegio Pacific School,Plaza de Armas de Chiguayante,Cruz Roja Filial Chiguayante,Supermercado Mey,,847,479,689,635,772,,0.77,6.0,30,demo,9.5,6.3,6.3,6.3
https://example.invalid/demo/01374,Terminal de colectivos 21,Colegio Rucalhue,,CESFAM Talcahuano Sur,Supermercado: Donde Carlos,CEDUC UCN Hualpén,756,351,94,285,543,1759,0.76,8.3,33,demo,9.5,9.5,9.5,9.5
https://example.invalid/demo/01404,Terminal de colectivos 21,Liceo Pedro del Rio Zañartu,Plaza Arturo Prat,CESFAM Hualpencillo,Supermercado G y G,CEDUC UCN Hualpén,1096,249,364,851,501,1160,0.8,8.2,44,demo,9.5,9.5,9.3,9.5
https://example.invalid/demo/01868,Terminal Santa Rita,Escuela Especial Amanecer,,Clínica Adventista,Jumbo,Inacap Los Ángeles,1332,194,92,361,561,557,0.71,5.7,35,demo,9.5,7.3,6.7,6.8
https://example.invalid/demo/02849,El Arenal,Colegio Remodelación Simons,,Filial Cruz Roja Talcahuano,Lider,Universidad Católica de la Santísima Concepción Talcahuano,1152,643,239,1327,372,869,0.53,4.7,30,demo,9.5,9.3,8.2,9.3
https://example.invalid/demo/02842,Hospital Las Higueras,Escuela Leonor Mascayano,,Hospital Las Higueras,Supermercado Ganga,Universidad Católica de la Santísima Concepción Talcahuano,515,296,439,647,292,171,0.64,6.7,28,demo,9.5,8.8,8.3,8.5
https://example.invalid/demo/00115,Estación de buses Turbus,Colegio John F. Kennedy,Plaza de Armas de Chiguayante,Cruz Roja Filial Chiguayante,Supermercado Monika,,1689,1337,1533,1516,1673,,0.56,1.2,27,demo,9.5,9.5,9.5,9.5
https://example.invalid/demo/02639,Hospital Las Higueras,Escuela de Lenguaje Santa Catalina,,Hospital Las Higueras,Supermercado Ganga,Universidad Católica de la Santísima Concepción Talcahuano,792,161,97,451,664,591,0.73,6.8,30,demo,9.5,8.8,7.7,8.3
https://example.invalid/demo/01000,,Escuela Biobío,,Medyks,Supermercado Versluys,Universidad de las Américas,480,87,348,36,174,86,0.76,5.5,34,demo,9.5,6.5,5.7,6.2
https://example.invalid/demo/02113,Terminal de buses Pedro de Valdivia,Deutsche Schule Concepción,,Ex Clínica Universitaria San Pedro,Unimarc,Instituto Profesional Virginio Gómez,3649,2365,278,2941,2320,4015,0.67,9.0,33,demo,9.5,9.5,9.5,9.5
https://example.invalid/demo/02680,El Arenal,Colegio Remodelación Simons,Borde Costero El Morro,Filial Cruz Roja Talcahuano,Lider,Instituto Profesional ESUCOMEX Talcahuano,2094,1342,1025,1423,1478,1733,0.72,6.7,40,demo,9.5,9.5,9.3,9.5
https://example.invalid/demo/00859,Concepción,Colegio Alonso de Ercilla,Áreas verdes Esmeralda,Clínica Dental,Super Ganga,Instituto Profesional Virginio Gómez,722,151,45,473,103,258,0.76,4.7,33,demo,9.5,8.8,8.3,8.7
https://example.invalid/demo/01441,Universidad Técnica Federico Santa María,Colegio Parque Central,,Clínica Mutual de Seguridad CCHC,Alvi,Universidad Técnica Federico Santa María,610,475,217,1396,468,424,0.94,4.5,31,demo,9.5,5.7,4.8,5.0
https://example.invalid/demo/02077,Juan Pablo II,Deutsche Schule Concepción,,Ex Clínica Universitaria San Pedro,Unimarc,Instituto Profesional Virginio Gómez,2844,1373,893,1983,1252,4132,0.68,6.7,34,demo,9.5,9.5,9.2,9.5
https://example.invalid/demo/00492,Pedro Medina,Colegio San Patricio,,Policlínico Chiguayante,Super Ganga,,578,197,318,269,60,,0.68,1.2,37,demo,9.5,5.3,4.8,5.3
https://example.invalid/demo/00835,,Escuela Especial Chile España,,Torre 120 Años,Jumbo,Instituto Profesional Virginio Gómez,1220,434,523,427,663,1072,0.65,6.7,34,demo,9.5,9.5,9.2,9.5
https://example.invalid/demo/00046,Pedro Medina,Colegio San Patricio,,Policlínico Chiguayante,Super Ganga,,544,231,320,279,39,,0.73,6.7,33,demo,9.5,8.5,8.3,8.5
https://example.invalid/demo/00982,Buses Delsal,Escuela Juan Gregorio Las Heras,,Centro Médico Obstétrico y Ginecológico,Andretta,Preuniversitarios Cpech,470,122,84,604,453,558,0.6,3.0,35,demo,9.5,6.5,5.0,5.3
https://example.invalid/demo/01720,Terminal Santa Rita,Escuela de Lenguaje Millaray,,CESFAM/ SAPU 2 de Septiembre,Lider Express,Inacap Los Ángeles,2004,391,362,631,335,1181,0.54,4.5,35,demo,9.5,9.5,7.5,9.5
https://example.invalid/demo/00779,Conquistador,Liceo Andalién,Plaza Condell,Centro Medico Universidad San Sebastián,Andretta,Universidad San Sebastián,960,140,213,174,124,305,0.72,5.3,32,demo,9.5,6.0,5.5,5.8
https://example.invalid/demo/00498,Pedro Medina,Colegio de Lenguaje Senderos de BioBio,,CESFAM Pinares,Lider,,1021,952,656,1640,1135,,0.85,8.2,33,demo,9.5,9.5,9.3,9.5
https://example.invalid/demo/00512,Pedro Medina,Colegio de Lenguaje Senderos de BioBio,,Policlínico Chiguayante,Unimarc,,178,15,306,778,522,,0.72,4.2,36,demo,9.5,4.8,4.2,4.2
https://example.invalid/demo/02844,Hospital Las Higueras,Escuela Santa Clara,,Instituto de Seguridad del Trabajo de Talcahuano,Supermercado Ganga,Universidad Católica de la Santísima Concepción Talcahuano,1051,876,688,1457,930,922,0.63,8.7,35,demo,9.5,9.5,9.3,9.5
https://example.invalid/demo/00079,Chiguayante,Escuela Especial de Lenguaje Altos de Chiguayante,,Cruz Roja Filial Chiguayante,Supermercado Mey,,632,513,72,701,524,,0.68,8.3,38,demo,9.5,9.5,9.3,9.5
https://example.invalid/demo/01530,Hualqui,Escuela D-600 Manuel Amat y Juniet,,CESFAM Hualqui,Unimarc,,496,466,54,521,578,,0.67,7.7,39,demo,9.5,9.5,8.7,9.0
https://example.invalid/demo/00883,Concepción,Escuela Óscar Castro Zúñiga,Parque Bicentenario,Diagnamet,Lider,AIEP,236,426,116,275,392,402,0.62,4.8,40,demo,9.5,9.5,9.5,9.5
https://example.invalid/demo/00651,Pedro Medina,Centro de Nivelación y de Capacitación para Adultos Madre María Nys,,Policlínico Chiguayante,Super Ganga,,281,205,288,516,282,,0.76,5.3,38,demo,9.5,8.8,7.3,7.7
https://example.invalid/demo/02634,Hospital Las Higueras,Escuela Leonor Mascayano,,Hospital Las Higueras,Supermercado Ganga,Universidad Católica de la Santísima Concepción Talcahuano,409,115,352,478,250,196,0.64,3.7,33,demo,9.5,6.0,4.0,5.2
https://example.invalid/demo/03066,,Escuela de Lenguaje Amanecer,,CESFAM Alberto Reyes,Unimarc,,4441,290,450,651,1727,,0.63,8.0,38,demo,9.5,9.5,9.5,9.5
https://example.invalid/demo/02809,Hospital Las Higueras,Colegio Talcahuano,,Hospital Las Higueras,Lider,Universidad Católica de la Santísima Concepción Talcahuano,1034,913,532,1341,683,728,0.68,3.2,37,demo,9.5,3.5,3.2,3.2
https://example.invalid/demo/02152,Juan Pablo II,Escuela Luis Alberto Acevedo,Plaza Lota,Ex Clínica Universitaria San Pedro,Super Gangas,Univesidad Santo Tomás Concepción,392,392,207,835,128,3122,0.69,4.7,26,demo,9.5,9.5,8.0,9.5
https://example.invalid/demo/00171,Terminal de buses Expresos Chiguayante,Instituto de Humanidades José Manuel Santos,,CESFAM Chiguayante,Acuenta,,759,193,271,1167,99,,0.68,6.0,25,demo,9.5,9.5,9.3,9.5
https://example.invalid/demo/01347,Terminal de colectivos 21,Colegio Bernardo O'Higgins,Parque Grecia,CESFAM Hualpencillo,"Supermercado ""The Family""",CEDUC UCN Hualpén,1058,137,421,455,120,1860,0.81,3.5,32,demo,9.5,9.5,9.3,9.5
https://example.invalid/demo/00526,Pedro Medina,Colegio de Lenguaje Senderos de BioBio,,Policlínico Chiguayante,Lider,,859,741,897,1525,1108,,0.77,5.8,31,demo,9.5,9.3,9.3,9.3
https://example.invalid/demo/01122,,Escuela Biobío,,Medyks,Supermercado Versluys,Universidad de las Américas,513,33,280,76,266,56,0.73,7.7,33,demo,9.5,9.5,9.0,9.5
https://example.invalid/demo/01583,Terminal Tur Bus,Colegio San Gabriel Arcángel,,CESFAM NORORIENTE Los Ángeles,Lider,Centro Integral de Educación Tecnológica Curamávida,3003,2002,2082,3478,2704,4191,0.67,5.8,39,demo,9.5,9.5,9.5,9.5
https://example.invalid/demo/02211,Juan Pablo II,Deutsche Schule Concepción,,Ex Clínica Universitaria San Pedro,Unimarc,AIEP,1526,477,646,756,738,3263,0.71,2.2,34,demo,9.5,2.2,2.2,2.2
https://example.invalid/demo/00298,Manquimávida,Escuela Diferencial ASPAUT Chiguayante,,CESFAM Pinares,Santa Isabel,,575,197,197,1380,298,,0.81,6.8,32,demo,9.5,9.5,9.3,9.5
https://example.invalid/demo/00931,Terminal de Buses Collao,Colegio Salesiano de Concepción,Plaza San Juan Bosco,Centro de Salud Familiar Víctor Manuel Fernández,Lider,Universidad del Desarrollo,943,171,315,197,79,471,0.59,7.8,27,demo,9.5,9.0,9.0,9.0
https://example.invalid/demo/01887,Lirquén,Escuela Básica Eduardo Campbell,Plaza Daniel Venegas Venegas,UAPO,Acuenta,,2058,441,558,1127,1161,,0.64,7.7,39,demo,9.5,9.5,9.3,9.5
https://example.invalid/demo/00581,Pedro Medina,Colegio de Lenguaje Senderos de BioBio,,Cruz Roja Filial Chiguayante,Super Ganga,,747,563,428,1186,908,,0.73,5.2,33,demo,9.5,5.7,5.2,5.2
https://example.invalid/demo/00204,Pedro Medina,Liceo Chiguayante,,Policlínico Chiguayante,Super Ganga,,1008,476,68,369,674,,0.61,6.8,38,demo,9.5,8.7,8.0,8.7
https://example.invalid/demo/00782,Terminal de Buses Collao,Escuela Básica Lagos de Chile,Parque de la Virgen,SAMU,Il Patrone,CapsiUdeC,1425,721,661,998,992,690,0.66,7.2,38,demo,9.5,9.5,9.5,9.5
https://example.invalid/demo/02928,,Carlos Mahns Choupay,Plaza Arturo Prat,Hospital de Tomé,Acuenta,,2759,111,586,682,401,,0.76,6.2,37,demo,9.5,9.5,7.5,9.3
https://example.invalid/demo/00698,,Colegio San Agustín,,Inmunomédica,Santa Isabel,Instituto Janequeo,210,200,223,260,361,289,0.83,5.7,24,demo,9.5,9.5,8.7,9.5
https://example.invalid/demo/01598,Terminal Santa Rita,Liceo Santa Rita,Alameda,Clínica Adventista,Jumbo,Instituto Santo Tomás,914,76,149,104,306,196,0.64,5.8,36,demo,9.5,8.3,6.3,7.0
https://example.invalid/demo/02818,El Arenal,Colegio Remodelación Simons,,Filial Cruz Roja Talcahuano,,Instituto Profesional ESUCOMEX Talcahuano,810,148,93,589,430,429,0.7,8.2,30,demo,9.5,9.0,8.3,8.7
https://example.invalid/demo/01246,Estación Intermodal Coronel,Colegio San Pedro,,Centro kinésico Coronel,Unimarc,,624,388,292,351,400,1022,0.62,3.0,29,demo,9.5,7.5,3.8,4.2
https://example.invalid/demo/02594,El Arenal,Escuela Básica Libertad E 492,,Hospital Las Higueras,Lider,Universidad Católica de la Santísima Concepción Talcahuano,1088,497,64,895,1156,1171,0.76,8.3,34,demo,9.5,9.5,8.8,9.5
https://example.invalid/demo/02737,Hospital Las Higueras,Escuela Santa Clara,,Instituto de Seguridad del Trabajo de Talcahuano,Supermercado Ganga,Universidad Católica de la Santísima Concepción Talcahuano,1489,1231,927,1867,1355,1332,0.61,5.2,33,demo,9.5,9.5,9.2,9.5
https://example.invalid/demo/02779,El Arenal,Escuela Santa Cecilia,,CESFAM San Vicente,Unimarc,Instituto Profesional ESUCOMEX Talcahuano,106,308,401,527,111,458,0.77,2.8,35,demo,9.5,9.3,8.8,9.3
https://example.invalid/demo/02106,Concepción,Escuela Particular Santa Catalina de Siena,Parque Costanera,CESFAM Pedro de Valdivia (Concepción),Super Ganga,Instituto Profesional Virginio Gómez,1455,1049,942,1183,1321,1439,0.65,8.8,31,demo,9.5,9.5,9.5,9.5
https://example.invalid/demo/01520,Terminal de buses Las Galaxias,Escuela Los Libertadores de Hualqui,,CESFAM Hualqui,Super Bodega Acuenta,,1056,256,264,752,508,,0.58,6.8,38,demo,9.5,9.5,8.0,8.8
https://example.invalid/demo/01838,Terminal de Buses Rurales Vega Techada,Escuela Particular Juan Pablo II,,Clínica Los Andes,Santa Isabel,Hogar Universidad de Concepción,1073,360,185,450,510,765,0.62,5.2,32,demo,9.5,9.5,9.3,9.5
https://example.invalid/demo/02901,,Escuela Básica y Adultos California,Plaza Arturo Prat,CESFAM/ SAPU Bellavista,Acuenta,,2299,489,1636,1509,1358,,0.74,3.8,27,demo,9.5,7.7,6.7,7.0
https://example.invalid/demo/02003,Juan Pablo II,Deutsche Schule Concepción,,Ex Clínica Universitaria San Pedro,Santa Isabel,AIEP,1497,811,752,887,928,2920,0.68,8.2,31,demo,9.5,9.2,9.0,9.2
https://example.invalid/demo/02689,Terminal Félix Adán,Escuela Básica Cerro Cornou,,Filial Cruz Roja Talcahuano,Santa Isabel,Instituto Profesional ESUCOMEX Talcahuano,606,782,212,1161,754,1741,0.78,5.7,27,demo,9.5,9.5,9.3,9.5
https://example.invalid/demo/02434,Juan Pablo II,Deutsche Schule Concepción,,Ex Clínica Universitaria San Pedro,Unimarc,INACAP San Pedro de la Paz,1372,103,279,511,369,3461,0.76,4.7,34,demo,9.5,5.0,4.7,5.0
https://example.invalid/demo/00324,Pedro Medina,Colegio John F. Kennedy,,Cruz Roja Filial Chiguayante,Supermercado Monika,,2597,2384,2359,2584,2693,,0.58,7.5,33,demo,9.5,9.5,9.5,9.5
https://example.invalid/demo/02041,Juan Pablo II,Escuela de Lenguaje Llacolén,Plaza Bellavista,Ex Clínica Universitaria San Pedro,Super Gangas,Univesidad Santo Tomás Concepción,1149,630,270,1295,838,2381,0.66,2.8,35,demo,9.5,5.2,4.3,4.7
https://example.invalid/demo/01054,Conquistador,Parvulario Colegio Adventista de Concepción,,Centro Medico Universidad San Sebastián,Andretta,Universidad San Sebastián,576,144,205,452,390,615,0.63,0.0,35,demo,9.5,0.0,0.0,0.0
https://example.invalid/demo/01474,Universidad Técnica Federico Santa María,Escuela Especial de Lenguaje Villa Hermosa,,CESFAM Talcahuano Sur,Alvi,Universidad Técnica Federico Santa María,646,504,259,1374,353,497,0.8,6.8,35,demo,9.5,9.5,8.3,9.2
https://example.invalid/demo/02199,Juan Pablo II,Escuela de Lenguaje Llacolén,Plaza San Pedro Histórico,Ex Clínica Universitaria San Pedro,Santa Isabel,Univesidad Santo Tomás Concepción,1170,435,489,793,659,2849,0.88,7.2,32,demo,9.5,9.3,8.5,9.0
https://example.invalid/demo/00681,Terminal de Buses 63 Rengo Lientur,Escuela de Lenguaje Titirimundi,Parque Villa Cap,Clínica del Sur,Mayorista Super Ganga,Universidad San Sebastián,116,385,281,995,1021,942,0.56,7.7,34,demo,9.5,9.5,9.3,9.5
https://example.invalid/demo/01941,Lirquén,Centro Educacional Alborada,,CESFAM Penco,Gabito,,3825,213,614,957,584,,0.62,4.8,34,demo,9.5,9.5,5.8,6.5
https://example.invalid/demo/01843,Terminal de Buses Islajacoop,Escuela D-886 Colonia Árabe (ex n° 97),PLaza La Araucania,CESFAM Norte,Tottus,Instituto AIEP,817,195,303,489,371,494,0.72,6.0,36,demo,9.5,7.7,6.8,7.7
https://example.invalid/demo/01487,Universidad Técnica Federico Santa María,Escuela Especial de Lenguaje Villa Hermosa,Plaza Arturo Prat,CESFAM Hualpencillo,Alvi,CEDUC UCN Hualpén,842,221,331,1114,361,773,0.67,4.8,30,demo,9.5,7.5,6.5,7.2
https://example.invalid/demo/00534,Chiguayante,Escuela José Hipólito Salas y Toro,Plaza Cochrane,Cruz Roja Filial Chiguayante,Santa Isabel,,517,371,233,693,463,,0.82,6.0,28,demo,9.5,8.0,7.3,7.5
https://example.invalid/demo/00666,Pedro Medina,Colegio de Lenguaje Senderos de BioBio,,Policlínico Chiguayante,Super Ganga,,473,287,293,1014,751,,0.63,6.0,35,demo,9.5,8.2,7.0,7.3
https://example.invalid/demo/01117,Buses Delsal,Centro De Capacitación Laboral Urcae COALIVI,Huerta Comunitaria C3,Indimed,Mayorista 10,Casa Central Universidad Catolica de la Santisima Concepción,51,93,390,651,209,541,0.59,4.0,32,demo,9.5,4.8,4.0,4.5
https://example.invalid/demo/00551,Chiguayante,Colegio John F. Kennedy,Plaza Manuel Rodríguez,Cruz Roja Filial Chiguayante,Supermercado Monika,,295,413,372,446,342,,0.64,4.5,33,demo,9.5,8.2,6.3,7.7
https://example.invalid/demo/00643,Chiguayante,Golden School,,Policlínico Chiguayante,Santa Isabel,,711,30,321,419,94,,0.83,6.8,36,demo,9.5,8.3,7.3,8.2
https://example.invalid/demo/00804,Concepción,Escuela Óscar Castro Zúñiga,,Centro de Salud Familiar Juan Soto Fernández,Tottus,Univesidad Santo Tomás Concepción,438,318,288,185,263,550,0.69,7.2,36,demo,9.5,9.5,9.5,9.5
https://example.invalid/demo/01582,Terminal de Buses Islajacoop,Escuela Diferencial Estrellita de Belén,,CESFAM Norte,Supermercado Acuenta,Instituto AIEP,1697,131,156,443,661,1270,0.77,7.7,35,demo,9.5,9.5,9.3,9.5
https://example.invalid/demo/02929,,Carlos Mahns Choupay,Plaza Arturo Prat,Hospital de Tomé,Acuenta,,2362,290,796,1051,461,,0.74,4.8,35,demo,9.5,5.7,5.5,5.7
https://example.invalid/demo/01629,Terminal Santa Rita,Liceo Comercial B-64 Diego Portales Palazuelos,,Complejo Asistencial Doctor Víctor Ríos Ruiz,Lider,,619,120,59,189,321,137,0.62,6.0,34,demo,9.5,6.3,6.0,6.0
https://example.invalid/demo/00213,Estación de buses Turbus,Escuela Especial Centro de Capacitación e Integración Laboral Kries,,Cruz Roja Filial Chiguayante,Supermercado Mey,,749,450,87,718,529,,0.72,5.3,32,demo,9.5,8.5,7.8,8.0
https://example.invalid/demo/02558,,,,,,,,,,,,,0.69,6.7,36,demo,9.5,8.3,8.3,8.3
https://example.invalid/demo/00283,Manquimávida,Colegio de Lenguaje Senderos de BioBio,,Policlínico Chiguayante,Lider,,2002,2033,1695,2818,2323,,0.68,8.8,38,demo,9.5,9.5,9.5,9.5
https://example.invalid/demo/03131,,Escuela Especial Tomé,Plaza Arturo Prat,Hospital de Tomé,Unimarc,,2923,205,120,561,148,,0.62,3.8,37,demo,9.5,6.2,5.7,6.0
https://example.invalid/demo/01015,,Colegio San Agustín,Plaza Perú,Centro Clínico Docente en Oftalmología,Santa Isabel,Universidad Bolivariana,423,200,251,25,149,128,0.73,5.5,33,demo,9.5,7.0,6.2,6.7
https://example.invalid/demo/02658,Hospital Las Higueras,Colegio Claudio Matte Pérez,,Hospital Las Higueras,Minimercado Tatán,Universidad Católica de la Santísima Concepción Talcahuano,2557,1298,1420,2041,2520,2695,0.66,9.0,32,demo,9.5,9.5,9.5,9.5
https://example.invalid/demo/00983,,Colegio Mozart Schule,Parque Ecuador,Centro Clínico Docente en Oftalmología,Santa Isabel,Departamento de Musica UdeC,75,262,181,458,597,187,0.72,4.2,32,demo,9.5,5.5,5.3,5.5
https://example.invalid/demo/00558,Manquimávida,Colegio Madre Paulina,,CESFAM Pinares,Lider,,859,970,422,1618,1203,,0.63,7.2,38,demo,9.5,8.7,8.7,8.7
https://example.invalid/demo/03085,,Liceo Vicente Alberto Palacios Valdés,"Plaza Inclusiva ""Samuel Muñoz""",Hospital de Tomé,Unimarc,,3481,317,204,172,841,,0.67,6.0,30,demo,9.5,6.5,6.3,6.3
https://example.invalid/demo/00342,Pedro Medina,Kennedy School,,CESFAM Pinares,Unimarc,,1148,183,220,217,396,,0.73,8.2,30,demo,9.5,9.5,9.2,9.5
https://example.invalid/demo/00693,Terminal de Buses 63 Rengo Lientur,Liceo Domingo Santa María,,Clínica del Sur,Kamadi,Universidad San Sebastián,911,148,157,349,254,719,0.76,6.0,38,demo,9.5,9.5,7.0,9.5
https://example.invalid/demo/01606,Terminal Santa Rita,Escuela Especial de Lenguaje Santa María,,CESFAM/ SAPU 2 de Septiembre,Lider Express,Inacap Los Ángeles,2941,652,63,1072,1155,1896,0.57,7.8,28,demo,9.5,9.5,9.3,9.5
https://example.invalid/demo/01727,Terminal Santa Rita,Liceo Bicentenario A-59 Los Ángeles,Plaza Población Hospital,Complejo Asistencial Doctor Víctor Ríos Ruiz,Lider,,681,136,23,156,350,182,0.63,4.3,38,demo,9.5,8.7,5.2,6.5
https://example.invalid/demo/02231,Juan Pablo II,Colegio Santísima Trinidad,,Ex Clínica Universitaria San Pedro,Unimarc,INACAP San Pedro de la Paz,2253,513,270,1434,631,3308,0.74,7.0,38,demo,9.5,9.2,8.0,8.8
https://example.invalid/demo/00339,Pedro Medina,Colegio de Lenguaje Senderos de BioBio,,Policlínico Chiguayante,Lider,,1161,1039,1026,1826,1392,,0.83,8.5,36,demo,9.5,9.5,9.5,9.5
https://example.invalid/demo/02170,Juan Pablo II,Escuela de Lenguaje Llacolén,,Ex Clínica Universitaria San Pedro,Santa Isabel,AIEP,1789,1047,443,1314,1269,2475,0.65,8.3,34,demo,9.5,9.5,9.5,9.5
https://example.invalid/demo/02795,Hospital Las Higueras,Escuela de Lenguaje Santa Catalina,,Hospital Las Higueras,Lider,Universidad Católica de la Santísima Concepción Talcahuano,986,706,272,1158,484,632,0.52,5.0,33,demo,9.5,7.7,5.2,5.5
https://example.invalid/demo/00647,Estación de buses Turbus,Colegio John F. Kennedy,,Cruz Roja Filial Chiguayante,Supermercado Monika,,787,652,537,814,810,,0.49,6.5,35,demo,9.5,9.5,7.3,7.7
https://example.invalid/demo/01850,Terminal Santa Rita,Escuela D-928 Manuel Blanco Encalada (ex n° 6),,Clínica Adventista,Jumbo,Inacap Los Ángeles,1208,143,115,317,381,367,0.76,2.2,34,demo,9.5,3.0,2.2,2.5
https://example.invalid/demo/00280,Pedro Medina,Colegio de Lenguaje Senderos de BioBio,,CESFAM Pinares,Lider,,930,870,607,1547,1039,,0.68,6.0,31,demo,9.5,9.5,9.0,9.5
https://example.invalid/demo/01125,Terminal de Buses 63 Rengo Lientur,Escuela Particular Santa Emilia,,Centro Medico Universidad San Sebastián,Mayorista Super Ganga,Universidad San Sebastián,932,86,26,186,325,44,0.82,7.2,33,demo,9.5,8.3,7.7,7.8
https://example.invalid/demo/02516,Juan Pablo II,Deutsche Schule Concepción,,Ex Clínica Universitaria San Pedro,Unimarc,Instituto Profesional Virginio Gómez,1980,1027,411,1309,1239,2834,0.8,4.5,30,demo,9.5,6.3,5.0,5.0
https://example.invalid/demo/01253,Laguna Quiñenco,Escuela Particular Genaro Ríos Campos,,CESFAM Yobilo,pelado,Centro de Estudios e Inclusión Laboral Biocor,2090,845,684,1445,1922,3063,0.67,7.3,33,demo,9.5,9.5,8.7,8.7
https://example.invalid/demo/02530,Juan Pablo II,Escuela de Lenguaje Llacolén,,Ex Clínica Universitaria San Pedro,Santa Isabel,AIEP,1574,869,653,991,1013,2822,0.74,1.3,35,demo,9.5,9.5,5.2,9.5
https://example.invalid/demo/00075,Estación de buses Turbus,Colegio John F. Kennedy,Plaza Manuel Rodríguez,Cruz Roja Filial Chiguayante,Supermercado Monika,,805,480,887,680,798,,0.59,7.7,29,demo,9.5,9.5,8.7,9.5
https://example.invalid/demo/00134,Estación de buses Turbus,Colegio Concepción Chiguayante,,Cruz Roja Filial Chiguayante,Unimarc,,1821,596,431,1581,919,,0.68,5.8,31,demo,9.5,9.5,9.5,9.5
https://example.invalid/demo/00644,Pedro Medina,Centro de Nivelación y de Capacitación para Adultos Madre María Nys,Plaza Pedro Medina,Policlínico Chiguayante,Unimarc,,202,159,163,558,148,,0.55,3.0,40,demo,9.5,9.0,7.0,7.8
https://example.invalid/demo/02222,Juan Pablo II,Escuela de Lenguaje Llacolén,Plaza Bellavista,Ex Clínica Universitaria San Pedro,Super Gangas,Univesidad Santo Tomás Concepción,976,787,536,1418,777,2537,0.76,7.7,33,demo,9.5,8.8,8.7,8.7
https://example.invalid/demo/01181,Conquistador,Colegio Marcela Paz,Bandejón central Manuel Rodriguez,Centro Medico Universidad San Sebastián,Unimarc,Universidad San Sebastián,507,238,291,586,229,735,0.78,5.8,32,demo,9.5,8.3,7.3,8.3
https://example.invalid/demo/02194,Juan Pablo II,Deutsche Schule Concepción,,Ex Clínica Universitaria San Pedro,Santa Isabel,AIEP,1467,719,789,817,890,3013,0.68,3.8,28,demo,9.5,5.8,4.0,4.5
https://example.invalid/demo/00580,Pedro Medina,Colegio de Lenguaje Senderos de BioBio,,Policlínico Chiguayante,Super Ganga,,416,341,113,668,371,,0.69,3.8,36,demo,9.5,7.3,5.3,5.8
https://example.invalid/demo/02500,Juan Pablo II,Colegio Santísima Trinidad,,Ex Clínica Universitaria San Pedro,Unimarc,INACAP San Pedro de la Paz,1719,233,276,918,215,3127,0.76,1.7,34,demo,9.5,8.7,5.3,7.0
https://example.invalid/demo/01615,Terminal Santa Rita,Colegio Hispano Americano,Alameda,Bío-Bío Salud,Lider,Universidad Católica de la Santísima Concepción Los Ángeles,733,45,113,232,108,290,0.71,4.7,34,demo,9.5,8.3,6.8,7.2
https://example.invalid/demo/02108,Alborada,Colegio Particular Alborada,,CESFAM San Pedro de La Paz,Lider,INACAP San Pedro de la Paz,942,806,724,1872,1102,745,0.74,4.5,35,demo,9.5,9.5,7.8,9.5
https://example.invalid/demo/01286,Estación Intermodal Coronel,Escuela Diferencial Rayito de Sol,,Hospital San José de Coronel,Unimarc,,2199,640,540,981,1270,1250,0.65,7.8,31,demo,9.5,9.5,9.5,9.5
https://example.invalid/demo/01650,Terminal Santa Rita,Escuela Diferencial Ángelitos,Alameda,CESFAM/ SAPU 2 de Septiembre,Jumbo,Inacap Los Ángeles,1461,219,177,463,568,418,0.62,5.8,39,demo,9.5,6.8,5.8,6.2
https://example.invalid/demo/02968,,Escuela Mariano Egaña,Plaza Recreativa Dagnino,Hospital de Tomé,Unimarc,,4113,168,407,809,1507,,0.66,8.0,29,demo,9.5,9.0,8.8,8.8
https://example.invalid/demo/02017,Juan Pablo II,,Plaza Enrique Soro,Ex Clínica Universitaria San Pedro,Super Gangas,Instituto Santo Tomás,611,586,489,1355,649,3068,0.65,2.0,34,demo,9.5,9.5,9.5,9.5
https://example.invalid/demo/01341,Universidad Técnica Federico Santa María,Colegio Parque Central,,Clínica Mutual de Seguridad CCHC,Bodega Acuenta,Universidad Técnica Federico Santa María,936,94,48,1014,806,724,0.53,4.5,30,demo,9.5,7.3,4.8,5.3
https://example.invalid/demo/00009,,,,,,,,,,,,,0.65,4.8,37,demo,9.5,9.3,9.3,9.3
https://example.invalid/demo/00165,Chiguayante,Escuela José Hipólito Salas y Toro,,Cruz Roja Filial Chiguayante,Santa Isabel,,721,659,419,793,711,,0.58,5.2,33,demo,9.5,9.0,6.3,8.2
https://example.invalid/demo/02890,,Liceo Comercial de Tomé,Plazoleta Calle Las Lilas,Hospital de Tomé,Unimarc,,3319,29,140,235,553,,0.65,2.5,34,demo,9.5,8.7,5.5,8.2
https://example.invalid/demo/00438,Estación de buses Turbus,Colegio John F. Kennedy,Plaza Manuel Rodríguez,Cruz Roja Filial Chiguayante,Supermercado Monika,,363,218,448,352,372,,0.61,5.5,33,demo,9.5,9.5,7.5,7.5
https://example.invalid/demo/00709,Lorenzo Arenas,Colegio Laguna Redonda,,Centro de Salud Familiar Lorenzo Arenas,Supermercado Unihue,Escuela de Suboficiales de Carabineros - Grupo Concepción,503,445,117,586,621,822,0.58,8.7,33,demo,9.5,9.5,9.5,9.5
https://example.invalid/demo/02210,Juan Pablo II,Escuela de Lenguaje Llacolén,Plaza Bellavista,Ex Clínica Universitaria San Pedro,Santa Isabel,Univesidad Santo Tomás Concepción,946,223,222,840,561,2780,0.74,3.5,38,demo,9.5,5.5,5.0,5.2
https://example.invalid/demo/02369,Juan Pablo II,Deutsche Schule Concepción,,Ex Clínica Universitaria San Pedro,Unimarc,Instituto Profesional Virginio Gómez,2306,1166,566,1573,1311,2979,0.71,2.0,38,demo,9.5,7.7,7.7,7.7
https://example.invalid/demo/00747,Conquistador,Colegio Marcela Paz,Bandejón central Manuel Rodríguez,Centro Medico Universidad San Sebastián,Lider Express,Universidad San Sebastián,963,372,158,401,108,458,0.77,4.7,31,demo,9.5,4.7,4.7,4.7
https://example.invalid/demo/01766,Terminal de Buses Islajacoop,Escuela de Lenguaje Santisima Trinidad,,CESFAM Norte,Supermercado Acuenta,Centro Integral de Educación Tecnológica Curamávida,2080,358,109,785,575,1013,0.71,4.7,34,demo,9.5,8.3,7.0,7.7
https://example.invalid/demo/00552,Pedro Medina,Colegio Aurora de Chile Sur,,CESFAM Pinares,Lider,,375,415,316,675,122,,0.63,6.8,35,demo,9.5,9.5,8.2,8.7
https://example.invalid/demo/03103,,Carlos Mahns Choupay,Plaza Arturo Prat,Hospital de Tomé,Acuenta,,2494,247,607,909,267,,0.74,3.7,31,demo,9.5,6.7,4.7,5.5
https://example.invalid/demo/01446,Universidad Técnica Federico Santa María,Centro Integral Los Aromos,,CESFAM Talcahuano Sur,Alvi,Universidad Técnica Federico Santa María,432,439,343,1551,317,289,0.63,5.3,35,demo,9.5,9.3,7.7,8.5
https://example.invalid/demo/01198,Estación Intermodal Concepción,Instituto Down,Parque Ecuador,Clínica dental: Radio Dent,Emporio Agrícola,Universidad Católica de la Santísima Concepción Campus Santo Domingo,821,81,191,183,131,318,0.62,7.7,32,demo,9.5,8.8,7.8,8.0
https://example.invalid/demo/01218,,Colegio San Agustín,,Inmunomédica,Santa Isabel,Instituto Janequeo,628,281,136,170,189,168,0.8,5.5,25,demo,9.5,9.3,6.3,9.3
https://example.invalid/demo/03137,,Liceo Ecuador,Plaza Arturo Prat,Hospital de Tomé,Acuenta,,2804,267,259,632,104,,0.6,5.3,35,demo,9.5,8.3,5.8,8.0
https://example.invalid/demo/01351,Universidad Técnica Federico Santa María,Escuela Diego Portales D - 475,,CESFAM Hualpencillo,"SuperMercado ""Sacarllet""",CEDUC UCN Hualpén,819,252,140,1055,250,779,0.77,6.2,35,demo,9.5,9.5,8.5,9.2
https://example.invalid/demo/02886,,Escuela Especial de Lenguaje Tierra de Niños,Plaza de Bellavista,CESFAM/ SAPU Bellavista,Acuenta,,1595,938,1076,966,1657,,0.66,7.3,32,demo,9.5,9.5,9.3,9.5
https://example.invalid/demo/01274,Laguna Quiñenco,Escuela de Lenguaje Farolito Dorado,,CESFAM Yobilo,Unimarc,,1846,914,819,1149,1851,2629,0.72,6.2,40,demo,9.5,7.7,7.3,7.5
https://example.invalid/demo/01527,Hualqui,Liceo C-41 San Juan Bautista de Hualqui,,CESFAM Hualqui,Unimarc,,1368,1055,214,904,833,,0.67,6.5,33,demo,9.5,9.5,9.3,9.5
https://example.invalid/demo/02360,Juan Pablo II,Deutsche Schule Concepción,,Ex Clínica Universitaria San Pedro,Unimarc,INACAP San Pedro de la Paz,1850,384,164,991,264,3542,0.65,1.0,34,demo,9.5,4.7,4.3,4.7
https://example.invalid/demo/01964,Lirquén,Escuela Penco,,CESFAM Penco,Gabito,,3553,234,468,726,497,,0.73,6.2,33,demo,9.5,6.8,6.7,6.8
https://example.invalid/demo/01990,Terminal de Buses Nueva Llacolén,Escuela Básica Sargento Candelaria Perez,,CESFAM San Pedro de La Paz,La Piramide,INACAP San Pedro de la Paz,1524,438,161,1522,1731,2966,0.72,8.3,36,demo,9.5,9.5,9.3,9.5
https://example.invalid/demo/00770,Terminal de líneas a Tomé,Escuela de Lenguaje Cicel,,Centro Integral para el Adulto Mayor Lorenzo Arenas,Supermercado Unihue,Colegio Bautista de Concepción,491,576,323,931,428,998,0.61,9.0,31,demo,9.5,9.5,9.3,9.5
https://example.invalid/demo/02491,Juan Pablo II,Deutsche Schule Concepción,,Ex Clínica Universitaria San Pedro,Unimarc,INACAP San Pedro de la Paz,2076,603,196,1215,504,3725,0.66,4.5,38,demo,9.5,7.3,7.3,7.3
https://example.invalid/demo/01729,Terminal Santa Rita,Centro Educacional y Capacitación Laboral Cecap,Plaza Diego Portales,,Unimarc,Santo Tomás,306,204,170,113,126,124,0.66,3.3,29,demo,9.5,4.5,3.3,3.5
https://example.invalid/demo/02021,Juan Pablo II,,Plaza Enrique Soro,Ex Clínica Universitaria San Pedro,Super Gangas,Instituto Santo Tomás,799,808,680,1451,743,2836,0.62,6.5,37,demo,9.5,9.5,9.0,9.5
https://example.invalid/demo/01991,Juan Pablo II,Escuela de Lenguaje Llacolén,Plaza San Pedro Histórico,Ex Clínica Universitaria San Pedro,Santa Isabel,Univesidad Santo Tomás Concepción,1021,318,344,632,490,2988,0.84,9.5,31,demo,9.5,9.5,9.5,9.5
https://example.invalid/demo/00220,Pedro Medina,Colegio de Lenguaje Senderos de BioBio,,Cruz Roja Filial Chiguayante,Super Ganga,,1240,1054,965,1450,1443,,0.67,4.5,30,demo,9.5,7.0,5.8,7.0
https://example.invalid/demo/02425,Juan Pablo II,Deutsche Schule Concepción,,Ex Clínica Universitaria San Pedro,Unimarc,INACAP San Pedro de la Paz,1217,265,108,360,454,3336,0.75,0.0,36,demo,9.5,7.7,5.3,6.7
https://example.invalid/demo/00882,Buses Delsal,Escuela de Lenguaje Girasol,,Centro Médico Obstétrico y Ginecológico,Jumbo,Preuniversitarios Cpech,713,106,488,246,286,164,0.83,3.3,35,demo,9.5,6.8,5.3,6.3
https://example.invalid/demo/02990,,Escuela Lisa Enriqueta Peter Teubner,Parque Villa Nuevo Tomé,Hospital de Tomé,Acuenta,,2849,572,1421,1809,1729,,0.62,4.5,37,demo,9.5,9.5,9.5,9.5
https://example.invalid/demo/02629,Mercado,Liceo Almirante Pedro Espina Ritchie,Paseo Ventana al Mar,Filial Cruz Roja Talcahuano,,Instituto Profesional ESUCOMEX Talcahuano,1408,632,501,627,1105,1060,0.62,4.2,34,demo,9.5,6.5,4.8,6.3
https://example.invalid/demo/00842,Terminal de Buses 63 Rengo Lientur,Escuela de Lenguaje Ketrawe,,CESFAM Santa Sabina,Unimarc,Universidad Católica de la Santísima Concepción Campus San Andrés,1490,107,354,160,630,1164,0.83,7.8,30,demo,9.5,9.5,9.5,9.5
https://example.invalid/demo/00806,Terminal de líneas a Tomé,Colegio la Inmaculada Concepción,Plaza Cruz,Centro Integral del Adulto Mayor Juan Soto Fernández,Super Ganga,Colegio Bautista de Concepción,406,169,210,693,561,169,0.56,3.2,32,demo,9.5,5.3,4.0,4.7
https://example.invalid/demo/00065,Estación de buses Turbus,Colegio John F. Kennedy,,Cruz Roja Filial Chiguayante,Supermercado Monika,,961,728,784,921,973,,0.59,6.8,37,demo,9.5,8.3,8.0,8.3
https://example.invalid/demo/02409,Juan Pablo II,Colegio Santísima Trinidad,,Ex Clínica Universitaria San Pedro,Unimarc,INACAP San Pedro de la Paz,1810,327,510,1178,736,2609,0.67,4.7,36,demo,9.5,9.3,9.0,9.3
https://example.invalid/demo/01651,Terminal Santa Rita,Escuela Especial Antu,Alameda,Centro Médico y Dental RedSalud,Jumbo,Inacap Los Ángeles,1250,313,85,613,385,210,0.48,3.2,27,demo,9.5,6.0,4.8,5.0
https://example.invalid/demo/01660,Terminal Santa Rita,Colegio Santa Teresa de Los Andes - Los Ángeles,,CESFAM Nuevo horizonte,Lider Express,Inacap Los Ángeles,3955,1373,907,1580,2216,2906,0.53,8.2,34,demo,9.5,9.5,9.2,9.5
https://example.invalid/demo/02507,Juan Pablo II,Deutsche Schule Concepción,,Ex Clínica Universitaria San Pedro,Unimarc,Instituto Profesional Virginio Gómez,2187,1218,300,1524,1412,2739,0.67,7.5,27,demo,9.5,9.5,8.7,9.5
https://example.invalid/demo/01408,Universidad Técnica Federico Santa María,Escuela Especial de Lenguaje Villa Hermosa,,CESFAM Hualpencillo,Alvi,CEDUC UCN Hualpén,465,199,249,1414,80,408,0.7,5.5,33,demo,9.5,7.0,5.7,6.2
https://example.invalid/demo/01690,Terminal Santa Rita,Colegio María Inmaculada de Los Ángeles,,Consultorio,Supermercado Unico,Instituto Santo Tomás,1714,368,116,787,53,1187,0.61,7.7,33,demo,9.5,9.5,8.3,8.7
https://example.invalid/demo/02441,Juan Pablo II,Colegio Santísima Trinidad,,Ex Clínica Universitaria San Pedro,Unimarc,INACAP San Pedro de la Paz,2447,670,400,1634,833,3327,0.84,6.0,31,demo,9.5,9.5,9.5,9.5
https://example.invalid/demo/02178,Juan Pablo II,Saint John's School,,Ex Clínica Universitaria San Pedro,Unimarc,INACAP San Pedro de la Paz,2389,395,75,1753,1169,2526,0.73,7.3,26,demo,9.5,9.5,8.7,9.5
https://example.invalid/demo/01576,Terminal Santa Rita,Escuela E-885 Pedro Ruiz Aldea,Parque Laguna Esmeralda,Centro Médico Central,Jumbo,Inacap Los Ángeles,1155,123,101,539,452,322,0.7,5.3,33,demo,9.5,7.2,5.8,6.2
https://example.invalid/demo/00348,Pedro Medina,Colegio de Lenguaje Senderos de BioBio,,Policlínico Chiguayante,Lider,,542,455,677,1213,788,,0.69,1.3,32,demo,9.5,6.7,4.5,6.5
https://example.invalid/demo/02774,El Arenal,Jardin Infantil Barquito de Papel,,Filial Cruz Roja Talcahuano,,Instituto Profesional ESUCOMEX Talcahuano,524,215,261,966,280,423,0.78,7.0,32,demo,9.5,8.8,8.2,8.5
https://example.invalid/demo/02624,Hospital Las Higueras,Centro Laboral Polivalente Alonkura,,Hospital Las Higueras,Supermercado Ganga,Universidad Católica de la Santísima Concepción Talcahuano,698,271,142,234,637,604,0.68,1.7,31,demo,9.5,7.8,6.7,7.5
https://example.invalid/demo/01419,Terminal de colectivos 21,Colegio Villa Acero,Parque Reconquista,CESFAM Talcahuano Sur,Supermercado: Donde Carlos,Universidad Técnica Federico Santa María,1008,206,222,235,790,1610,0.7,4.7,33,demo,9.5,4.8,4.7,4.7
https://example.invalid/demo/02922,,Escuela Margarita Naseau,Paseo Lisa Peters T.,Hospital de Tomé,Unimarc,,3025,226,167,938,537,,0.65,8.2,37,demo,9.5,9.2,9.2,9.2
https://example.invalid/demo/01912,Lirquén,Escuela de Lenguaje San Nicolás,,Centro de diálisis Nephrocare,Bigger,,2616,92,107,215,87,,0.59,8.2,32,demo,9.5,9.5,9.5,9.5
https://example.invalid/demo/01483,Universidad Técnica Federico Santa María,Escuela Especial de Lenguaje Semillita,,Clínica Mutual de Seguridad CCHC,Bodega Acuenta,Universidad Técnica Federico Santa María,1075,44,121,1065,595,872,0.79,0.0,29,demo,9.5,9.5,9.2,9.5
https://example.invalid/demo/01672,Terminal de Buses Islajacoop,Colegio Juan Pablo II,,CESFAM Norte,Supermercado Acuenta,Centro Integral de Educación Tecnológica Curamávida,1962,239,112,669,463,1143,0.71,5.3,41,demo,9.5,7.0,6.5,6.7
https://example.invalid/demo/01152,Buses Delsal,Centro de Educación de Adultos Newentun,Plaza de la Independencia,CruzBlanca,Alimentos del Pedregal,Casa Central Universidad Catolica de la Santisima Concepción,394,237,197,406,133,197,0.94,4.7,34,demo,9.5,8.0,5.5,7.0
https://example.invalid/demo/00891,Terminal de Buses 63 Rengo Lientur,Escuela de Lenguaje Titirimundi,Parque Lo Custodio,Centro Medico Universidad San Sebastián,Minimarket Xiomara,Universidad San Sebastián,424,91,188,699,718,534,0.57,6.3,30,demo,9.5,9.5,9.3,9.5
https://example.invalid/demo/01815,Terminal Santa Rita,Liceo Bicentenario A-59 Los Ángeles,Plaza Población Hospital,Complejo Asistencial Doctor Víctor Ríos Ruiz,Lider,,767,37,121,249,489,249,0.48,6.0,29,demo,9.5,9.3,7.7,8.0
https://example.invalid/demo/01039,Estación Intermodal Concepción,Liceo de Niñas,,Clínica Dental San Martín,Emporio Agrícola,Universidad Católica de la Santísima Concepción Campus Santo Domingo,690,138,273,92,253,71,0.74,3.0,35,demo,9.5,5.5,3.3,4.0
https://example.invalid/demo/00225,Manquimávida,Escuela de Lenguaje Chileduca,,CESFAM Pinares,Santa Isabel,,298,379,31,1226,669,,0.79,7.5,28,demo,9.5,9.5,9.0,9.5
https://example.invalid/demo/02586,Hospital Las Higueras,Escuela Básica Libertad E 492,,Hospital Las Higueras,Supermercado Ganga,Universidad Católica de la Santísima Concepción Talcahuano,957,194,117,587,818,734,0.76,7.5,34,demo,9.5,9.5,9.5,9.5
https://example.invalid/demo/00174,Chiguayante,Escuela José Hipólito Salas y Toro,Plaza Cochrane,Cruz Roja Filial Chiguayante,Supermercado Monika,,512,511,361,626,554,,0.74,4.2,35,demo,9.5,5.0,5.0,5.0
https://example.invalid/demo/02770,El Arenal,Escuela Santa Cecilia,,CESFAM San Vicente,Unimarc,Instituto Profesional ESUCOMEX Talcahuano,408,129,216,274,363,637,0.58,8.2,33,demo,9.5,9.5,9.5,9.5
https://example.invalid/demo/01443,Universidad Técnica Federico Santa María,Jardín Infantil Jugando Aprendo,,Sanatorio Alemán,Bodega Acuenta,Universidad Técnica Federico Santa María,1479,200,35,761,165,1322,0.62,6.0,32,demo,9.5,9.0,7.7,8.3
https://example.invalid/demo/02468,Juan Pablo II,Escuela Luis Alberto Acevedo,Plaza San Pedro Histórico,Ex Clínica Universitaria San Pedro,Santa Isabel,Univesidad Santo Tomás Concepción,738,94,68,543,249,3094,0.71,4.3,31,demo,9.5,5.5,4.8,5.3
https://example.invalid/demo/01038,,Liceo Polivalente Experimental Lucila Godoy Alcayaga,Parque Ecuador,Clínica dental: Radio Dent,Emporio Agrícola,Universidad de las Américas Concepcion,747,119,72,50,177,252,0.64,1.5,36,demo,9.5,7.7,4.2,5.7
https://example.invalid/demo/00387,Estación de buses Turbus,Colegio Chileno Árabe,,Cruz Roja Filial Chiguayante,Supermercado Mey,,1556,1046,1142,1345,1471,,0.7,5.5,37,demo,9.5,7.8,6.3,7.2
https://example.invalid/demo/01823,Terminal Santa Rita,Escuela Especial F-905 Esperanza,Plaza Libertador Bernardo O'Higgins,Bío-Bío Salud,Supermercado Alvi,Santo Tomás,380,253,126,252,277,146,0.73,2.7,30,demo,9.5,6.3,3.3,3.8
https://example.invalid/demo/01743,Terminal de Buses Islajacoop,Escuela Especial Mi Ventana,Plaza Libertador Bernardo O'Higgins,Centro Médico Central,Tottus,Instituto AIEP,628,88,434,189,146,112,0.88,5.7,32,demo,9.5,8.2,6.7,7.7
https://example.invalid/demo/00453,Chiguayante,Escuela Especial de Lenguaje Altos de Chiguayante,Plaza Manuel Rodríguez,Cruz Roja Filial Chiguayante,Supermercado Monika,,97,283,175,328,164,,0.74,5.0,34,demo,9.5,9.5,8.7,9.5
https://example.invalid/demo/02731,Hospital Las Higueras,Centro Laboral Polivalente Alonkura,,Hospital Las Higueras,Supermercado Ganga,Universidad Católica de la Santísima Concepción Talcahuano,672,325,226,55,698,709,0.68,4.7,28,demo,9.5,9.5,6.0,9.5
https://example.invalid/demo/02172,Juan Pablo II,Escuela de Lenguaje Llacolén,,Ex Clínica Universitaria San Pedro,Santa Isabel,AIEP,1743,1016,462,1199,1198,2643,0.67,5.3,27,demo,9.5,8.8,7.8,8.2
https://example.invalid/demo/00902,Terminal de Buses Collao,Colegio San Nicolás,,Centro Clínico Militar,El Mesón,Universidad del Bío-Bío,833,1041,603,1211,1100,1681,0.69,8.5,39,demo,9.5,9.5,9.3,9.5
https://example.invalid/demo/02133,Juan Pablo II,Deutsche Schule Concepción,,Ex Clínica Universitaria San Pedro,Unimarc,Instituto Profesional Virginio Gómez,2181,843,729,1365,921,3396,0.63,4.0,30,demo,9.5,7.3,6.7,7.0
https://example.invalid/demo/03013,,Escuela Básica y Adultos California,Plaza Arturo Prat,CESFAM/ SAPU Bellavista,Acuenta,,2103,320,1275,1167,952,,0.84,8.3,31,demo,9.5,9.5,9.5,9.5
https://example.invalid/demo/01841,Terminal Santa Rita,Escuela F-900 República de Alemania,,Consultorio,Supermercado Unico,Instituto Santo Tomás,1823,354,158,873,76,1264,0.66,8.3,32,demo,9.5,9.5,9.2,9.5
https://example.invalid/demo/01366,Lorenzo Arenas,Liceo Polivalente Lorenzo Arenas Olivo,Plaza de la Abejita,Centro Kelluwün,Santa Isabel,Escuela de Suboficiales de Carabineros - Grupo Concepción,963,337,295,618,397,1685,0.62,0.0,39,demo,9.5,9.5,9.3,9.5
https://example.invalid/demo/03058,,Escuela Básica Ignacio Serrano Montaner,Plazoleta Calle Las Lilas,Hospital de Tomé,Unimarc,,3777,172,391,600,1002,,0.7,7.0,37,demo,9.5,7.8,7.8,7.8
https://example.invalid/demo/02234,Juan Pablo II,"Colegio Concepción San Pedro, campus Villa",Parque Laguna Grande,Ex Clínica Universitaria San Pedro,Rincón del Valle - Minimarket,INACAP San Pedro de la Paz,1524,588,360,1314,676,2020,0.52,6.8,31,demo,9.5,9.2,8.5,8.5
https://example.invalid/demo/02525,Juan Pablo II,Deutsche Schule Concepción,,Ex Clínica Universitaria San Pedro,Unimarc,INACAP San Pedro de la Paz,1273,301,202,448,380,3208,0.71,4.5,41,demo,9.5,6.7,5.2,5.3
https://example.invalid/demo/01693,Terminal de Buses Islajacoop,Instituto Profesional Virginio Gómez Los Angeles,Parque Laguna Esmeralda,Centro Médico Central,Tottus,Instituto AIEP,911,126,309,361,412,331,0.68,3.5,38,demo,9.5,5.7,3.8,4.7
https://example.invalid/demo/01292,Estación Intermodal Coronel,Colegio San Pedro,Plazoleta Calle Dolores,Mutual de seguridad: CCHC,Unimarc,,894,432,272,459,399,1168,0.65,3.8,37,demo,9.5,5.7,4.0,4.7
https://example.invalid/demo/01004,Terminal de Buses Jota Ewert,Colegio Malvina Romero Vidal,Bandejón central Manuel Rodriguez,CESFAM Tucapel,Unimarc,Colegio Bautista de Concepción,412,22,163,738,398,865,0.53,4.2,38,demo,9.5,9.5,8.5,9.5
https://example.invalid/demo/01283,Coronel,Jardín Infantil Emanuel,,Centro kinésico Coronel,Santa Isabel,,906,1040,315,1184,1110,1626,0.63,7.8,30,demo,9.5,9.2,9.2,9.2
https://example.invalid/demo/01983,Juan Pablo II,Escuela de Lenguaje Llacolén,Plaza Bellavista,Ex Clínica Universitaria San Pedro,Super Gangas,Univesidad Santo Tomás Concepción,984,603,298,1264,708,2514,0.74,7.0,34,demo,9.5,8.2,7.3,7.7
https://example.invalid/demo/02765,Hospital Las Higueras,Colegio Remodelación Simons,,Hospital Las Higueras,Lider,Universidad Católica de la Santísima Concepción Talcahuano,1099,960,548,1429,732,806,0.66,7.7,32,demo,9.5,9.5,9.2,9.5
https://example.invalid/demo/02447,Juan Pablo II,Colegio Santísima Trinidad,,Ex Clínica Universitaria San Pedro,Unimarc,INACAP San Pedro de la Paz,2769,1191,776,1911,1132,3957,0.69,8.8,32,demo,9.5,9.5,9.5,9.5
https://example.invalid/demo/01536,Terminal Rodoviario Los Ángeles,Escuela E-871 Clara Rebolledo de Godoy,Plaza Villa Francia,CESFAM NORORIENTE Los Ángeles,Mayorista,Hogar Universidad de Concepción,80,290,349,564,217,1462,0.68,4.3,37,demo,9.5,8.0,6.3,7.3
https://example.invalid/demo/01202,Terminal de Buses 63 Rengo Lientur,Escuela Parvularia Blanca Estela,Bandejón central Manuel Rodríguez,CESFAM Tucapel,Minimarket Xiomara,Universidad San Sebastián,1147,394,366,458,179,568,0.83,3.7,35,demo,9.5,7.8,4.8,6.2
https://example.invalid/demo/02132,Juan Pablo II,Colegio El Arrayán,,Ex Clínica Universitaria San Pedro,Santa Isabel,INACAP San Pedro de la Paz,843,348,347,140,300,3454,0.62,7.0,32,demo,9.5,8.7,7.8,8.2
https://example.invalid/demo/01124,Conquistador,Colegio Marcela Paz,Bandejón central Manuel Rodríguez,Centro Medico Universidad San Sebastián,Lider Express,Universidad San Sebastián,781,156,59,533,252,634,0.79,3.5,34,demo,9.5,4.0,4.0,4.0
https://example.invalid/demo/00981,Buses Delsal,Escuela de Lenguaje Girasol,,Centro Médico Obstétrico y Ginecológico,Jumbo,Preuniversitarios Cpech,613,195,442,247,242,207,0.76,4.2,34,demo,9.5,5.7,4.3,4.8
https://example.invalid/demo/00307,Chiguayante,Escuela José Hipólito Salas y Toro,Plaza Cochrane,Policlínico Chiguayante,Santa Isabel,,670,111,196,512,127,,0.74,4.7,34,demo,9.5,5.8,5.8,5.8
https://example.invalid/demo/02224,Juan Pablo II,Escuela Luis Alberto Acevedo,Plaza Lota,Ex Clínica Universitaria San Pedro,Verluys,Univesidad Santo Tomás Concepción,181,489,258,799,101,3332,0.75,3.0,36,demo,9.5,5.2,4.5,5.0
https://example.invalid/demo/01187,Buses Delsal,Liceo Andalién,Plaza Condell,Centro Medico Universidad San Sebastián,Andretta,Universidad del Desarrollo,825,234,106,479,186,539,0.66,6.2,35,demo,9.5,7.8,7.5,7.8
https://example.invalid/demo/02156,Costa Mar,Colegio Particular Alborada,,CESFAM San Pedro de La Paz,Lider,INACAP San Pedro de la Paz,1284,1452,1020,2442,1188,1263,0.77,6.0,31,demo,9.5,9.5,9.3,9.5
https://example.invalid/demo/00392,Pedro Medina,Colegio de Lenguaje Senderos de BioBio,,Cruz Roja Filial Chiguayante,Super Ganga,,1026,847,836,1559,1319,,0.77,8.7,30,demo,9.5,9.5,9.5,9.5
https://example.invalid/demo/00403,Estación de buses Turbus,Colegio John F. Kennedy,,Cruz Roja Filial Chiguayante,Supermercado Monika,,1747,1416,1663,1611,1740,,0.57,4.3,30,demo,9.5,5.5,4.7,5.2
https://example.invalid/demo/02817,Hospital Las Higueras,Escuela de Lenguaje Santa Catalina,,Hospital Las Higueras,Lider,Universidad Católica de la Santísima Concepción Talcahuano,881,478,156,948,540,518,0.62,4.2,34,demo,9.5,8.0,5.2,5.7
https://example.invalid/demo/00135,Manquimávida,Colegio Gabriel González Videla,,CESFAM Pinares,Unimarc,,721,337,240,813,398,,0.59,7.3,32,demo,9.5,9.5,9.2,9.5
https://example.invalid/demo/01107,Conquistador,Colegio Gran Bretaña,Huerta Comunitaria C3,Clínica Kenal,Mayorista 10,Colegio Bautista de Concepción,228,48,287,855,276,677,0.89,4.8,35,demo,9.5,5.8,5.8,5.8
https://example.invalid/demo/02514,Juan Pablo II,Escuela de Lenguaje Llacolén,Plaza Bellavista,Ex Clínica Universitaria San Pedro,Super Gangas,Univesidad Santo Tomás Concepción,945,292,91,948,595,2692,0.72,7.8,32,demo,9.5,9.5,9.2,9.5
https://example.invalid/demo/00593,Pedro Medina,Colegio de Lenguaje Senderos de BioBio,,Cruz Roja Filial Chiguayante,Super Ganga,,1056,877,870,1584,1352,,0.7,7.8,33,demo,9.5,9.5,9.5,9.5
https://example.invalid/demo/02321,Diagonal Biobío,Escuela Pierre Mendes France,,CESFAM San Pedro de La Paz,Pulpería Alemana,INACAP San Pedro de la Paz,964,181,80,1249,226,2274,0.74,8.2,31,demo,9.5,9.5,9.2,9.5
https://example.invalid/demo/01440,Universidad Técnica Federico Santa María,Jardín Infantil Jugando Aprendo,,Sanatorio Alemán,Bodega Acuenta,Universidad Técnica Federico Santa María,1121,320,254,1048,412,960,0.69,6.5,36,demo,9.5,7.0,7.0,7.0
https://example.invalid/demo/03093,,Escuela República De Panamá,Paseo Lisa Peters T.,Hospital de Tomé,Mayorista 10,,2449,677,657,1245,530,,0.71,4.2,38,demo,9.5,9.5,5.7,9.5
https://example.invalid/demo/00059,Chiguayante,Escuela Especial de Lenguaje Altos de Chiguayante,,Policlínico Chiguayante,Supermercado Mey,,1457,1244,761,1610,1493,,0.6,7.8,30,demo,9.5,9.5,9.3,9.5
https://example.invalid/demo/00201,Pedro Medina,Colegio John F. Kennedy,,Cruz Roja Filial Chiguayante,Supermercado Monika,,1619,1406,1326,1607,1687,,0.81,6.3,32,demo,9.5,9.5,8.8,9.5
https://example.invalid/demo/02304,Juan Pablo II,Escuela Miguel José Zañartu Santa María E-653,Plaza Las Encinas,Ex Clínica Universitaria San Pedro,Unimarc,INACAP San Pedro de la Paz,1028,222,85,401,700,2956,0.7,5.0,40,demo,9.5,7.3,5.8,6.7
https://example.invalid/demo/00535,Pedro Medina,Colegio de Lenguaje Senderos de BioBio,,Policlínico Chiguayante,Unimarc,,316,224,504,983,607,,0.71,6.0,31,demo,9.5,7.7,6.8,7.3
https://example.invalid/demo/01186,Terminal de Buses Collao,Colegio Edward,,Clínica Ernesto Silva B.,Super Ganga,Universidad del Desarrollo,1266,138,114,325,244,303,0.69,5.8,36,demo,9.5,9.5,8.7,9.5
https://example.invalid/demo/02701,El Arenal,Sociedad Educacional Luis Espinoza Pierretti,,Filial Cruz Roja Talcahuano,,Instituto Profesional ESUCOMEX Talcahuano,765,102,53,563,384,369,0.74,7.8,34,demo,9.5,8.3,7.8,8.0
https://example.invalid/demo/03106,,Escuela República De Panamá,Plaza Arturo Prat,Hospital de Tomé,Acuenta,,2413,442,625,1034,302,,0.72,6.7,32,demo,9.5,9.5,9.2,9.5
https://example.invalid/demo/00184,Pedro Medina,Colegio Aurora de Chile Sur,,CESFAM Pinares,Lider,,396,441,315,788,248,,0.66,6.7,32,demo,9.5,9.5,8.7,9.5
https://example.invalid/demo/01537,Terminal Santa Rita,Colegio Beato Damian de Molokai,,CESFAM/ SAPU Paillihue,Supermercado Unico,Instituto Santo Tomás,2448,240,86,1392,685,1883,0.67,5.0,30,demo,9.5,6.5,5.5,5.7
https://example.invalid/demo/02355,Juan Pablo II,Escuela Miguel José Zañartu Santa María E-653,Plaza Pedro Esteban,Ex Clínica Universitaria San Pedro,Santa Isabel,INACAP San Pedro de la Paz,937,35,126,531,776,2792,0.74,7.0,38,demo,9.5,8.5,7.2,7.7
https://example.invalid/demo/01785,Terminal de Buses Rurales Vega Techada,Tryar,,Hospital Mutual de Seguridad de Los Ángeles ACHS,Tamarugal,Hogar Universidad de Concepción,264,62,315,723,158,513,0.71,5.5,31,demo,9.5,6.8,6.5,6.8
https://example.invalid/demo/02659,Hospital Las Higueras,Colegio Talcahuano,,Hospital Las Higueras,Supermercado Ganga,Universidad Católica de la Santísima Concepción Talcahuano,523,389,563,1035,392,407,0.8,5.0,30,demo,9.5,5.7,5.2,5.5
https://example.invalid/demo/02993,,Carlos Mahns Choupay,Plaza Arturo Prat,Hospital de Tomé,Acuenta,,2652,239,451,752,141,,0.59,4.2,37,demo,9.5,4.7,4.2,4.3
https://example.invalid/demo/00145,Estación de buses Turbus,Colegio Santa Inés,Plaza Manuel Rodríguez,Cruz Roja Filial Chiguayante,Supermercado Monika,,302,73,358,91,268,,0.62,6.3,32,demo,9.5,7.8,7.8,7.8
https://example.invalid/demo/02225,Juan Pablo II,Escuela de Lenguaje Llacolén,,Ex Clínica Universitaria San Pedro,Santa Isabel,AIEP,1881,1135,431,1447,1380,2329,0.77,7.0,35,demo,9.5,9.2,8.3,8.7
https://example.invalid/demo/01076,,Colegio The Auckland School.,Plaza Perú,Centro Médico Emsa,Santa Isabel,Instituto IPG Concepción,700,159,212,53,361,242,0.81,7.3,27,demo,9.5,8.5,7.8,8.5
https://example.invalid/demo/01464,Universidad Técnica Federico Santa María,Escuela de Lenguaje Santa Leonor,,CESFAM Hualpencillo,"SuperMercado ""Sacarllet""",CEDUC UCN Hualpén,397,313,98,1392,609,377,0.79,6.2,34,demo,9.5,9.5,9.3,9.5
https://example.invalid/demo/01566,Terminal Santa Rita,Escuela Básica Diferencial Arcoiris,,CESFAM/ SAPU Paillihue,Supermercado Unico,Instituto Santo Tomás,4157,88,1576,2844,2399,3522,0.69,8.2,39,demo,9.5,9.5,9.3,9.5
https://example.invalid/demo/01640,Terminal Santa Rita,Colegio Beato Damian de Molokai,,CESFAM/ SAPU Paillihue,Super 13,Instituto Santo Tomás,2643,222,188,1234,798,2157,0.72,6.3,40,demo,9.5,9.5,9.5,9.5
https://example.invalid/demo/01623,Terminal Rodoviario Los Ángeles,Colegio Teresiano Los Ángeles,,CESFAM Norte,Supermercado Acuenta,Centro Integral de Educación Tecnológica Curamávida,2851,647,1472,2097,2282,1251,0.61,4.7,36,demo,9.5,9.5,8.0,9.5
https://example.invalid/demo/02090,Juan Pablo II,Deutsche Schule Concepción,,Ex Clínica Universitaria San Pedro,Unimarc,INACAP San Pedro de la Paz,2156,684,272,1295,593,3797,0.69,4.7,35,demo,9.5,5.7,5.2,5.7
https://example.invalid/demo/01298,Laguna Quiñenco,Escuela Javiera Carrera,,CESFAM Yobilo,SuperBodega aCuenta,,814,302,448,535,841,1960,0.65,5.5,34,demo,9.5,7.8,5.8,6.8
https://example.invalid/demo/01220,Estación Intermodal Concepción,Colegio Adventista de Concepción (Enseñanza Media),Plaza España,Clínica podológica: Footclinic,Alimentos del Pedregal,Universidad la República Concepcion,500,150,322,82,63,42,0.6,7.5,30,demo,9.5,8.5,7.7,8.2
https://example.invalid/demo/03133,,Escuela República De Panamá,Plaza Arturo Prat,Hospital de Tomé,Acuenta,,2273,347,773,1198,465,,0.69,3.0,36,demo,9.5,8.7,7.7,8.2
https://example.invalid/demo/02420,Juan Pablo II,Colegio Santísima Trinidad,,Ex Clínica Universitaria San Pedro,Unimarc,INACAP San Pedro de la Paz,2010,201,127,1235,509,3038,0.71,4.3,38,demo,9.5,8.3,8.3,8.3
https://example.invalid/demo/01175,Terminal de Buses Collao,Colegio Salesiano de Concepción,Plaza San Juan Bosco,Clínica Ernesto Silva B.,Colun,Universidad del Desarrollo,1131,228,246,382,287,317,0.48,5.0,29,demo,9.5,8.5,7.5,7.5
https://example.invalid/demo/01450,Universidad Técnica Federico Santa María,Jardín Infantil Jugando Aprendo,,Sanatorio Alemán,Bodega Acuenta,Universidad Técnica Federico Santa María,1295,261,182,875,236,1129,0.71,7.2,28,demo,9.5,8.8,8.8,8.8
https://example.invalid/demo/00245,Pedro Medina,Colegio Aurora de Chile Sur,,CESFAM Pinares,Lider,,808,691,260,1171,724,,0.73,9.2,33,demo,9.5,9.5,9.5,9.5
https://example.invalid/demo/02245,Juan Pablo II,Escuela de Lenguaje Llacolén,Plaza Bellavista,Ex Clínica Universitaria San Pedro,Super Gangas,Univesidad Santo Tomás Concepción,937,717,470,1351,720,2565,0.67,6.0,30,demo,9.5,9.5,7.0,9.5
https://example.invalid/demo/00214,Estación de buses Turbus,Colegio John F. Kennedy,,Cruz Roja Filial Chiguayante,Supermercado Monika,,739,549,670,727,754,,0.69,1.5,36,demo,9.5,4.0,3.2,3.7
https://example.invalid/demo/02416,Juan Pablo II,Deutsche Schule Concepción,,Ex Clínica Universitaria San Pedro,Unimarc,INACAP San Pedro de la Paz,1371,297,308,554,292,3179,0.66,4.2,38,demo,9.5,5.7,4.5,4.7
https://example.invalid/demo/01140,,Lycée Charles de Gaulle,Parque Ecuador,Medyks,Supermercado Versluys,Universidad de las Américas,278,82,182,237,388,273,0.83,3.7,35,demo,9.5,5.2,5.0,5.2
https://example.invalid/demo/03116,,Escuela Margarita Naseau,Paseo Lisa Peters T.,Hospital de Tomé,Mayorista 10,,2754,446,370,1060,464,,0.68,6.5,28,demo,9.5,9.5,9.2,9.5
https://example.invalid/demo/00639,Pedro Medina,Colegio de Lenguaje Senderos de BioBio,,Policlínico Chiguayante,Unimarc,,618,513,734,1287,878,,0.74,3.2,39,demo,9.5,5.0,4.2,4.8
https://example.invalid/demo/00894,Terminal de Buses Jota Ewert,Colegio Malvina Romero Vidal,Plazoleta Ejercito 1,CESFAM Tucapel,Supermercado Unihue,Colegio Bautista de Concepción,377,414,86,845,52,948,0.72,6.7,25,demo,9.5,9.5,9.3,9.5
https://example.invalid/demo/02505,Juan Pablo II,Deutsche Schule Concepción,,Ex Clínica Universitaria San Pedro,Unimarc,AIEP,1623,694,751,920,947,3056,0.7,3.7,40,demo,9.5,5.3,4.0,4.3
https://example.invalid/demo/01825,Terminal Santa Rita,Colegio Particular Marta Brunet,Plaza Pinto,Consultorio,Lider,Universidad y CFT de Los Lagos,1002,131,155,254,333,552,0.62,1.8,34,demo,9.5,2.3,1.8,2.0
https://example.invalid/demo/00792,Terminal de Buses Jota Ewert,Colegio Malvina Romero Vidal,Bandejón central Manuel Rodriguez,CESFAM Tucapel,Unimarc,Colegio Bautista de Concepción,477,234,140,880,297,778,0.47,7.2,36,demo,9.5,9.2,8.8,9.2
https://example.invalid/demo/03108,,Liceo República del Ecuador,Plaza Recreativa Dagnino,Hospital de Tomé,Acuenta,,3241,452,564,579,887,,0.69,6.0,26,demo,9.5,8.7,8.3,8.7
https://example.invalid/demo/02996,,Escuela República De Panamá,Plaza de Bellavista,CESFAM/ SAPU Bellavista,Acuenta,,1723,323,936,683,995,,0.71,5.5,34,demo,9.5,8.5,7.7,8.0
https://example.invalid/demo/00313,Chiguayante,Escuela Especial de Lenguaje Altos de Chiguayante,Plaza Manuel Rodríguez,Cruz Roja Filial Chiguayante,Supermercado Monika,,62,210,17,280,85,,0.83,5.5,36,demo,9.5,8.8,7.3,8.2
https://example.invalid/demo/00791,Concepción,Escuela Particular Santa Catalina de Siena,,CESFAM Pedro de Valdivia (Concepción),Super Ganga,Instituto Profesional Virginio Gómez,1212,635,814,642,870,1013,0.55,7.3,33,demo,9.5,9.5,9.5,9.5
https://example.invalid/demo/02261,Juan Pablo II,Deutsche Schule Concepción,,Ex Clínica Universitaria San Pedro,Unimarc,Instituto Profesional Virginio Gómez,2288,993,860,1490,1083,3289,0.75,5.3,28,demo,9.5,8.5,7.7,8.2
https://example.invalid/demo/01317,Terminal de colectivos 21,Liceo Pedro del Rio Zañartu,Plaza Arturo Prat,CESFAM Talcahuano Sur,Supermercado G y G,CEDUC UCN Hualpén,1088,110,153,852,719,1165,0.71,4.5,41,demo,9.5,8.0,4.8,6.5
https://example.invalid/demo/02854,Hospital Las Higueras,Escuela de Lenguaje Santa Catalina,,Hospital Las Higueras,Supermercado Ganga,Universidad Católica de la Santísima Concepción Talcahuano,819,396,215,865,587,461,0.61,4.7,33,demo,9.5,5.3,5.3,5.3
https://example.invalid/demo/03067,,Escuela Margarita Naseau,Paseo Lisa Peters T.,Hospital de Tomé,Unimarc,,3288,438,436,1133,871,,0.86,3.8,29,demo,9.5,9.5,9.0,9.5
https://example.invalid/demo/01324,Universidad Técnica Federico Santa María,Escuela Especial de Lenguaje Villa Hermosa,,CESFAM Hualpencillo,Alvi,CEDUC UCN Hualpén,422,274,487,1242,305,348,0.65,4.5,34,demo,9.5,7.3,4.8,6.7
https://example.invalid/demo/02426,Juan Pablo II,Deutsche Schule Concepción,,Ex Clínica Universitaria San Pedro,Unimarc,Instituto Profesional Virginio Gómez,2171,784,613,1338,830,3516,0.66,6.5,29,demo,9.5,9.5,8.2,9.3
https://example.invalid/demo/00317,Pedro Medina,Colegio San Patricio,,Policlínico Chiguayante,Super Ganga,,676,285,72,9,315,,0.68,5.3,31,demo,9.5,8.0,7.3,8.0
https://example.invalid/demo/01501,Universidad Técnica Federico Santa María,Colegio Adventista,,CESFAM Talcahuano Sur,Alvi,Universidad Técnica Federico Santa María,874,374,248,1148,461,737,0.64,1.0,36,demo,9.5,9.0,4.7,8.5
https://example.invalid/demo/02073,Juan Pablo II,Colegio El Arrayán,,Ex Clínica Universitaria San Pedro,Santa Isabel,Univesidad Santo Tomás Concepción,988,462,302,221,427,3453,0.66,4.5,35,demo,9.5,4.7,4.7,4.7
https://example.invalid/demo/00699,Terminal de Buses 63 Rengo Lientur,Colegio Técnico Profesional Los Acacios,Plaza La Virgen,Centro Medico Universidad San Sebastián,Minimarket Xiomara,Universidad San Sebastián,647,226,193,472,537,308,0.53,4.8,30,demo,9.5,6.8,5.2,5.8
https://example.invalid/demo/03101,,Escuela Básica y Adultos California,Plaza Arturo Prat,Hospital de Tomé,Acuenta,,2299,212,1055,1215,746,,0.79,5.2,29,demo,9.5,7.3,7.0,7.3
https://example.invalid/demo/00916,Buses Delsal,Escuela de Lenguaje Girasol,Plaza Condell,Centro Médico Obstétrico y Ginecológico,Alimentos del Pedregal,Preuniversitarios Cpech,839,70,486,360,416,256,0.72,7.8,32,demo,9.5,9.5,8.8,9.5
https://example.invalid/demo/02663,Hospital Las Higueras,Liceo La Asunción,,Hospital Las Higueras,Supermercado Ganga,Universidad Católica de la Santísima Concepción Talcahuano,1083,661,518,464,1093,1083,0.77,8.0,35,demo,9.5,9.5,9.5,9.5
https://example.invalid/demo/00514,Pedro Medina,Colegio Aurora de Chile Sur,,CESFAM Pinares,Lider,,562,521,218,958,463,,0.71,4.8,31,demo,9.5,6.2,6.0,6.2
https://example.invalid/demo/02254,Juan Pablo II,Deutsche Schule Concepción,,Ex Clínica Universitaria San Pedro,Unimarc,Instituto Profesional Virginio Gómez,2694,1305,1011,1866,1308,3565,0.55,5.8,29,demo,9.5,8.5,8.2,8.5
https://example.invalid/demo/00256,Chiguayante,Escuela José Hipólito Salas y Toro,Plaza Cochrane,Cruz Roja Filial Chiguayante,Supermercado Monika,,532,519,357,644,574,,0.71,4.3,34,demo,9.5,9.5,6.2,9.5
https://example.invalid/demo/02353,Juan Pablo II,Deutsche Schule Concepción,,Ex Clínica Universitaria San Pedro,Unimarc,Instituto Profesional Virginio Gómez,2304,845,472,1448,787,3802,0.8,3.5,30,demo,9.5,4.5,3.7,4.0
https://example.invalid/demo/02749,El Arenal,Colegio Remodelación Simons,,Filial Cruz Roja Talcahuano,,Instituto Profesional ESUCOMEX Talcahuano,806,59,162,705,439,479,0.74,6.3,34,demo,9.5,8.7,7.3,8.0
https://example.invalid/demo/00446,Chiguayante,Escuela José Hipólito Salas y Toro,Plaza Cochrane,Cruz Roja Filial Chiguayante,Santa Isabel,,708,594,353,807,639,,0.61,5.8,31,demo,9.5,7.8,6.5,6.7
https://example.invalid/demo/02247,Juan Pablo II,Colegio Santísima Trinidad,,Ex Clínica Universitaria San Pedro,Unimarc,INACAP San Pedro de la Paz,2314,729,327,1463,663,3594,0.62,3.7,37,demo,9.5,5.7,4.3,5.2
https://example.invalid/demo/00031,,,,,,,,,,,,,0.78,6.0,36,demo,9.5,9.5,9.3,9.5
https://example.invalid/demo/02778,Hospital Las Higueras,Colegio Talcahuano,,Hospital Las Higueras,Supermercado Ganga,Universidad Católica de la Santísima Concepción Talcahuano,933,801,801,1365,755,711,0.69,4.0,39,demo,9.5,7.0,5.7,6.5
https://example.invalid/demo/00274,Estación de buses Turbus,Colegio John F. Kennedy,,Cruz Roja Filial Chiguayante,Supermercado Monika,,1337,1013,1312,1211,1332,,0.8,0.7,35,demo,9.5,0.7,0.7,0.7
https://example.invalid/demo/02402,Juan Pablo II,Colegio Santísima Trinidad,,Ex Clínica Universitaria San Pedro,Unimarc,INACAP San Pedro de la Paz,1457,380,422,697,337,3010,0.8,7.8,30,demo,9.5,9.5,9.3,9.5
https://example.invalid/demo/03005,,Escuela República De Panamá,Paseo Lisa Peters T.,CESFAM/ SAPU Bellavista,Mayorista 10,,2348,835,891,1391,847,,0.73,6.3,41,demo,9.5,9.5,8.5,8.7
https://example.invalid/demo/00501,Pedro Medina,Colegio de Lenguaje Senderos de BioBio,,Policlínico Chiguayante,Lider,,753,638,833,1420,1010,,0.79,2.0,29,demo,9.5,9.5,9.3,9.5
https://example.invalid/demo/01907,Lirquén,Escuela Los Conquistadores,,UAPO,Unimarc,,2711,70,155,112,146,,0.68,4.2,28,demo,9.5,8.8,6.7,7.2
https://example.invalid/demo/00901,Terminal de Buses 63 Rengo Lientur,Centro de Capacitacion Laboral Educación Especial Paulo Freire,,CESFAM Tucapel,Minimarket Xiomara,Universidad San Sebastián,930,212,353,610,668,893,0.72,6.0,29,demo,9.5,7.0,7.0,7.0
https://example.invalid/demo/02476,Juan Pablo II,Deutsche Schule Concepción,,Ex Clínica Universitaria San Pedro,Unimarc,Instituto Profesional Virginio Gómez,2675,1204,727,1815,1085,4070,0.7,6.2,37,demo,9.5,8.3,7.3,7.8
https://example.invalid/demo/01793,Terminal Santa Rita,Colegio San Pablo,,Complejo Asistencial Doctor Víctor Ríos Ruiz,Unimarc,,834,132,166,513,511,353,0.69,8.0,32,demo,9.5,9.5,9.3,9.5
https://example.invalid/demo/02568,Unihue,Escuela Profesora Juana Salgado Parra G-609,,,,,5505,5809,,,,,0.77,5.2,35,demo,9.5,9.0,8.2,8.7
https://example.invalid/demo/02460,Juan Pablo II,Deutsche Schule Concepción,,Ex Clínica Universitaria San Pedro,Santa Isabel,AIEP,1182,495,426,442,602,3321,0.68,5.0,38,demo,9.5,7.2,5.7,6.2
https://example.invalid/demo/02276,Juan Pablo II,Deutsche Schule Concepción,,Ex Clínica Universitaria San Pedro,Unimarc,INACAP San Pedro de la Paz,1643,197,443,785,343,3631,0.83,3.0,30,demo,9.5,5.7,3.3,4.0
https://example.invalid/demo/02147,Juan Pablo II,Escuela de Lenguaje Llacolén,Plaza Bellavista,Ex Clínica Universitaria San Pedro,Super Gangas,Univesidad Santo Tomás Concepción,1181,534,229,1165,838,2454,0.71,7.0,34,demo,9.5,9.2,8.0,8.5
https://example.invalid/demo/00456,Chiguayante,Escuela José Hipólito Salas y Toro,Plaza Cochrane,Cruz Roja Filial Chiguayante,Santa Isabel,,631,561,351,733,627,,0.59,0.0,34,demo,9.5,5.0,5.0,5.0
https://example.invalid/demo/00994,Estación Intermodal Concepción,Colegio para Adultos Renacer,Plaza España,Integramédica,Lider,Univesidad Santo Tomás Concepción,317,178,383,343,196,60,0.74,7.5,35,demo,9.5,9.5,9.0,9.5
https://example.invalid/demo/01035,,Liceo de Niñas,,Clínica Dental San Martín,Supermercado Versluys,Instituto Superior de Comercio de Concepción (INSUCO),774,60,202,40,237,122,0.74,4.3,35,demo,9.5,6.5,4.7,5.3
https://example.invalid/demo/01860,Terminal Santa Rita,Escuela de Lenguaje Alto Los Ángeles,,CESFAM/ SAPU 2 de Septiembre,Lider Express,Inacap Los Ángeles,1903,339,391,505,221,1046,0.68,6.8,40,demo,9.5,9.5,7.8,8.3
https://example.invalid/demo/02345,Juan Pablo II,Escuela Luis Alberto Acevedo,Plaza Lota,Ex Clínica Universitaria San Pedro,Super Gangas,Univesidad Santo Tomás Concepción,449,219,50,658,99,3174,0.65,7.8,31,demo,9.5,9.5,9.3,9.5
https://example.invalid/demo/02645,El Arenal,Colegio San Vicente,,CESFAM San Vicente,Unimarc,Instituto Profesional ESUCOMEX Talcahuano,453,324,275,397,536,884,0.64,7.0,36,demo,9.5,9.5,9.5,9.5
https://example.invalid/demo/00023,,,,,,,,,,,,,0.78,4.7,32,demo,9.5,8.7,6.2,7.2
https://example.invalid/demo/01233,Coronel,Colegio Jorge Rojas,,Centro kinésico Coronel,MultiOfertas,,722,847,104,1050,901,1725,0.76,7.8,42,demo,9.5,9.5,9.5,9.5
https://example.invalid/demo/01630,Terminal Santa Rita,Instituto Profesional y Centro de Formacion Tecnica Santa Lucia E.I.R.L,,CESFAM/ SAPU Paillihue,,,2212,142,274,201,475,1693,0.68,5.2,34,demo,9.5,8.8,8.0,8.3
https://example.invalid/demo/00785,Concepción,Escuela de Lenguaje Palabritas,,Centro Integral del Adulto Mayor Juan Soto Fernández,Tottus,Instituto Santo Tomás,639,71,171,160,381,497,0.75,7.0,32,demo,9.5,8.2,7.3,7.8
https://example.invalid/demo/01005,,Colegio San Agustín,,Inmunomédica,Santa Isabel,Instituto Janequeo,376,38,98,111,224,211,0.68,4.7,38,demo,9.5,8.0,5.3,6.0
https://example.invalid/demo/00444,Pedro Medina,Colegio de Lenguaje Senderos de BioBio,,Policlínico Chiguayante,Super Ganga,,325,176,141,794,534,,0.73,5.0,37,demo,9.5,7.8,6.0,6.8
https://example.invalid/demo/03102,,Escuela República De Panamá,Plaza de Bellavista,CESFAM/ SAPU Bellavista,Acuenta,,1654,711,982,792,1299,,0.7,8.0,33,demo,9.5,9.5,9.5,9.5
https://example.invalid/demo/00577,Pedro Medina,Colegio de Lenguaje Senderos de BioBio,,Policlínico Chiguayante,Super Ganga,,695,512,517,1260,992,,0.76,5.7,33,demo,9.5,6.8,6.0,6.3
https://example.invalid/demo/02379,Juan Pablo II,Colegio Santísima Trinidad,,Ex Clínica Universitaria San Pedro,Unimarc,INACAP San Pedro de la Paz,1780,346,271,950,152,3266,0.84,5.5,32,demo,9.5,8.2,7.2,7.5
https://example.invalid/demo/00822,Terminal de Buses Collao,René Louvel Bert,,Centro Clínico Militar,Super Ganga,Universidad del Bío-Bío,852,801,611,1360,880,1180,0.56,6.0,27,demo,9.5,9.5,9.5,9.5
https://example.invalid/demo/02604,El Arenal,Escuela Básica Libertad E 492,,CESFAM San Vicente,Unimarc,Instituto Profesional ESUCOMEX Talcahuano,1669,1485,1047,1585,1791,2117,0.81,7.5,37,demo,9.5,8.3,8.3,8.3
https://example.invalid/demo/02438,Juan Pablo II,Escuela de Lenguaje Llacolén,Plaza San Pedro Histórico,Ex Clínica Universitaria San Pedro,Santa Isabel,AIEP,1400,735,748,780,827,2996,0.65,5.8,26,demo,9.5,7.5,6.8,7.3
https://example.invalid/demo/02666,Hospital Las Higueras,Escuela Básica Las Higueras,,Hospital Las Higueras,Supermercado Ganga,Universidad Católica de la Santísima Concepción Talcahuano,478,289,119,387,643,723,0.6,5.3,30,demo,9.5,6.3,5.8,6.3
https://example.invalid/demo/02039,Juan Pablo II,Escuela Luis Alberto Acevedo,,Ex Clínica Universitaria San Pedro,Santa Isabel,AIEP,1125,530,520,474,542,3220,0.6,6.3,35,demo,9.5,7.7,7.3,7.5
https://example.invalid/demo/01208,Estación Intermodal Concepción,Colegio Adventista de Concepción (Enseñanza Media),Plaza España,Clínica podológica: Footclinic,Alimentos del Pedregal,Instituto Profesional Valle Central,422,174,241,36,131,99,0.7,6.5,27,demo,9.5,8.5,6.8,7.3
https://example.invalid/demo/01957,Lirquén,Funny School Penco,Plaza Los Conquistadores,UAPO,Provisiones Eugenio,,3221,208,202,413,146,,0.82,7.5,39,demo,9.5,9.5,8.5,9.5
https://example.invalid/demo/01502,Universidad Técnica Federico Santa María,Centro Integral Los Aromos,,CESFAM Hualpencillo,Alvi,CEDUC UCN Hualpén,217,381,468,1535,330,172,0.76,4.7,34,demo,9.5,8.0,6.7,7.7
https://example.invalid/demo/02240,Juan Pablo II,Escuela de Lenguaje Aserrín Aserrán,Plaza Municipalidad San Pedro de la Paz,Ex Clínica Universitaria San Pedro,Supermercado Super Ganga,INACAP San Pedro de la Paz,530,124,223,1080,269,2782,0.7,7.8,33,demo,9.5,9.5,9.5,9.5
https://example.invalid/demo/00976,Terminal de Buses Jota Ewert,Escuela Especial de Lenguaje Pequeños Amigos,Bandejón central Manuel Rodriguez,CITSALUD,Alvi,Colegio Bautista de Concepción,262,86,224,951,527,444,0.82,8.8,34,demo,9.5,9.5,9.5,9.5
https://example.invalid/demo/02004,El Parque,Saint John's School,,CESFAM Lomas Coloradas,Unimarc,INACAP San Pedro de la Paz,2873,1152,1020,3050,2437,3369,0.76,8.0,34,demo,9.5,9.5,9.5,9.5
https://example.invalid/demo/02271,Juan Pablo II,Escuela de Lenguaje Llacolén,Plaza San Pedro Histórico,Ex Clínica Universitaria San Pedro,Santa Isabel,AIEP,1159,497,503,617,592,3053,0.62,6.0,32,demo,9.5,7.8,6.7,7.3
https://example.invalid/demo/00495,Estación de buses Turbus,Colegio John F. Kennedy,,Cruz Roja Filial Chiguayante,Supermercado Monika,,1347,1049,1189,1251,1348,,0.74,6.8,34,demo,9.5,9.5,9.0,9.5
https://example.invalid/demo/02880,,Escuela de Lenguaje Campanita,Parque Agustín Dagnino,Hospital de Tomé,Acuenta,,3423,520,411,733,1128,,0.78,7.7,40,demo,9.5,9.5,9.3,9.5
https://example.invalid/demo/00467,Estación de buses Turbus,Colegio John F. Kennedy,,Cruz Roja Filial Chiguayante,Supermercado Monika,,1440,1168,1147,1369,1447,,0.81,4.5,36,demo,9.5,8.2,7.3,8.2
https://example.invalid/demo/00586,Estación de buses Turbus,Colegio John F. Kennedy,,Cruz Roja Filial Chiguayante,Supermercado Monika,,1261,952,1182,1154,1259,,0.75,3.7,32,demo,9.5,7.7,4.7,7.3
https://example.invalid/demo/02863,Hospital Las Higueras,Colegio Talcahuano,,Instituto de Seguridad del Trabajo de Talcahuano,Supermercado Ganga,Universidad Católica de la Santísima Concepción Talcahuano,373,256,425,864,361,442,0.71,4.5,31,demo,9.5,8.7,8.3,8.5
https://example.invalid/demo/02324,Juan Pablo II,Deutsche Schule Concepción,,Ex Clínica Universitaria San Pedro,Unimarc,Instituto Profesional Virginio Gómez,2493,1032,623,1636,960,3862,0.66,6.2,38,demo,9.5,8.0,8.0,8.0
https://example.invalid/demo/01645,Terminal de Buses Rurales Vega Techada,Colegio PROACAP,,Hospital Mutual de Seguridad de Los Ángeles ACHS,Super Ganga,Hogar Universidad de Concepción,462,84,452,827,177,674,0.76,5.7,33,demo,9.5,8.3,7.2,7.3
https://example.invalid/demo/01295,Laguna Quiñenco,Escuela Particular Genaro Ríos Campos,,CESFAM Yobilo,pelado,,2063,910,747,1391,2033,3049,0.71,4.8,31,demo,9.5,6.2,6.0,6.2
https://example.invalid/demo/02278,Juan Pablo II,Colegio El Arrayán,,Ex Clínica Universitaria San Pedro,Santa Isabel,AIEP,1019,480,286,237,459,3464,0.67,4.7,36,demo,9.5,5.2,4.7,4.7
https://example.invalid/demo/02405,Juan Pablo II,Deutsche Schule Concepción,,Ex Clínica Universitaria San Pedro,Unimarc,Instituto Profesional Virginio Gómez,2101,654,401,1247,645,3696,0.78,2.0,32,demo,9.5,9.5,9.3,9.5
https://example.invalid/demo/02877,,Escuela República De Panamá,Paseo Lisa Peters T.,Hospital de Tomé,Mayorista 10,,2468,670,629,1206,490,,0.72,7.0,36,demo,9.5,9.5,8.0,9.5
https://example.invalid/demo/00650,Estación de buses Turbus,Colegio John F. Kennedy,,Cruz Roja Filial Chiguayante,Supermercado Monika,,1340,1059,1115,1261,1345,,0.79,5.5,34,demo,9.5,8.7,6.5,8.7
https://example.invalid/demo/03012,,Liceo Comercial de Tomé,Plazoleta Calle Las Lilas,Hospital de Tomé,Unimarc,,3385,114,105,304,608,,0.64,2.3,33,demo,9.5,9.5,9.5,9.5
https://example.invalid/demo/00874,,Liceo Polivalente Experimental Lucila Godoy Alcayaga,Parque Ecuador,Clínica Odontológica Advance,Emporio Agrícola,Universidad de las Américas Concepcion,757,142,215,31,119,157,0.72,4.7,39,demo,9.5,8.0,5.5,6.7
https://example.invalid/demo/00458,Pedro Medina,Colegio de Lenguaje Senderos de BioBio,,Policlínico Chiguayante,Unimarc,,523,350,455,1131,855,,0.76,7.3,29,demo,9.5,8.3,7.8,8.2
https://example.invalid/demo/01996,Juan Pablo II,Escuela de Lenguaje Llacolén,Plaza Bellavista,Ex Clínica Universitaria San Pedro,Santa Isabel,AIEP,1371,625,598,1006,880,2650,0.68,7.3,31,demo,9.5,8.2,8.0,8.2
https://example.invalid/demo/00808,Concepción,Escuela Óscar Castro Zúñiga,Parque Costanera,Centro de Salud Familiar Juan Soto Fernández,Tottus,Univesidad Santo Tomás Concepción,551,476,304,305,420,712,0.71,8.3,34,demo,9.5,9.5,9.5,9.5
https://example.invalid/demo/02102,Juan Pablo II,Escuela de Lenguaje Llacolén,Plaza Bellavista,Ex Clínica Universitaria San Pedro,Santa Isabel,Univesidad Santo Tomás Concepción,1430,705,523,1217,1020,2420,0.76,8.2,29,demo,9.5,9.2,9.2,9.2
https://example.invalid/demo/01855,Terminal Santa Rita,Colegio María Inmaculada de Los Ángeles,,CESFAM/ SAPU Paillihue,Supermercado Unico,Instituto Santo Tomás,2070,317,292,1057,363,1583,0.67,3.8,30,demo,9.5,6.3,5.0,5.5
https://example.invalid/demo/03018,,Escuela República De Panamá,Plaza de Bellavista,CESFAM/ SAPU Bellavista,Mayorista 10,,1750,553,994,771,1094,,0.7,8.2,33,demo,9.5,9.5,8.8,9.5
https://example.invalid/demo/00163,Pedro Medina,Colegio Aurora de Chile,,Policlínico Chiguayante,Super Ganga,,475,155,202,203,204,,0.74,0.0,34,demo,9.5,9.5,0.0,9.5
https://example.invalid/demo/03071,,Escuela Especial Tomé,Plaza Arturo Prat,Hospital de Tomé,Unimarc,,2991,163,64,500,217,,0.69,6.8,35,demo,9.5,7.8,7.3,7.3
https://example.invalid/demo/01819,Terminal Santa Rita,Escuela de Lenguaje Palabras Magicas,Parque Central Avenida Vicuña Mackenna,Consultorio,Supermercado Unico,Instituto Santo Tomás,1488,215,244,529,302,925,0.68,2.5,37,demo,9.5,7.3,6.7,7.0
https://example.invalid/demo/00742,Terminal de líneas a Tomé,Colegio la Inmaculada Concepción,,Centro Integral del Adulto Mayor Juan Soto Fernández,Supermercado Unihue,Colegio Bautista de Concepción,337,672,129,1085,538,786,0.46,4.0,35,demo,9.5,8.5,8.0,8.2
https://example.invalid/demo/01002,Terminal de líneas a Tomé,Centro de Educación de Adultos W. Rebolledo,Plaza Cruz,CITSALUD,Super Ganga,Colegio Bautista de Concepción,511,168,279,650,458,60,0.62,0.0,32,demo,9.5,9.5,9.3,9.5
https://example.invalid/demo/01333,Universidad Técnica Federico Santa María,Colegio Santa Teresita,,CESFAM Hualpencillo,Unimarc,CEDUC UCN Hualpén,1663,235,193,369,328,1601,0.76,7.5,33,demo,9.5,9.5,9.5,9.5
https://example.invalid/demo/00696,,Escuela Básica Común Hospital,Plaza Perú,Hospital Clínico Regional Doctor Guillermo Grant Benavente,Santa Isabel,Federación de Estudiantes Universidad de Concepción,596,204,142,199,483,187,0.55,8.3,33,demo,9.5,9.5,9.5,9.5
https://example.invalid/demo/02638,Hospital Las Higueras,Colegio Remodelación Simons,,Filial Cruz Roja Talcahuano,Lider,Universidad Católica de la Santísima Concepción Talcahuano,1678,1220,850,1560,1210,1443,0.66,6.3,32,demo,9.5,9.5,8.8,8.8
https://example.invalid/demo/02904,,Colegio Guillermo Velasco Barros,Plaza Monumento Tomé Lafkenche,Hospital de Tomé,Unimarc,,3172,61,50,587,433,,0.69,4.0,32,demo,9.5,9.5,9.3,9.5
https://example.invalid/demo/01426,Universidad Técnica Federico Santa María,Escuela Especial de Lenguaje Villa Hermosa,,CESFAM Talcahuano Sur,Alvi,CEDUC UCN Hualpén,696,222,74,1209,160,643,0.7,5.3,27,demo,9.5,8.3,6.5,7.2
https://example.invalid/demo/02750,El Arenal,Jardin Infantil Barquito de Papel,,Filial Cruz Roja Talcahuano,,Instituto Profesional ESUCOMEX Talcahuano,390,54,246,881,96,251,0.5,6.0,34,demo,9.5,9.5,8.3,8.5
https://example.invalid/demo/02662,El Arenal,Escuela Básica Libertad E 492,,Hospital Las Higueras,Lider,Universidad Católica de la Santísima Concepción Talcahuano,977,83,176,824,689,757,0.59,4.8,34,demo,9.5,7.5,5.2,5.8
https://example.invalid/demo/01203,Buses Delsal,Instituto Profesional Diego Portales,,Clínica Kenal,Santa Isabel,Instituto Profesional Providencia (IPP),565,97,320,280,143,289,0.59,2.8,32,demo,9.5,8.0,7.3,7.5
https://example.invalid/demo/02697,Los Cóndores,Colegio Los Cóndores,,CESFAM Paulina Avendaño Pereda,Unimarc,Universidad Católica de la Santísima Concepción Talcahuano,120,149,190,1062,417,2384,0.72,8.3,29,demo,9.5,9.5,9.5,9.5
https://example.invalid/demo/02444,Juan Pablo II,Deutsche Schule Concepción,,Ex Clínica Universitaria San Pedro,Santa Isabel,AIEP,1452,596,687,744,869,3136,0.68,4.2,34,demo,9.5,4.8,4.2,4.2
https://example.invalid/demo/01954,Lirquén,Centro Educacional Alborada,,CESFAM Penco,Gabito,,3833,263,629,965,609,,0.59,3.8,34,demo,9.5,8.7,6.5,8.0
https://example.invalid/demo/02151,Juan Pablo II,Deutsche Schule Concepción,,Ex Clínica Universitaria San Pedro,Unimarc,AIEP,1342,212,322,497,499,3547,0.68,6.5,28,demo,9.5,8.2,7.0,7.5
https://example.invalid/demo/00505,Pedro Medina,Colegio de Lenguaje Senderos de BioBio,,Cruz Roja Filial Chiguayante,Super Ganga,,831,648,493,1151,965,,0.82,2.7,33,demo,9.5,8.7,3.2,7.2
https://example.invalid/demo/01431,Universidad Técnica Federico Santa María,Escuela Especial de Lenguaje Semillita,,Clínica Mutual de Seguridad CCHC,Bodega Acuenta,Universidad Técnica Federico Santa María,1007,104,124,1078,655,803,0.72,5.7,29,demo,9.5,9.5,8.7,9.5
https://example.invalid/demo/00309,Estación de buses Turbus,Colegio Santa Inés,Plaza Manuel Rodríguez,Cruz Roja Filial Chiguayante,Supermercado Mey,,205,142,220,94,114,,0.69,6.3,32,demo,9.5,9.5,8.7,9.5
https://example.invalid/demo/02887,,Liceo República del Ecuador,"Plaza Inclusiva ""Samuel Muñoz""",Hospital de Tomé,Acuenta,,3364,366,467,385,864,,0.83,6.3,35,demo,9.5,9.0,8.2,8.5
https://example.invalid/demo/02480,Juan Pablo II,Deutsche Schule Concepción,,Ex Clínica Universitaria San Pedro,Unimarc,Instituto Profesional Virginio Gómez,2339,887,532,1485,842,3765,0.69,3.2,32,demo,9.5,4.0,3.2,3.3
https://example.invalid/demo/00841,Terminal de buses Pedro de Valdivia,Colegio Itahue,,Clínica de la mujer - Sanatorio Alemán,Señora Teresa,Centro Mandala,773,520,196,3305,2408,4357,0.76,8.8,34,demo,9.5,9.5,9.5,9.5
https://example.invalid/demo/00917,,Liceo de Niñas,,CruzBlanca,Supermercado Versluys,Instituto Superior de Comercio de Concepción (INSUCO),628,279,172,193,49,165,0.76,3.7,33,demo,9.5,8.7,5.5,7.3
https://example.invalid/demo/03070,,Liceo República del Ecuador,Plaza Arturo Prat,Hospital de Tomé,Acuenta,,2929,285,627,575,540,,0.78,5.0,32,demo,9.5,9.2,7.0,8.5
https://example.invalid/demo/00397,Chiguayante,Escuela José Hipólito Salas y Toro,Plaza Cochrane,Policlínico Chiguayante,Santa Isabel,,670,424,174,818,459,,0.73,4.8,30,demo,9.5,6.3,5.0,5.5
https://example.invalid/demo/00898,Buses Delsal,Colegio San Agustín,,Inmunomédica,Santa Isabel,Instituto Janequeo,590,296,158,179,148,205,0.69,2.3,32,demo,9.5,6.0,3.2,3.8
https://example.invalid/demo/00852,Concepción,Especial España,,CESFAM Pedro de Valdivia (Concepción),Jumbo,Instituto Profesional Virginio Gómez,1384,259,614,148,595,980,0.77,6.3,30,demo,9.5,9.5,9.5,9.5
https://example.invalid/demo/02144,Juan Pablo II,Deutsche Schule Concepción,,Ex Clínica Universitaria San Pedro,Unimarc,Instituto Profesional Virginio Gómez,2631,1350,919,1846,1420,3236,0.82,3.0,33,demo,9.5,6.7,5.0,5.7
https://example.invalid/demo/01864,Terminal Tur Bus,Escuela de Lenguaje Pasitos,,CESFAM NORORIENTE Los Ángeles,MundoBike,Hogar Universidad de Concepción,409,475,174,1083,254,2027,0.8,0.0,30,demo,9.5,6.0,5.7,5.8
https://example.invalid/demo/00076,Pedro Medina,Colegio de Lenguaje Senderos de BioBio,,Cruz Roja Filial Chiguayante,Super Ganga,,1098,922,929,1649,1410,,0.61,4.7,33,demo,9.5,9.5,8.7,9.5
https://example.invalid/demo/01664,Terminal Santa Rita,Escuela Especial de Lenguaje Santa María,,CESFAM/ SAPU 2 de Septiembre,Lider Express,Inacap Los Ángeles,2255,581,402,592,351,1345,0.66,6.2,29,demo,9.5,7.2,7.0,7.0
https://example.invalid/demo/01475,Universidad Técnica Federico Santa María,Escuela Especial de Lenguaje Semillita,,Centro Médico Andes Salud Concepción,Alvi,Universidad Técnica Federico Santa María,1457,363,411,762,567,1247,0.73,0.0,33,demo,9.5,9.5,9.0,9.5
https://example.invalid/demo/00595,Estación de buses Turbus,Colegio John F. Kennedy,Plaza de Armas de Chiguayante,Cruz Roja Filial Chiguayante,Supermercado Monika,,896,547,946,735,881,,0.7,3.8,30,demo,9.5,7.2,7.0,7.2
https://example.invalid/demo/02860,Hospital Las Higueras,Escuela de Lenguaje Santa Catalina,,Hospital Las Higueras,Supermercado Ganga,Universidad Católica de la Santísima Concepción Talcahuano,769,147,290,633,579,471,0.61,4.5,36,demo,9.5,7.8,6.3,7.5
https://example.invalid/demo/02751,Hospital Las Higueras,Colegio Talcahuano,,Hospital Las Higueras,Supermercado Ganga,Universidad Católica de la Santísima Concepción Talcahuano,724,615,466,1012,493,397,0.66,6.0,29,demo,9.5,9.3,7.5,8.2
https://example.invalid/demo/00056,Pedro Medina,Colegio Aurora de Chile Sur,,CESFAM Pinares,Lider,,615,535,207,988,508,,0.72,7.5,32,demo,9.5,7.8,7.8,7.8
https://example.invalid/demo/00714,Estación Intermodal Concepción,Colegio Alonso de Ercilla,Áreas verdes Esmeralda,Clínica dental: Radio Dent,Unimarc,Instituto Profesional Virginio Gómez,1002,355,322,462,317,474,0.53,8.5,36,demo,9.5,8.8,8.8,8.8
https://example.invalid/demo/02598,Mercado,Liceo Almirante Pedro Espina Ritchie,Paseo Ventana al Mar,Filial Cruz Roja Talcahuano,Santa Isabel,Instituto Profesional ESUCOMEX Talcahuano,1281,630,536,576,1192,1136,0.65,8.0,26,demo,9.5,9.5,8.8,9.0
https://example.invalid/demo/02213,Juan Pablo II,Deutsche Schule Concepción,,Ex Clínica Universitaria San Pedro,Unimarc,INACAP San Pedro de la Paz,1639,182,430,779,317,3605,0.77,4.2,31,demo,9.5,8.0,5.7,7.5
https://example.invalid/demo/01248,Laguna Quiñenco,Escuela Víctor Domingo Silva,,CESFAM Yobilo,SuperBodega aCuenta,Centro de Estudios e Inclusión Laboral Biocor,879,420,261,259,1000,2582,0.58,7.0,33,demo,9.5,7.5,7.2,7.5
https://example.invalid/demo/00161,Estación de buses Turbus,Colegio John F. Kennedy,Plaza de Armas de Chiguayante,Cruz Roja Filial Chiguayante,Supermercado Monika,,1652,1308,1580,1497,1640,,0.56,7.0,32,demo,9.5,8.3,8.0,8.3
https://example.invalid/demo/01070,Conquistador,Colegio Gran Bretaña,Huerta Comunitaria C3,Clínica Kenal,Mayorista 10,Colegio Bautista de Concepción,320,171,187,799,270,549,0.82,8.2,33,demo,9.5,9.5,9.5,9.5
https://example.invalid/demo/00968,Buses Delsal,Escuela Diferencial y Centro de Atencion Temprana Libertad,,Centro Médico Obstétrico y Ginecológico,Jumbo,Preuniversitarios Cpech,663,104,414,307,327,236,0.76,0.2,34,demo,9.5,0.7,0.2,0.2
https://example.invalid/demo/00871,Buses Delsal,Colegio Metodista de Concepción,Plaza de la Independencia,Inmunomédica,Alimentos del Pedregal,Casa Central Universidad Catolica de la Santisima Concepción,344,201,243,435,135,270,0.84,2.5,37,demo,9.5,5.3,2.7,4.0
https://example.invalid/demo/00344,Manquimávida,Colegio Madre Paulina,,CESFAM Pinares,Lider,,1581,1636,1295,2458,1985,,0.86,8.5,37,demo,9.5,9.5,9.5,9.5
https://example.invalid/demo/01048,,Mozatschule Concepción,Parque Metropolitano Cerro Caracol,SAMU,Santa Isabel,Centro Mandala,1103,540,956,1414,1588,726,0.73,6.3,33,demo,9.5,9.5,9.3,9.5
https://example.invalid/demo/00844,,Colegio Einstein Concepcion,Plaza Perú,Centro Clínico Docente en Oftalmología,Santa Isabel,Federación de Estudiantes Universidad de Concepción,364,63,139,184,341,98,0.86,1.8,36,demo,9.5,2.7,1.8,2.2
https://example.invalid/demo/01898,Lirquén,Escuela Penco,,CESFAM Penco,Gabito,,3594,338,566,799,600,,0.76,3.7,29,demo,9.5,7.8,5.5,7.5
https://example.invalid/demo/01514,Hualqui,Escuela Los Libertadores de Hualqui,,CESFAM Hualqui,Unimarc,,1553,1175,251,1085,1008,,0.81,8.2,36,demo,9.5,9.5,9.5,9.5
https://example.invalid/demo/01508,Hualqui,Escuela D-600 Manuel Amat y Juniet,,CESFAM Hualqui,Unimarc,,239,737,645,1051,1141,,0.75,4.3,32,demo,9.5,7.2,6.2,6.5
https://example.invalid/demo/01090,Buses Delsal,Colegio Metodista de Concepción,,Clínica Kenal,Alimentos del Pedregal,Casa Central Universidad Catolica de la Santisima Concepción,274,184,324,522,2,319,0.76,3.5,37,demo,9.5,5.0,4.3,4.5
https://example.invalid/demo/02288,Juan Pablo II,Escuela de Lenguaje Llacolén,Plaza San Pedro Histórico,Ex Clínica Universitaria San Pedro,Santa Isabel,AIEP,1313,591,634,841,776,2837,0.8,5.2,30,demo,9.5,8.3,7.5,7.7
https://example.invalid/demo/02566,,,,,,,,,,,,,0.83,6.2,42,demo,9.5,9.5,9.0,9.5
https://example.invalid/demo/00053,Estación de buses Turbus,Colegio Concepción Chiguayante,,Cruz Roja Filial Chiguayante,Unimarc,,2217,948,757,1977,1080,,0.66,8.2,38,demo,9.5,9.5,9.5,9.5
https://example.invalid/demo/01771,Terminal Santa Rita,Escuela Especial de Lenguaje Santa María,,CESFAM/ SAPU 2 de Septiembre,Lider Express,Inacap Los Ángeles,2420,512,213,660,487,1477,0.7,6.7,30,demo,9.5,8.5,8.0,8.3
https://example.invalid/demo/02727,Hospital Las Higueras,Escuela de Lenguaje Inalaf,Plaza Villa Oceanía,Instituto de Seguridad del Trabajo de Talcahuano,Acuenta,Universidad Católica de la Santísima Concepción Talcahuano,593,356,329,275,325,919,0.69,2.8,32,demo,9.5,9.5,9.3,9.5
https://example.invalid/demo/00094,Pedro Medina,Colegio Aurora de Chile,,Policlínico Chiguayante,Unimarc,,433,73,108,263,312,,0.68,2.2,37,demo,9.5,8.7,7.8,8.3
https://example.invalid/demo/03084,,Escuela Básica y Adultos California,Plaza de Bellavista,CESFAM/ SAPU Bellavista,Acuenta,,2130,1263,1764,1687,2108,,0.73,5.7,33,demo,9.5,9.5,9.5,9.5
https://example.invalid/demo/00801,Terminal de Buses Collao,Escuela de Lenguaje Nahuel,,Clínica del Sur,Kamadi,Universidad San Sebastián,888,413,40,468,812,1321,0.6,8.2,42,demo,9.5,9.5,9.3,9.5
https://example.invalid/demo/01905,Lirquén,Escuela de Lenguaje Jardin de Palabras,,CESFAM Penco,Provisiones Eugenio,,4002,349,624,1148,692,,0.83,0.0,36,demo,9.5,7.3,6.0,6.7
https://example.invalid/demo/02592,Hospital Las Higueras,Liceo La Asunción,,Hospital Las Higueras,Supermercado Ganga,Universidad Católica de la Santísima Concepción Talcahuano,956,496,350,356,999,1009,0.67,8.7,30,demo,9.5,9.5,9.5,9.5
https://example.invalid/demo/01966,Lirquén,Escuela Penco,,CESFAM Penco,Gabito,,3421,162,367,597,410,,0.73,5.0,30,demo,9.5,9.0,7.3,9.0
https://example.invalid/demo/00363,Estación de buses Turbus,Colegio Santa Inés,,Cruz Roja Filial Chiguayante,Supermercado Mey,,499,310,191,334,212,,0.72,5.7,29,demo,9.5,8.5,7.5,7.8
https://example.invalid/demo/02180,Juan Pablo II,,Parque Villa Obreros Nuevo Puente Juan Pablo II,Ex Clínica Universitaria San Pedro,Bio Pan,Instituto Santo Tomás,1175,664,358,2015,682,3316,0.83,8.8,36,demo,9.5,9.5,9.5,9.5
https://example.invalid/demo/00641,Pedro Medina,Colegio de Lenguaje Senderos de BioBio,,Policlínico Chiguayante,Unimarc,,514,345,468,1130,843,,0.71,0.0,31,demo,9.5,8.3,0.0,7.8
https://example.invalid/demo/03068,,Escuela Especial de Lenguaje Tierra de Niños,Plaza de Bellavista,CESFAM/ SAPU Bellavista,Acuenta,,997,579,647,687,2011,,0.62,4.3,39,demo,9.5,9.5,8.8,9.5
https://example.invalid/demo/00744,Terminal de líneas a Tomé,Escuela de Lenguaje Cicel,,Centro Integral para el Adulto Mayor Lorenzo Arenas,Supermercado Unihue,Colegio Bautista de Concepción,491,565,249,942,503,976,0.67,7.8,33,demo,9.5,9.5,8.7,9.5
https://example.invalid/demo/00750,Terminal de Buses Jota Ewert,Escuela Especial de Lenguaje Pequeños Amigos,,CITSALUD,Super Ganga,Colegio Bautista de Concepción,403,70,221,807,377,359,0.79,0.2,33,demo,9.5,8.2,7.0,7.5
https://example.invalid/demo/03041,,Liceo Industrial Tomé,,Hospital de Tomé,Unimarc,,4047,362,202,645,1319,,0.79,4.0,29,demo,9.5,9.3,7.7,8.3
https://example.invalid/demo/00758,Conquistador,Colegio Gran Bretaña,,Indimed,Mayorista 10,Casa Central Universidad Catolica de la Santisima Concepción,161,233,340,763,376,744,0.73,4.5,33,demo,9.5,6.8,5.7,6.3
https://example.invalid/demo/01699,Terminal de Buses Islajacoop,Colegio PROACAP,,Hospital Mutual de Seguridad de Los Ángeles ACHS,Unimarc,Instituto AIEP,347,306,522,484,48,434,0.74,5.7,31,demo,9.5,7.7,6.0,6.5
https://example.invalid/demo/01603,Terminal de Buses Rurales Vega Techada,Tryar,,,Tamarugal,Hogar Universidad de Concepción,143,140,168,726,86,349,0.75,6.7,36,demo,9.5,8.8,7.3,8.2
https://example.invalid/demo/02570,Unihue,,,,,,6330,,,,,,0.52,0.0,33,demo,9.5,7.2,7.0,7.2
https://example.invalid/demo/02620,El Arenal,Escuela Básica Libertad E 492,,Hospital Las Higueras,Lider,Universidad Católica de la Santísima Concepción Talcahuano,752,321,138,1040,729,1048,0.72,6.5,32,demo,9.5,8.2,7.0,7.7
https://example.invalid/demo/02707,Hospital Las Higueras,Colegio San Cristóbal,,Instituto de Seguridad del Trabajo de Talcahuano,Acuenta,Universidad Católica de la Santísima Concepción Talcahuano,1016,123,215,272,118,1357,0.71,8.2,38,demo,9.5,9.5,9.5,9.5
https://example.invalid/demo/02363,Juan Pablo II,Colegio Santísima Trinidad,,Ex Clínica Universitaria San Pedro,Unimarc,INACAP San Pedro de la Paz,2004,382,147,1176,370,3302,0.77,4.5,35,demo,9.5,8.7,8.7,8.7
https://example.invalid/demo/00889,,Mozatschule Concepción,,SAMU,Colun,Universidad de Concepción,768,309,344,687,1021,73,0.7,8.3,30,demo,9.5,9.5,9.5,9.5
https://example.invalid/demo/00025,,,,,,,,,,,,,0.77,5.8,35,demo,9.5,8.0,7.2,7.7
https://example.invalid/demo/03010,,Escuela Especial de Lenguaje Tierra de Niños,Plaza de Bellavista,CESFAM/ SAPU Bellavista,Acuenta,,1469,690,843,692,1489,,0.88,7.7,33,demo,9.5,9.5,8.7,9.5
https://example.invalid/demo/02755,El Arenal,Colegio Remodelación Simons,,Filial Cruz Roja Talcahuano,Lider,Instituto Profesional ESUCOMEX Talcahuano,1279,625,232,1199,538,1064,0.65,5.7,31,demo,9.5,8.7,8.0,8.3
https://example.invalid/demo/02380,Juan Pablo II,Escuela de Lenguaje Llacolén,Plaza San Pedro Histórico,Ex Clínica Universitaria San Pedro,Santa Isabel,AIEP,1130,497,490,558,555,3114,0.62,5.8,34,demo,9.5,8.5,7.2,8.2
https://example.invalid/demo/00494,Chiguayante,Escuela José Hipólito Salas y Toro,Plaza Cochrane,Cruz Roja Filial Chiguayante,Santa Isabel,,667,502,264,799,548,,0.75,2.8,28,demo,9.5,6.2,5.8,5.8
https://example.invalid/demo/02606,Hospital Las Higueras,Colegio Remodelación Simons,,Filial Cruz Roja Talcahuano,Lider,Universidad Católica de la Santísima Concepción Talcahuano,1546,1151,766,1553,1102,1305,0.8,6.5,35,demo,9.5,9.2,7.7,8.3
https://example.invalid/demo/00044,Pedro Medina,Colegio de Lenguaje Senderos de BioBio,,Policlínico Chiguayante,Super Ganga,,247,74,245,804,575,,0.78,5.5,36,demo,9.5,9.5,8.0,9.5
https://example.invalid/demo/01171,,Colegio España,,SAMU,Colun,Instituto IPG Concepción,1005,118,329,145,304,354,0.83,5.0,29,demo,9.5,8.3,5.8,6.7
https://example.invalid/demo/02518,Juan Pablo II,Colegio El Arrayán,,Ex Clínica Universitaria San Pedro,Santa Isabel,Univesidad Santo Tomás Concepción,957,424,290,184,404,3473,0.58,5.2,36,demo,9.5,5.5,5.2,5.2
https://example.invalid/demo/00540,Estación de buses Turbus,Colegio John F. Kennedy,,Cruz Roja Filial Chiguayante,Supermercado Monika,,1348,1037,1250,1238,1347,,0.78,5.7,37,demo,9.5,9.5,8.8,9.5
https://example.invalid/demo/00293,Chiguayante,Escuela Especial de Lenguaje Altos de Chiguayante,,Cruz Roja Filial Chiguayante,Supermercado Monika,,336,132,52,564,389,,0.87,7.2,30,demo,9.5,9.5,8.5,9.5
https://example.invalid/demo/00944,Terminal de Buses 63 Rengo Lientur,Escuela de Lenguaje Letritas,,CESFAM Santa Sabina,SuperBodega aCuenta,Universidad San Sebastián,1334,231,92,402,391,1593,0.65,7.3,34,demo,9.5,9.5,9.5,9.5
https://example.invalid/demo/01834,Terminal de Buses Rurales Vega Techada,Escuela de Lenguaje Almagro,,CESFAM NORORIENTE Los Ángeles,Super Ganga,Hogar Universidad de Concepción,593,250,204,510,192,633,0.74,6.8,34,demo,9.5,9.5,8.3,8.5
https://example.invalid/demo/02814,Hospital Las Higueras,Colegio Remodelación Simons,,Filial Cruz Roja Talcahuano,Lider,Instituto Profesional ESUCOMEX Talcahuano,1689,978,622,1319,1007,1413,0.67,8.3,30,demo,9.5,8.8,8.8,8.8
https://example.invalid/demo/00816,Terminal de Buses 63 Rengo Lientur,Escuela Parvularia Blanca Estela,,CESFAM Tucapel,Minimarket Xiomara,Universidad San Sebastián,1120,343,455,372,359,708,0.71,6.5,38,demo,9.5,9.3,9.3,9.3
https://example.invalid/demo/01479,Universidad Técnica Federico Santa María,Escuela Especial de Lenguaje Semillita,,Clínica Mutual de Seguridad CCHC,Alvi,Universidad Técnica Federico Santa María,828,332,198,1304,599,642,0.81,7.8,31,demo,9.5,9.5,8.7,9.5
https://example.invalid/demo/01857,Terminal Santa Rita,Escuela de Lenguaje Palabras Magicas,Parque Central Avenida Vicuña Mackenna,Consultorio,Supermercado Unico,Instituto Santo Tomás,1390,17,233,384,509,743,0.59,6.5,27,demo,9.5,7.5,7.0,7.2
https://example.invalid/demo/01710,Terminal de Buses Rurales Vega Techada,Liceo Don Orione,,CESFAM Norte,Super Ganga,Instituto AIEP,1193,444,93,935,815,1236,0.56,6.7,34,demo,9.5,7.7,7.7,7.7
https://example.invalid/demo/02754,Hospital Las Higueras,Colegio Talcahuano,,Hospital Las Higueras,Supermercado Ganga,Universidad Católica de la Santísima Concepción Talcahuano,620,521,477,886,383,277,0.56,4.7,32,demo,9.5,5.3,5.0,5.2
https://example.invalid/demo/00092,Manquimávida,Colegio Madre Paulina,,CESFAM Pinares,Unimarc,,569,718,103,1234,806,,0.67,5.3,33,demo,9.5,5.5,5.5,5.5
https://example.invalid/demo/02308,Juan Pablo II,Deutsche Schule Concepción,,Ex Clínica Universitaria San Pedro,Unimarc,INACAP San Pedro de la Paz,1609,165,465,751,335,3610,0.76,2.8,34,demo,9.5,2.8,2.8,2.8
https://example.invalid/demo/03088,,Liceo Comercial de Tomé,Plazoleta Calle Las Lilas,Hospital de Tomé,Unimarc,,3270,76,189,268,502,,0.64,7.5,36,demo,9.5,9.5,8.8,9.5
https://example.invalid/demo/01906,Lirquén,Escuela Penco,Plazoleta Miraflores,CESFAM Penco,Maro,,3472,699,800,937,910,,0.79,1.5,34,demo,9.5,8.0,2.3,7.5
https://example.invalid/demo/01758,Terminal Santa Rita,Colegio Santo Tomas de Aquino,Parque Rotonda Bosque Nativo,Complejo Asistencial Doctor Víctor Ríos Ruiz,Super Pan,,1347,252,239,714,922,835,0.79,8.2,34,demo,9.5,9.5,9.5,9.5
https://example.invalid/demo/01682,Terminal de Buses Islajacoop,Escuela D-868 General Bernardo O'Higgins (ex n° 1),Plaza Libertador Bernardo O'Higgins,Hospital Mutual de Seguridad de Los Ángeles ACHS,Unimarc,Instituto AIEP,311,292,353,327,171,308,0.81,2.2,36,demo,9.5,8.5,7.5,8.5
https://example.invalid/demo/02822,El Arenal,Colegio Remodelación Simons,,Hospital Las Higueras,Lider,Universidad Católica de la Santísima Concepción Talcahuano,1061,664,243,1261,304,791,0.68,5.3,31,demo,9.5,8.5,6.0,6.5
https://example.invalid/demo/02319,Juan Pablo II,Deutsche Schule Concepción,,Ex Clínica Universitaria San Pedro,Unimarc,INACAP San Pedro de la Paz,1657,204,425,799,333,3626,0.81,2.0,31,demo,9.5,4.3,2.3,3.2
https://example.invalid/demo/03038,,Escuela Mariano Egaña,Plaza Recreativa Dagnino,CESFAM Alberto Reyes,Unimarc,,4408,425,610,1122,1851,,0.7,7.3,37,demo,9.5,9.5,9.5,9.5
https://example.invalid/demo/00774,,Escuela F-560 Luis Muñoz Burboa,Parque Metropolitano Cerro Caracol,Clínica dental: Radio Dent,Emporio Agrícola,Centro Mandala,722,312,236,928,1148,536,0.77,6.8,35,demo,9.5,9.5,9.3,9.5
https://example.invalid/demo/01057,,Colegio San Agustín,,Inmunomédica,Supermercado Versluys,Instituto Janequeo,396,152,91,134,252,71,0.79,1.7,28,demo,9.5,7.0,2.5,6.3
https://example.invalid/demo/00271,Estación de buses Turbus,Colegio John F. Kennedy,Plaza Manuel Rodríguez,Cruz Roja Filial Chiguayante,Supermercado Monika,,272,194,357,277,280,,0.59,7.5,32,demo,9.5,9.5,9.5,9.5
https://example.invalid/demo/02575,Hospital Las Higueras,Liceo La Asunción,,Hospital Las Higueras,Supermercado Ganga,Universidad Católica de la Santísima Concepción Talcahuano,1243,515,599,666,1306,1321,0.76,5.3,34,demo,9.5,9.5,9.3,9.5
https://example.invalid/demo/02661,Hospital Las Higueras,Colegio Talcahuano,,Hospital Las Higueras,Supermercado Ganga,Universidad Católica de la Santísima Concepción Talcahuano,745,631,496,1053,518,429,0.81,1.3,31,demo,9.5,9.0,1.8,4.7
https://example.invalid/demo/00562,Pedro Medina,Colegio de Lenguaje Senderos de BioBio,,Policlínico Chiguayante,Unimarc,,418,268,467,1060,736,,0.72,4.5,32,demo,9.5,8.5,5.7,8.0
https://example.invalid/demo/02536,Juan Pablo II,Deutsche Schule Concepción,,Ex Clínica Universitaria San Pedro,Santa Isabel,Instituto Profesional Virginio Gómez,1864,1087,370,1266,1305,2693,0.6,7.7,35,demo,9.5,9.0,8.2,8.5
https://example.invalid/demo/01545,Terminal Santa Rita,Escuela E-922 Arturo Alessandri Palma,,CESFAM Villa los Ríos,,,3398,165,54,235,1450,2887,0.71,6.3,38,demo,9.5,9.5,9.5,9.5
https://example.invalid/demo/00394,Pedro Medina,Colegio Aurora de Chile Sur,,CESFAM Pinares,Lider,,649,654,315,1106,614,,0.76,5.5,37,demo,9.5,8.8,8.8,8.8
https://example.invalid/demo/02925,,Escuela República De Panamá,Plaza Arturo Prat,CESFAM/ SAPU Bellavista,Mayorista 10,,2142,331,927,1107,633,,0.66,8.2,38,demo,9.5,9.0,8.7,9.0
https://example.invalid/demo/01972,Terminal de buses Pedro de Valdivia,Colegio Concepción,,Clínica de la mujer - Sanatorio Alemán,Señora Teresa,Instituto Profesional Virginio Gómez,3028,1758,471,2453,2207,3427,0.82,6.2,33,demo,9.5,9.5,9.3,9.5
https://example.invalid/demo/00675,Pedro Medina,Colegio de Lenguaje Senderos de BioBio,,Policlínico Chiguayante,Unimarc,,873,731,867,1524,1162,,0.72,4.7,32,demo,9.5,5.5,5.2,5.3
https://example.invalid/demo/01360,Universidad Técnica Federico Santa María,Jardín Infantil Jugando Aprendo,,CESFAM Talcahuano Sur,Bodega Acuenta,Universidad Técnica Federico Santa María,1333,65,17,847,326,1190,0.72,3.8,40,demo,9.5,8.3,5.8,8.3
https://example.invalid/demo/00340,Manquimávida,Instituto de Humanidades José Manuel Santos,,CESFAM Pinares,Santa Isabel,,888,168,103,1167,124,,0.73,8.7,33,demo,9.5,9.5,9.5,9.5
https://example.invalid/demo/01332,Universidad Técnica Federico Santa María,Colegio Parque Central,,Clínica Mutual de Seguridad CCHC,Alvi,Universidad Técnica Federico Santa María,726,397,243,1344,529,540,0.85,5.3,33,demo,9.5,8.8,8.0,8.8
https://example.invalid/demo/00656,Manquimávida,Colegio Aurora de Chile Sur,,CESFAM Pinares,Unimarc,,770,338,140,787,345,,0.61,6.0,31,demo,9.5,8.0,7.7,7.8
https://example.invalid/demo/02962,,Escuela Básica Ignacio Serrano Montaner,Plazoleta Calle Las Lilas,Hospital de Tomé,Unimarc,,3703,228,339,561,929,,0.69,8.2,32,demo,9.5,9.5,9.5,9.5
https://example.invalid/demo/01674,Terminal Santa Rita,Colegio Beato Damian de Molokai,,CESFAM/ SAPU Paillihue,Supermercado Unico,Instituto Santo Tomás,2983,650,393,1797,1220,2384,0.66,8.8,35,demo,9.5,9.5,9.5,9.5
https://example.invalid/demo/00112,Manquimávida,Colegio Madre Paulina,,CESFAM Pinares,Lider,,2189,2193,2007,3289,2838,,0.62,8.0,34,demo,9.5,9.5,9.3,9.5
https://example.invalid/demo/02493,Juan Pablo II,Deutsche Schule Concepción,,Ex Clínica Universitaria San Pedro,Unimarc,AIEP,1360,488,549,615,772,3253,0.79,4.7,33,demo,9.5,5.7,4.7,4.8
https://example.invalid/demo/02373,Juan Pablo II,Escuela Especial de Lenguaje Campanella,Plaza Municipalidad San Pedro de la Paz,Ex Clínica Universitaria San Pedro,Supermercado Super Ganga,INACAP San Pedro de la Paz,736,150,114,983,333,2567,0.73,4.5,33,demo,9.5,5.5,5.2,5.2
https://example.invalid/demo/01580,Terminal Santa Rita,Colegio María Inmaculada de Los Ángeles,,CESFAM/ SAPU Paillihue,Supermercado Unico,Universidad y CFT de Los Lagos,1898,152,177,969,281,1445,0.85,5.2,33,demo,9.5,9.2,7.8,8.7
https://example.invalid/demo/00589,Pedro Medina,Colegio John F. Kennedy,,Cruz Roja Filial Chiguayante,Supermercado Monika,,1116,930,756,1118,1153,,0.78,3.8,37,demo,9.5,7.7,5.5,6.7
https://example.invalid/demo/00173,Estación de buses Turbus,Colegio Chileno Árabe,Plaza de Armas de Chiguayante,Cruz Roja Filial Chiguayante,Supermercado Mey,,1005,269,266,769,769,,0.71,5.8,31,demo,9.5,9.3,6.8,7.3
https://example.invalid/demo/02686,Terminal de buses Mi Expreso,Liceo Bicentenario Anita Serrano Sepúlveda,,Filial Cruz Roja Talcahuano,,Instituto Profesional ESUCOMEX Talcahuano,550,301,562,588,523,370,0.7,2.5,33,demo,9.5,5.2,3.3,5.2
https://example.invalid/demo/00561,Pedro Medina,Colegio de Lenguaje Senderos de BioBio,,Policlínico Chiguayante,Unimarc,,186,55,271,749,526,,0.73,4.0,37,demo,9.5,5.7,4.8,5.5
https://example.invalid/demo/01831,Terminal Santa Rita,Liceo Santa Rita,Alameda,Clínica Adventista,Jumbo,Instituto Santo Tomás,904,41,63,210,191,118,0.57,5.5,28,demo,9.5,8.0,6.7,7.2
https://example.invalid/demo/02465,Juan Pablo II,Colegio Santísima Trinidad,,Ex Clínica Universitaria San Pedro,Rincón del Valle - Minimarket,INACAP San Pedro de la Paz,1868,815,654,1435,1134,2123,0.66,7.3,41,demo,9.5,9.5,9.2,9.5
https://example.invalid/demo/00615,Pedro Medina,Colegio de Lenguaje Senderos de BioBio,,Policlínico Chiguayante,Unimarc,,201,47,268,768,543,,0.74,0.0,38,demo,9.5,6.5,5.7,6.5
https://example.invalid/demo/00522,Chiguayante,Escuela José Hipólito Salas y Toro,Plaza Cochrane,Cruz Roja Filial Chiguayante,Supermercado Monika,,413,459,373,558,464,,0.74,8.0,38,demo,9.5,9.5,8.8,9.5
https://example.invalid/demo/00376,Estación de buses Turbus,Colegio John F. Kennedy,,Cruz Roja Filial Chiguayante,Supermercado Monika,,1246,923,1240,1122,1241,,0.7,4.8,37,demo,9.5,7.2,6.3,6.5
https://example.invalid/demo/02110,Concepción,Escuela Mixta República de Ecuador,,CESFAM Pedro de Valdivia (Concepción),Jumbo,Instituto Profesional Virginio Gómez,2281,1451,907,1425,1366,2101,0.63,2.0,30,demo,9.5,9.5,9.5,9.5
https://example.invalid/demo/00860,,Escuela Mixta República de Ecuador,,Clínica de la mujer - Sanatorio Alemán,Señora Teresa,Centro Mandala,1889,754,431,837,550,1704,0.63,6.8,30,demo,9.5,9.5,9.5,9.5
https://example.invalid/demo/02729,Hospital Las Higueras,Colegio Espíritu Santo,Plaza Villa Oceanía,Instituto de Seguridad del Trabajo de Talcahuano,Acuenta,Universidad Católica de la Santísima Concepción Talcahuano,686,219,112,235,423,1049,0.69,0.8,35,demo,9.5,9.5,8.0,8.5
https://example.invalid/demo/01176,Buses Delsal,Colegio San Agustín,,Inmunomédica,Santa Isabel,Instituto Janequeo,593,259,138,139,121,211,0.69,3.8,32,demo,9.5,6.8,4.7,5.3
https://example.invalid/demo/01865,Terminal Santa Rita,Liceo Alemán,Plaza Pinto,Consultorio,Supermercado Unico,Instituto Santo Tomás,1253,100,223,274,555,674,0.71,5.3,28,demo,9.5,9.5,7.7,9.5
https://example.invalid/demo/00054,Pedro Medina,Colegio de Lenguaje Senderos de BioBio,,Cruz Roja Filial Chiguayante,Super Ganga,,942,758,614,1189,1085,,0.74,2.8,35,demo,9.5,5.0,3.5,3.8
https://example.invalid/demo/01216,Conquistador,Escuela Juan Gregorio Las Heras,,Indimed,Mayorista 10,Casa Central Universidad Catolica de la Santisima Concepción,199,252,308,776,414,777,0.71,1.7,28,demo,9.5,2.8,2.0,2.8
https://example.invalid/demo/01102,,Escuela Biobío,Parque Ecuador,Medyks,Supermercado Versluys,Universidad de las Américas,572,93,265,118,281,71,0.65,5.8,34,demo,9.5,9.5,9.3,9.5
https://example.invalid/demo/02015,Concepción,Escuela Particular Santa Catalina de Siena,Parque Costanera,Centro de Salud Familiar Juan Soto Fernández,Tottus,AIEP,1396,1317,902,1161,1321,1596,0.6,4.5,35,demo,9.5,9.5,9.3,9.5
https://example.invalid/demo/01952,Lirquén,Colegio A-Lafken,,CESFAM Penco,Provisiones Eugenio,,3342,236,242,536,128,,0.79,6.0,38,demo,9.5,8.8,7.8,8.5
https://example.invalid/demo/02855,Hospital Las Higueras,Colegio Talcahuano,,Hospital Las Higueras,Supermercado Ganga,Universidad Católica de la Santísima Concepción Talcahuano,206,147,211,631,35,159,0.62,6.8,32,demo,9.5,7.5,7.5,7.5
https://example.invalid/demo/01546,Terminal de Buses Rurales Vega Techada,Colegio PROACAP,,Hospital Mutual de Seguridad de Los Ángeles ACHS,Unimarc,Instituto AIEP,457,205,545,631,230,567,0.75,4.2,32,demo,9.5,7.5,5.2,6.8
https://example.invalid/demo/01357,Terminal de colectivos 21,Escuela de Lenguaje Peumayen,Parque Grecia,CESFAM Hualpencillo,Supermercado G y G,CEDUC UCN Hualpén,818,91,338,783,333,1479,0.74,7.8,35,demo,9.5,9.5,8.7,9.5
https://example.invalid/demo/00243,Pedro Medina,Colegio John F. Kennedy,,Cruz Roja Filial Chiguayante,Supermercado Monika,,1587,1394,1296,1595,1671,,0.83,5.8,36,demo,9.5,9.5,9.2,9.5
https://example.invalid/demo/00124,Estación de buses Turbus,Colegio John F. Kennedy,,Cruz Roja Filial Chiguayante,Supermercado Monika,,1336,1016,1286,1215,1332,,0.79,3.2,34,demo,9.5,3.8,3.8,3.8
https://example.invalid/demo/01027,Estación Intermodal Concepción,Jardin infantil y Sala Cuna Tirita de Papel,,Clínica Dental,Super Ganga,AIEP,410,230,279,110,286,37,0.71,0.3,35,demo,9.5,9.5,9.2,9.5
https://example.invalid/demo/01556,Terminal de Buses Rurales Vega Techada,Escuela D-934 Thomas Jefferson (ex n° 10),,CESFAM Norte,Super Ganga,Instituto AIEP,1424,621,315,1079,1029,1468,0.7,6.3,33,demo,9.5,9.5,8.0,9.3
https://example.invalid/demo/01108,,Colegio Einstein Concepcion,Plaza Perú,Centro Clínico Docente en Oftalmología,Santa Isabel,Federación de Estudiantes Universidad de Concepción,445,156,147,321,469,154,0.65,5.3,31,demo,9.5,7.3,5.7,6.3
https://example.invalid/demo/00457,Pedro Medina,Colegio de Lenguaje Senderos de BioBio,,Cruz Roja Filial Chiguayante,Super Ganga,,1080,894,781,1306,1256,,0.76,7.3,33,demo,9.5,8.3,7.7,8.0
https://example.invalid/demo/01320,Universidad Técnica Federico Santa María,Jardín Infantil Jugando Aprendo,,CESFAM Talcahuano Sur,Bodega Acuenta,Universidad Técnica Federico Santa María,1385,40,66,807,318,1244,0.7,6.7,33,demo,9.5,8.0,7.7,7.7
https://example.invalid/demo/00959,,Colegio The Auckland School.,Plaza Perú,Cardimed,Santa Isabel,Preuniversitarios Cpech,660,192,202,13,287,205,0.75,4.0,28,demo,9.5,7.7,6.3,7.5
https://example.invalid/demo/01977,Costa Mar,Saint John's School,Plaza de Juegos,Ex Clínica Universitaria San Pedro,Ok Market,INACAP San Pedro de la Paz,1530,1277,1022,2264,1362,1467,0.64,6.3,33,demo,9.5,9.5,9.5,9.5
https://example.invalid/demo/02415,Juan Pablo II,Deutsche Schule Concepción,,Ex Clínica Universitaria San Pedro,Unimarc,INACAP San Pedro de la Paz,1336,276,260,510,319,3209,0.66,6.0,32,demo,9.5,7.7,6.3,7.7
https://example.invalid/demo/00346,Estación de buses Turbus,Colegio Chileno Árabe,,Cruz Roja Filial Chiguayante,Unimarc,,2100,1032,893,1861,1377,,0.69,6.3,36,demo,9.5,9.5,9.5,9.5
https://example.invalid/demo/01550,Terminal de Buses Islajacoop,Colegio Juan Pablo II,,CESFAM Norte,Supermercado Acuenta,Inacap Los Ángeles,1813,164,206,523,384,1219,0.72,4.0,36,demo,9.5,4.8,4.8,4.8
https://example.invalid/demo/00713,Terminal de Buses 63 Rengo Lientur,Colegio Técnico Profesional Los Acacios,Plaza La Virgen,Centro Medico Universidad San Sebastián,Mayorista Super Ganga,Universidad San Sebastián,687,209,148,428,503,264,0.5,4.7,36,demo,9.5,6.8,5.0,5.8
https://example.invalid/demo/00682,Buses Delsal,Escuela Juan Gregorio Las Heras,,Centro Médico Obstétrico y Ginecológico,Andretta,Preuniversitarios Cpech,391,103,107,617,524,584,0.65,5.5,34,demo,9.5,8.3,6.8,7.8
https://example.invalid/demo/01413,Lorenzo Arenas,Colegio Cristóbal Colón,,Sanatorio Alemán,Alvi,Universidad Técnica Federico Santa María,1535,201,74,462,48,1500,0.77,8.3,31,demo,9.5,9.5,9.0,9.5
https://example.invalid/demo/01924,Lirquén,Escuela Penco,Plazoleta Miraflores,CESFAM Penco,Maro,,3216,423,424,549,527,,0.76,7.8,29,demo,9.5,9.5,9.0,9.5
https://example.invalid/demo/02009,Juan Pablo II,Deutsche Schule Concepción,,Ex Clínica Universitaria San Pedro,Unimarc,Instituto Profesional Virginio Gómez,2848,1639,905,2099,1728,3049,0.73,4.3,33,demo,9.5,9.5,9.5,9.5
https://example.invalid/demo/00798,Terminal de líneas a Tomé,Escuela de Lenguaje Cicel,,Centro Integral para el Adulto Mayor Lorenzo Arenas,Supermercado Unihue,Colegio Bautista de Concepción,582,477,335,846,521,1073,0.68,7.5,37,demo,9.5,9.5,9.5,9.5
https://example.invalid/demo/02092,Juan Pablo II,Colegio Andes Waldorf,Plaza Los Huertos,CESFAM San Pedro de La Paz,Bio Pan,INACAP San Pedro de la Paz,831,123,341,1342,196,3023,0.66,7.8,35,demo,9.5,8.8,8.3,8.5
https://example.invalid/demo/02587,Hospital Las Higueras,Escuela Santa Clara,Plaza Albert Olbrecht,Instituto de Seguridad del Trabajo de Talcahuano,Acuenta,Universidad Católica de la Santísima Concepción Talcahuano,1180,426,63,721,552,1433,0.61,6.7,36,demo,9.5,9.2,9.2,9.2
https://example.invalid/demo/01101,Terminal de Buses Jota Ewert,Escuela Especial de Lenguaje Pequeños Amigos,Bandejón central Manuel Rodriguez,CITSALUD,Supermercado Unihue,Colegio Bautista de Concepción,110,286,54,1053,529,463,0.76,8.0,29,demo,9.5,9.5,9.5,9.5
https://example.invalid/demo/01445,Universidad Técnica Federico Santa María,Escuela Especial de Lenguaje Semillita,,Sanatorio Alemán,Bodega Acuenta,Universidad Técnica Federico Santa María,1166,155,147,977,448,972,0.7,4.0,30,demo,9.5,8.0,7.2,7.7
https://example.invalid/demo/02753,Hospital Las Higueras,Escuela de Lenguaje Inalaf,,Instituto de Seguridad del Trabajo de Talcahuano,Supermercado Ganga,Universidad Católica de la Santísima Concepción Talcahuano,334,131,235,490,531,656,0.78,1.2,32,demo,9.5,9.5,9.2,9.5
https://example.invalid/demo/00723,Terminal de Buses Collao,Escuela Especial de Lenguaje Matilda,,CESFAM Villa Nonguén,Il Patrone,Universidad del Bío-Bío,1282,590,251,1258,850,815,0.62,8.2,29,demo,9.5,8.7,8.5,8.7
https://example.invalid/demo/02153,Juan Pablo II,Saint John's School,,Ex Clínica Universitaria San Pedro,Unimarc,INACAP San Pedro de la Paz,4065,1895,1287,3215,2413,4595,0.63,7.2,30,demo,9.5,9.5,9.3,9.5
https://example.invalid/demo/01415,Universidad Técnica Federico Santa María,Liceo Pedro del Rio Zañartu,Plaza Arturo Prat,CESFAM Hualpencillo,Alvi,CEDUC UCN Hualpén,1011,175,282,977,550,939,0.71,5.5,38,demo,9.5,9.5,7.2,9.2
https://example.invalid/demo/00361,Pedro Medina,Colegio San Patricio,,Policlínico Chiguayante,Santa Isabel,,679,95,297,249,147,,0.71,8.7,45,demo,9.5,9.5,9.2,9.5
https://example.invalid/demo/01249,Estación Intermodal Coronel,Escuela de Lenguaje Farolito Dorado,,CESFAM Yobilo,Unimarc,,1810,976,904,1130,1727,2506,0.81,6.2,32,demo,9.5,8.3,6.8,7.5
https://example.invalid/demo/00726,Estación Intermodal Concepción,Liceo de Niñas,,Clínica Dental San Martín,Alimentos del Pedregal,Universidad Católica de la Santísima Concepción Campus Santo Domingo,639,190,296,141,230,109,0.72,2.5,36,demo,9.5,4.7,3.3,3.7
https://example.invalid/demo/03089,,Escuela Lisa Enriqueta Peter Teubner,Parque Villa Nuevo Tomé,Hospital de Tomé,Acuenta,,2981,231,1082,1284,1307,,0.89,7.2,35,demo,9.5,9.5,9.5,9.5
https://example.invalid/demo/01558,Terminal de Buses Rurales Vega Techada,Escuela Diferencial Alen,,CESFAM Norte,Supermercado Acuenta,Centro Integral de Educación Tecnológica Curamávida,1957,274,280,833,1052,1089,0.54,7.3,28,demo,9.5,9.5,9.5,9.5
https://example.invalid/demo/01031,,Colegio San Agustín,Plaza Perú,Centro Clínico Docente en Oftalmología,Santa Isabel,Universidad Bolivariana,505,230,270,84,82,53,0.65,1.3,34,demo,9.5,5.5,1.3,2.0
https://example.invalid/demo/00775,,Colegio España,Plaza San Juan Bosco,SAMU,Colun,Universidad del Desarrollo,1153,229,324,286,207,268,0.57,6.0,30,demo,9.5,7.2,7.2,7.2
https://example.invalid/demo/00238,Estación de buses Turbus,Colegio Pacific School,Plaza de Armas de Chiguayante,Cruz Roja Filial Chiguayante,Supermercado Mey,,1173,768,938,968,1105,,0.61,5.8,31,demo,9.5,9.5,9.3,9.5
https://example.invalid/demo/01242,Laguna Quiñenco,Escuela Particular Genaro Ríos Campos,,CESFAM Yobilo,pelado,Centro de Estudios e Inclusión Laboral Biocor,1947,642,492,1341,1681,2817,0.74,7.0,34,demo,9.5,9.5,8.7,9.5
https://example.invalid/demo/01020,Estación Intermodal Concepción,Liceo de Niñas,,Clínica Dental San Martín,Alimentos del Pedregal,Instituto Profesional AIEP,693,205,194,133,219,161,0.66,5.2,32,demo,9.5,9.2,7.0,8.8
https://example.invalid/demo/02933,,Escuela República De Panamá,Paseo Lisa Peters T.,CESFAM/ SAPU Bellavista,Mayorista 10,,2308,904,994,1379,963,,0.73,6.2,37,demo,9.5,9.3,9.3,9.3
https://example.invalid/demo/00840,,Especial España,Parque Ecuador,Clínica dental: Radio Dent,Unimarc,Instituto Profesional Virginio Gómez,1050,445,511,532,601,763,0.64,6.3,33,demo,9.5,9.5,9.3,9.5
https://example.invalid/demo/01561,Terminal Santa Rita,Escuela de Lenguaje Juan Pablo II,,CESFAM/ SAPU Paillihue,Super 13,,2106,162,255,436,35,1614,0.71,8.7,38,demo,9.5,9.5,9.5,9.5
https://example.invalid/demo/03100,,Escuela República De Panamá,Paseo Lisa Peters T.,Hospital de Tomé,Mayorista 10,,2458,597,626,1137,405,,0.56,6.7,34,demo,9.5,9.5,7.0,9.5
https://example.invalid/demo/02761,Hospital Las Higueras,Centro Laboral Polivalente Alonkura,,Hospital Las Higueras,Supermercado Ganga,Universidad Católica de la Santísima Concepción Talcahuano,478,55,259,228,438,433,0.71,6.0,24,demo,9.5,8.2,7.2,7.5
https://example.invalid/demo/01904,Lirquén,Escuela Jorge Montt,plaza los lapices,Centro de diálisis Nephrocare,Acuenta,,1553,611,118,1133,875,,0.66,7.8,32,demo,9.5,9.5,9.5,9.5
https://example.invalid/demo/01309,,,,,,,,,,,,,0.53,7.2,34,demo,9.5,9.2,8.2,8.3
https://example.invalid/demo/01535,Terminal de Buses Rurales Vega Techada,Escuela D-886 Colonia Árabe (ex n° 97),,CESFAM Norte,Super Ganga,Instituto AIEP,1186,437,267,717,869,1107,0.65,8.5,37,demo,9.5,9.5,9.5,9.5
https://example.invalid/demo/00034,,,,,,,,,,,,,0.62,7.2,29,demo,9.5,9.5,9.2,9.5
https://example.invalid/demo/00884,Concepción,Colegio Alonso de Ercilla,Áreas verdes Esmeralda,CESFAM Pedro de Valdivia (Concepción),Super Ganga,Instituto Profesional Virginio Gómez,1066,289,379,345,441,583,0.68,1.3,34,demo,9.5,9.5,9.3,9.5
https://example.invalid/demo/00773,,Liceo Polivalente Experimental Lucila Godoy Alcayaga,Parque Ecuador,Clínica Odontológica Advance,Emporio Agrícola,Universidad de las Américas Concepcion,746,107,141,48,135,197,0.71,2.3,35,demo,9.5,2.8,2.3,2.5
https://example.invalid/demo/02134,Alborada,Liceo Mauricio Hochschild del CEAT,Plaza de Juegos,Ex Clínica Universitaria San Pedro,Ok Market,INACAP San Pedro de la Paz,1625,970,530,1888,857,1520,0.68,2.2,38,demo,9.5,9.5,9.2,9.5
https://example.invalid/demo/01828,Terminal Santa Rita,Escuela Especial F-905 Esperanza,Plaza Libertador Bernardo O'Higgins,Bío-Bío Salud,Lider,Universidad Católica de la Santísima Concepción Los Ángeles,528,92,123,122,258,159,0.7,2.7,37,demo,9.5,8.2,2.8,3.3
https://example.invalid/demo/01235,Estación Intermodal Coronel,Liceo de Coronel A-49 Coronel Antonio Salamanca,Plaza Juan Canut de Bon,Centro kinésico Coronel,Unimarc,,515,299,254,458,338,732,0.75,6.8,40,demo,9.5,8.5,8.0,8.0
https://example.invalid/demo/01001,Conquistador,Escuela Particular Santa Emilia,Patio Ingles,Centro Medico Universidad San Sebastián,Andretta,Universidad San Sebastián,983,146,84,45,276,209,0.77,5.7,35,demo,9.5,9.5,7.3,9.5
https://example.invalid/demo/02537,Juan Pablo II,Deutsche Schule Concepción,,Ex Clínica Universitaria San Pedro,Santa Isabel,AIEP,1560,863,682,957,994,2869,0.8,7.8,35,demo,9.5,9.5,9.3,9.5
https://example.invalid/demo/00127,Estación de buses Turbus,Colegio Pacific School,,Cruz Roja Filial Chiguayante,Supermercado Mey,,1751,1367,1465,1563,1709,,0.71,8.2,28,demo,9.5,9.5,9.5,9.5
https://example.invalid/demo/03048,,Escuela Margarita Naseau,Paseo Lisa Peters T.,Hospital de Tomé,Unimarc,,3394,882,869,1579,1272,,0.71,2.8,35,demo,9.5,9.5,9.5,9.5
https://example.invalid/demo/01379,Universidad Técnica Federico Santa María,Escuela de Lenguaje Santa Leonor,,CESFAM Hualpencillo,"SuperMercado ""Sacarllet""",CEDUC UCN Hualpén,444,182,239,1721,922,482,0.79,3.5,33,demo,9.5,9.5,9.5,9.5
https://example.invalid/demo/01911,Lirquén,Preuniversitarío Municipal,,CESFAM Penco,Gabito,,3314,272,161,480,73,,0.76,7.0,37,demo,9.5,9.5,8.5,9.0
https://example.invalid/demo/02046,Juan Pablo II,Colegio Santísima Trinidad,,Ex Clínica Universitaria San Pedro,Unimarc,INACAP San Pedro de la Paz,2060,829,502,1584,1249,2125,0.62,7.8,32,demo,9.5,9.5,9.5,9.5
https://example.invalid/demo/00484,Estación de buses Turbus,Colegio John F. Kennedy,Plaza Manuel Rodríguez,Cruz Roja Filial Chiguayante,Supermercado Monika,,780,434,858,628,766,,0.62,1.0,29,demo,9.5,8.7,6.8,8.2
https://example.invalid/demo/02374,Juan Pablo II,Escuela Miguel José Zañartu Santa María E-653,,Ex Clínica Universitaria San Pedro,Unimarc,INACAP San Pedro de la Paz,1238,355,128,799,879,2565,0.76,3.8,29,demo,9.5,9.5,9.5,9.5
https://example.invalid/demo/01587,Terminal Tur Bus,Colegio San Gabriel Arcángel,Plaza Villa El Avellano,CESFAM NORORIENTE Los Ángeles,Mayorista,Hogar Universidad de Concepción,670,718,235,1087,624,2067,0.77,7.2,39,demo,9.5,9.5,9.5,9.5
https://example.invalid/demo/02418,Juan Pablo II,Deutsche Schule Concepción,,Ex Clínica Universitaria San Pedro,Unimarc,Instituto Profesional Virginio Gómez,1917,556,558,1086,664,3476,0.72,8.0,29,demo,9.5,9.5,9.5,9.5
https://example.invalid/demo/03061,,Escuela República De Panamá,Plaza Arturo Prat,CESFAM/ SAPU Bellavista,Acuenta,,2189,306,863,1149,559,,0.73,5.3,33,demo,9.5,7.8,7.8,7.8
https://example.invalid/demo/02759,El Arenal,Jardin Infantil Barquito de Papel,,Filial Cruz Roja Talcahuano,Lider,Instituto Profesional ESUCOMEX Talcahuano,559,311,260,1063,223,520,0.69,7.2,36,demo,9.5,7.8,7.5,7.8
https://example.invalid/demo/00236,Chiguayante,Liceo Chiguayante,,Policlínico Chiguayante,Santa Isabel,,825,353,97,654,617,,0.76,8.7,29,demo,9.5,9.5,9.5,9.5
https://example.invalid/demo/02042,Concepción,Escuela Especial Chile España,,CESFAM Pedro de Valdivia (Concepción),Jumbo,Instituto Profesional Virginio Gómez,1859,1244,921,1154,1267,1714,0.74,4.8,31,demo,9.5,9.5,9.3,9.5
https://example.invalid/demo/01979,Juan Pablo II,Escuela Especial de Lenguaje Campanella,Plaza Pases de Negrete,Ex Clínica Universitaria San Pedro,Verluys,INACAP San Pedro de la Paz,615,239,95,640,603,2823,0.58,4.3,33,demo,9.5,4.8,4.7,4.7
https://example.invalid/demo/01754,Terminal Santa Rita,Escuela de Lenguaje Millaray,,Consultorio,Lider Express,Instituto Santo Tomás,1600,252,238,604,511,868,0.77,3.5,30,demo,9.5,9.5,8.7,9.5
https://example.invalid/demo/02370,Juan Pablo II,Deutsche Schule Concepción,,Ex Clínica Universitaria San Pedro,Unimarc,INACAP San Pedro de la Paz,1158,361,95,328,494,3228,0.71,6.5,42,demo,9.5,7.8,7.8,7.8
https://example.invalid/demo/01719,Terminal Santa Rita,Escuela de Lenguaje Alto Los Ángeles,,CESFAM/ SAPU 2 de Septiembre,Lider Express,Inacap Los Ángeles,1566,81,285,554,418,748,0.74,6.0,31,demo,9.5,8.8,7.3,8.5
https://example.invalid/demo/03079,,Escuela Básica Ignacio Serrano Montaner,Plazoleta Calle Las Lilas,Hospital de Tomé,Unimarc,,3777,421,576,810,1047,,0.66,5.2,32,demo,9.5,9.5,9.3,9.5
https://example.invalid/demo/02829,Hospital Las Higueras,Escuela de Lenguaje Santa Catalina,,Hospital Las Higueras,Supermercado Ganga,Universidad Católica de la Santísima Concepción Talcahuano,741,67,192,541,575,481,0.78,4.0,36,demo,9.5,8.7,7.0,7.5
https://example.invalid/demo/00071,Pedro Medina,Colegio de Lenguaje Senderos de BioBio,,Policlínico Chiguayante,Super Ganga,,400,243,110,843,567,,0.73,4.7,37,demo,9.5,7.0,6.0,7.0
https://example.invalid/demo/02150,Juan Pablo II,,Parque Violeta Parra,CESFAM San Pedro de La Paz,Bio Pan,INACAP San Pedro de la Paz,1708,1073,527,1760,925,3753,0.81,6.3,36,demo,9.5,9.5,9.5,9.5
https://example.invalid/demo/01810,Terminal Rodoviario Los Ángeles,Escuela D-934 Thomas Jefferson (ex n° 10),,CESFAM Norte,Super Ganga,Instituto AIEP,1636,844,397,1284,1338,1766,0.76,5.5,34,demo,9.5,7.3,6.0,6.3
https://example.invalid/demo/01731,Terminal de Buses Islajacoop,Colegio Juan Pablo II,,CESFAM Norte,Supermercado Acuenta,Centro Integral de Educación Tecnológica Curamávida,2001,201,6,718,401,1168,0.7,5.7,37,demo,9.5,9.5,7.7,9.5
https://example.invalid/demo/00911,Conquistador,Instituto Comercial,,CITSALUD,Super Ganga,Colegio Bautista de Concepción,551,22,133,511,131,272,0.66,2.5,38,demo,9.5,8.5,4.5,5.0
https://example.invalid/demo/02218,Juan Pablo II,Saint John's School,,Ex Clínica Universitaria San Pedro,Unimarc,INACAP San Pedro de la Paz,2624,813,386,1804,997,3437,0.73,7.0,37,demo,9.5,9.5,9.3,9.5
https://example.invalid/demo/02266,Juan Pablo II,Deutsche Schule Concepción,,Ex Clínica Universitaria San Pedro,Unimarc,Instituto Profesional Virginio Gómez,2142,1034,537,1414,1203,2979,0.82,6.2,28,demo,9.5,8.3,7.0,7.8
https://example.invalid/demo/01271,Estación Intermodal Coronel,Colegio Jorge Rojas,Plaza Jorge Rojas Miranda,Centro kinésico Coronel,Santa Isabel,,677,382,634,678,646,1596,0.64,0.0,33,demo,9.5,0.0,0.0,0.0
https://example.invalid/demo/00598,Pedro Medina,Centro de Nivelación y de Capacitación para Adultos Madre María Nys,Plaza Pedro Medina,Policlínico Chiguayante,Unimarc,,233,127,102,496,160,,0.51,3.8,35,demo,9.5,7.2,4.8,5.5
https://example.invalid/demo/00300,Estación de buses Turbus,Colegio John F. Kennedy,Plaza Manuel Rodríguez,Cruz Roja Filial Chiguayante,Supermercado Monika,,876,572,960,774,874,,0.69,6.2,39,demo,9.5,9.5,8.3,9.5
https://example.invalid/demo/00153,Estación de buses Turbus,Colegio Chileno Árabe,,Cruz Roja Filial Chiguayante,Unimarc,,3362,2753,2709,3171,3237,,0.82,5.8,34,demo,9.5,9.5,9.3,9.5
https://example.invalid/demo/00417,Pedro Medina,Centros de Educación Integrada de Adultos (CEIA) INDUSCAP,Parque Rivera Biobío,Policlínico Chiguayante,Super Ganga,,1769,1077,688,1159,1459,,0.73,8.3,37,demo,9.5,9.5,9.3,9.5
https://example.invalid/demo/01223,Concepción,Escuela de Lenguaje Palabritas,,Centro de Salud Familiar Juan Soto Fernández,Tottus,Univesidad Santo Tomás Concepción,508,351,217,141,311,582,0.69,6.5,36,demo,9.5,9.5,9.5,9.5
https://example.invalid/demo/02392,Juan Pablo II,Escuela de Lenguaje Llacolén,Plaza San Pedro Histórico,Ex Clínica Universitaria San Pedro,Santa Isabel,Univesidad Santo Tomás Concepción,995,264,314,685,495,2926,0.8,4.8,30,demo,9.5,8.8,6.2,7.2
https://example.invalid/demo/01709,Terminal Santa Rita,Escuela Diferencial Ángelitos,,CESFAM/ SAPU 2 de Septiembre,Lider Express,Inacap Los Ángeles,1592,202,275,361,588,546,0.7,3.2,37,demo,9.5,7.3,6.8,7.0
https://example.invalid/demo/02352,Juan Pablo II,Escuela Luis Alberto Acevedo,Plaza Lota,Ex Clínica Universitaria San Pedro,Santa Isabel,Univesidad Santo Tomás Concepción,544,101,133,546,164,3194,0.68,0.8,34,demo,9.5,3.8,1.3,3.3
https://example.invalid/demo/01894,Lirquén,Escuela de Lenguaje San Nicolás,,Centro de diálisis Nephrocare,Bigger,,2668,63,188,99,103,,0.59,7.8,29,demo,9.5,8.5,8.2,8.2
https://example.invalid/demo/03044,,Escuela Margarita Naseau,Paseo Lisa Peters T.,Hospital de Tomé,Mayorista 10,,2622,1001,936,1683,1066,,0.76,8.7,38,demo,9.5,9.5,9.5,9.5
https://example.invalid/demo/02997,,Escuela de Lenguaje Campanita,Parque Agustín Dagnino,Hospital de Tomé,Acuenta,,3340,304,598,939,1225,,0.74,4.7,38,demo,9.5,6.2,5.7,5.8
https://example.invalid/demo/01662,Terminal Santa Rita,Escuela de Lenguaje Juan Pablo II,Parque Condominio Bosque Nativo,CESFAM/ SAPU Paillihue,Super Pan,,1694,335,171,489,301,1193,0.71,6.2,28,demo,9.5,7.0,6.3,6.7
https://example.invalid/demo/03021,,Escuela de Lenguaje Amanecer,Plaza Recreativa Dagnino,CESFAM Alberto Reyes,Unimarc,,4533,465,777,904,1906,,0.69,7.8,36,demo,9.5,9.5,9.5,9.5
https://example.invalid/demo/01403,Universidad Técnica Federico Santa María,Colegio Adventista,,CESFAM Talcahuano Sur,Alvi,Universidad Técnica Federico Santa María,783,217,99,1132,272,701,0.74,2.5,27,demo,9.5,6.2,4.2,5.7
https://example.invalid/demo/01045,Buses Delsal,Colegio San Pedro Nolasco,,Inmunomédica,Santa Isabel,Instituto Janequeo,483,223,248,242,40,317,0.69,5.7,29,demo,9.5,6.3,5.7,5.7
https://example.invalid/demo/01066,Buses Delsal,República de Israel,,Clínica Ernesto Silva B.,Muelle Sur,Universidad del Desarrollo,1116,200,215,456,172,450,0.64,0.0,36,demo,9.5,9.5,8.8,9.5
https://example.invalid/demo/03117,,Escuela Básica y Adultos California,Plaza Arturo Prat,Hospital de Tomé,Acuenta,,2444,49,1182,1239,916,,0.63,8.2,35,demo,9.5,9.5,9.3,9.5
https://example.invalid/demo/01783,Terminal Santa Rita,Liceo Comercial B-64 Diego Portales Palazuelos,,Complejo Asistencial Doctor Víctor Ríos Ruiz,Lider,,650,140,58,136,268,197,0.7,5.3,37,demo,9.5,9.3,6.3,8.8
https://example.invalid/demo/02455,Juan Pablo II,Deutsche Schule Concepción,,Ex Clínica Universitaria San Pedro,Unimarc,Instituto Profesional Virginio Gómez,1809,502,621,989,661,3411,0.73,7.3,30,demo,9.5,9.5,8.7,9.5
https://example.invalid/demo/02120,Juan Pablo II,Escuela Luis Alberto Acevedo,Plaza Pedro Lira,Ex Clínica Universitaria San Pedro,Santa Isabel,Univesidad Santo Tomás Concepción,703,318,320,220,167,3436,0.6,0.0,30,demo,9.5,9.5,0.0,8.0
https://example.invalid/demo/02428,Juan Pablo II,Escuela de Lenguaje Llacolén,Plaza San Pedro Histórico,Ex Clínica Universitaria San Pedro,Santa Isabel,AIEP,1302,650,656,688,727,3048,0.71,4.8,28,demo,9.5,5.3,4.8,4.8
https://example.invalid/demo/00390,Pedro Medina,Colegio de Lenguaje Senderos de BioBio,,Policlínico Chiguayante,Lider,,1548,1431,1222,2215,1743,,0.62,8.8,32,demo,9.5,9.5,9.3,9.5
https://example.invalid/demo/01397,Universidad Técnica Federico Santa María,Centro Integral Los Aromos,,Clínica Mutual de Seguridad CCHC,Alvi,Universidad Técnica Federico Santa María,408,246,590,1620,909,401,0.77,7.7,30,demo,9.5,9.5,9.5,9.5
https://example.invalid/demo/02740,Hospital Las Higueras,Colegio Remodelación Simons,,Filial Cruz Roja Talcahuano,Lider,Universidad Católica de la Santísima Concepción Talcahuano,1487,1082,693,1516,1019,1235,0.82,5.3,33,demo,9.5,7.3,5.7,6.5
https://example.invalid/demo/00993,,Colegio San Agustín,,Indimed,Santa Isabel,Universidad Bolivariana,511,165,223,135,52,66,0.58,2.5,36,demo,9.5,3.0,2.7,2.8
https://example.invalid/demo/00029,,,,,,,,,,,,,0.79,4.2,34,demo,9.5,8.0,6.0,7.7
https://example.invalid/demo/01797,Terminal Santa Rita,Centro de Atención Infantil Tamborín,,Complejo Asistencial Doctor Víctor Ríos Ruiz,Super Pan,,1444,240,98,662,430,964,0.56,4.7,34,demo,9.5,9.5,4.8,9.5
https://example.invalid/demo/03140,,Escuela República De Panamá,Plaza Arturo Prat,Hospital de Tomé,Acuenta,,2368,383,686,1044,337,,0.62,4.8,29,demo,9.5,7.5,5.8,7.0
https://example.invalid/demo/02853,El Arenal,Colegio Remodelación Simons,,Filial Cruz Roja Talcahuano,Lider,Universidad Católica de la Santísima Concepción Talcahuano,1350,688,293,1237,608,1105,0.58,5.5,33,demo,9.5,8.3,7.8,8.0
https://example.invalid/demo/02623,El Arenal,Escuela Básica Libertad E 492,,Hospital Las Higueras,Lider,Instituto Profesional ESUCOMEX Talcahuano,661,431,201,1175,428,844,0.58,0.0,31,demo,9.5,1.7,1.0,1.2
https://example.invalid/demo/00660,Estación de buses Turbus,Colegio John F. Kennedy,,Cruz Roja Filial Chiguayante,Supermercado Monika,,2085,1767,1863,1966,2083,,0.58,0.0,31,demo,9.5,5.5,5.5,5.5
https://example.invalid/demo/02346,Juan Pablo II,Deutsche Schule Concepción,,Ex Clínica Universitaria San Pedro,Unimarc,Instituto Profesional Virginio Gómez,2186,742,455,1334,725,3700,0.8,7.5,30,demo,9.5,9.5,8.8,9.5
https://example.invalid/demo/02246,Juan Pablo II,Deutsche Schule Concepción,,Ex Clínica Universitaria San Pedro,Unimarc,Instituto Profesional Virginio Gómez,2409,1110,885,1613,1187,3288,0.75,4.8,32,demo,9.5,7.5,7.5,7.5
https://example.invalid/demo/01137,,Escuela Básica Común Hospital,Plaza de las Memorias y los Derechos Humanos,SAMU,Santa Isabel,Programa de Estudios sobre la Responsabilidad Social y Programa Talentos UdeC,637,265,147,269,603,293,0.48,7.3,31,demo,9.5,9.5,9.5,9.5
https://example.invalid/demo/02581,Hospital Las Higueras,Escuela Santa Clara,,Instituto de Seguridad del Trabajo de Talcahuano,Supermercado Ganga,Universidad Católica de la Santísima Concepción Talcahuano,689,239,445,791,745,831,0.66,8.5,35,demo,9.5,9.5,9.2,9.5
https://example.invalid/demo/01224,,Colegio San Agustín,,Inmunomédica,Supermercado Versluys,Instituto Janequeo,440,186,114,148,205,25,0.83,0.7,30,demo,9.5,5.0,1.3,4.8
https://example.invalid/demo/02827,Hospital Las Higueras,Escuela de Lenguaje Santa Catalina,,Hospital Las Higueras,Supermercado Ganga,Universidad Católica de la Santísima Concepción Talcahuano,627,60,147,439,481,406,0.74,4.5,34,demo,9.5,7.8,7.0,7.5
https://example.invalid/demo/02306,Juan Pablo II,Deutsche Schule Concepción,,Ex Clínica Universitaria San Pedro,Unimarc,INACAP San Pedro de la Paz,2347,877,368,1487,728,3784,0.71,5.5,34,demo,9.5,6.5,5.7,5.8
https://example.invalid/demo/01281,Estación Intermodal Coronel,Liceo de Coronel A-49 Coronel Antonio Salamanca,Plaza Juan Canut de Bon,Centro kinésico Coronel,Unimarc,,444,296,231,415,297,800,0.74,7.0,35,demo,9.5,9.5,9.3,9.5
https://example.invalid/demo/00618,Pedro Medina,Colegio de Lenguaje Senderos de BioBio,,Policlínico Chiguayante,Unimarc,,428,257,406,1044,761,,0.75,2.8,28,demo,9.5,6.8,3.3,5.2
https://example.invalid/demo/00463,Estación de buses Turbus,Colegio John F. Kennedy,Plaza Manuel Rodríguez,Cruz Roja Filial Chiguayante,Supermercado Monika,,415,160,499,340,413,,0.61,5.2,33,demo,9.5,9.5,7.3,8.0
https://example.invalid/demo/02462,Juan Pablo II,Deutsche Schule Concepción,,Ex Clínica Universitaria San Pedro,Unimarc,INACAP San Pedro de la Paz,1603,131,430,742,260,3538,0.75,4.5,32,demo,9.5,6.5,4.8,5.3
https://example.invalid/demo/02793,Hospital Las Higueras,Colegio Talcahuano,,Hospital Las Higueras,Lider,Universidad Católica de la Santísima Concepción Talcahuano,1128,997,728,1533,933,886,0.73,4.3,37,demo,9.5,6.5,5.2,5.3
https://example.invalid/demo/02413,Juan Pablo II,Deutsche Schule Concepción,,Ex Clínica Universitaria San Pedro,Unimarc,Instituto Profesional Virginio Gómez,2096,647,390,1242,635,3704,0.81,7.3,31,demo,9.5,9.5,9.5,9.5
https://example.invalid/demo/02948,,Escuela Básica y Adultos California,Plaza de Bellavista,CESFAM/ SAPU Bellavista,Acuenta,,1776,656,1105,911,1241,,0.7,8.0,30,demo,9.5,9.5,8.3,9.5
https://example.invalid/demo/01675,Terminal Santa Rita,Escuela F-907 República de Grecia,Plaza Libertador Bernardo O'Higgins,,Mayorista Alvi,Santo Tomás,157,321,364,358,99,244,0.72,0.5,39,demo,9.5,3.3,1.5,2.5
https://example.invalid/demo/00824,Terminal de líneas a Tomé,Colegio la Inmaculada Concepción,Bandejón central Manuel Rodriguez,Centro Integral del Adulto Mayor Juan Soto Fernández,Supermercado Unihue,Colegio Bautista de Concepción,29,408,90,1049,474,555,0.82,6.2,34,demo,9.5,6.8,6.5,6.5
https://example.invalid/demo/01697,Terminal Santa Rita,Escuela Especial Sol de Los Ángeles,,Complejo Asistencial Doctor Víctor Ríos Ruiz,Lider,,980,282,229,199,433,504,0.74,3.5,27,demo,9.5,7.3,6.7,6.7
https://example.invalid/demo/00195,Pedro Medina,Escuela Básica Bélgica,,Policlínico Chiguayante,Unimarc,,656,243,19,275,416,,0.76,5.8,33,demo,9.5,9.5,9.5,9.5
https://example.invalid/demo/00312,Manquimávida,Colegio Madre Paulina,,CESFAM Pinares,Lider,,1965,1992,1767,2957,2489,,0.69,5.8,39,demo,9.5,8.8,7.2,7.5
https://example.invalid/demo/00133,Pedro Medina,Colegio de Lenguaje Senderos de BioBio,,Cruz Roja Filial Chiguayante,Supermercado Monika,,1684,1502,1440,1829,1898,,0.53,3.2,36,demo,9.5,7.7,7.2,7.3
https://example.invalid/demo/02248,Juan Pablo II,Colegio Santísima Trinidad,,Ex Clínica Universitaria San Pedro,Unimarc,INACAP San Pedro de la Paz,1551,390,323,935,652,2663,0.77,3.3,30,demo,9.5,5.2,4.8,4.8
https://example.invalid/demo/00784,,Escuela F-560 Luis Muñoz Burboa,Parque Metropolitano Cerro Caracol,Clínica dental: Radio Dent,Emporio Agrícola,Centro Mandala,837,539,161,836,1056,736,0.68,7.5,31,demo,9.5,9.5,9.3,9.5
https://example.invalid/demo/02350,Concepción,Escuela de Lenguaje Llacolén,,Centro de Salud Familiar Juan Soto Fernández,Santa Isabel,AIEP,1702,1329,860,1514,1644,1850,0.77,6.7,31,demo,9.5,9.5,8.7,9.2
https://example.invalid/demo/02866,El Arenal,Colegio Remodelación Simons,,Filial Cruz Roja Talcahuano,Lider,Instituto Profesional ESUCOMEX Talcahuano,794,434,222,1169,23,729,0.63,5.2,30,demo,9.5,8.2,6.0,7.3
https://example.invalid/demo/00407,Pedro Medina,Colegio de Lenguaje Senderos de BioBio,,Cruz Roja Filial Chiguayante,Super Ganga,,1080,899,879,1563,1362,,0.72,8.5,36,demo,9.5,9.5,9.2,9.5
https://example.invalid/demo/01495,Universidad Técnica Federico Santa María,Centro Integral Los Aromos,,Clínica Biobío,Jumbo,INACAP Concepción / Talcahuano,773,553,755,1403,1216,205,0.53,7.2,30,demo,9.5,9.5,9.5,9.5
https://example.invalid/demo/00057,Estación de buses Turbus,Escuela Especial Centro de Capacitación e Integración Laboral Kries,,Cruz Roja Filial Chiguayante,Supermercado Mey,,829,631,149,844,655,,0.81,6.0,37,demo,9.5,8.3,7.2,8.2
https://example.invalid/demo/02526,El Parque,Saint John's School,,Ex Clínica Universitaria San Pedro,Unimarc,INACAP San Pedro de la Paz,3026,573,426,2549,1801,3150,0.75,5.7,32,demo,9.5,9.5,9.5,9.5
https://example.invalid/demo/02618,El Arenal,Escuela Básica Libertad E 492,,Hospital Las Higueras,Lider,Universidad Católica de la Santísima Concepción Talcahuano,997,278,63,836,947,992,0.69,7.0,32,demo,9.5,9.5,9.3,9.5
https://example.invalid/demo/00087,Manquimávida,Colegio Madre Paulina,,CESFAM Pinares,Santa Isabel,,1417,1402,1256,2682,2193,,0.52,8.0,27,demo,9.5,9.5,9.5,9.5
https://example.invalid/demo/02016,Juan Pablo II,Deutsche Schule Concepción,,Ex Clínica Universitaria San Pedro,Unimarc,Instituto Profesional Virginio Gómez,3365,1940,612,2524,1887,3940,0.69,7.0,32,demo,9.5,9.5,9.5,9.5
https://example.invalid/demo/00531,Estación de buses Turbus,Colegio John F. Kennedy,Plaza Manuel Rodríguez,Cruz Roja Filial Chiguayante,Supermercado Mey,,530,182,595,329,490,,0.68,8.0,25,demo,9.5,9.5,9.0,9.5
https://example.invalid/demo/01185,,Escuela F-560 Luis Muñoz Burboa,Parque Metropolitano Cerro Caracol,Medyks,Supermercado Versluys,Centro Mandala,514,216,278,827,999,359,0.67,5.3,39,demo,9.5,9.5,9.3,9.5
https://example.invalid/demo/00471,Estación de buses Turbus,Colegio Chileno Árabe,,Cruz Roja Filial Chiguayante,Unimarc,,1564,719,753,1329,1333,,0.59,6.8,32,demo,9.5,9.5,9.5,9.5
https://example.invalid/demo/01217,,Liceo Enrique Molina Garmendia,Parque Ecuador,Medyks,Supermercado Versluys,Universidad de las Américas,400,41,311,102,270,141,0.75,6.8,32,demo,9.5,8.8,7.8,8.3
https://example.invalid/demo/01284,Estación Intermodal Coronel,Escuela lenguaje exploradores del saber,Plazoleta Altos de Coronel,Hospital San José de Coronel,Unimarc,,1228,380,103,445,436,1238,0.7,7.8,30,demo,9.5,9.5,9.5,9.5
https://example.invalid/demo/01658,Terminal Santa Rita,Colegio San Pablo,Plaza Los Notros,Complejo Asistencial Doctor Víctor Ríos Ruiz,Unimarc,,617,260,62,503,370,162,0.68,0.2,31,demo,9.5,5.2,3.2,4.7
https://example.invalid/demo/01289,Estación Intermodal Coronel,Escuela República de Francia E–654(Municipal),Plazoleta Lautaro,Hospital San José de Coronel,Unimarc,,1319,177,298,299,396,665,0.69,8.8,35,demo,9.5,9.5,9.2,9.5
https://example.invalid/demo/01077,,Liceo de Niñas,,Clínica odontológica Andes,Supermercado Versluys,Instituto Superior de Comercio de Concepción (INSUCO),661,104,266,76,186,50,0.75,1.5,36,demo,9.5,7.3,4.3,7.0
https://example.invalid/demo/00752,Terminal de Buses Collao,Colegio San Nicolás,Abedules de Collao,Centro Clínico Militar,Santa Isabel,Universidad del Bío-Bío,61,151,356,503,329,1194,0.6,5.5,35,demo,9.5,9.5,9.2,9.5
https://example.invalid/demo/02700,Mercado,Escuela Dama Blanca,Plaza de Armas de Talcahuano,Filial Cruz Roja Talcahuano,Santa Isabel,Instituto Profesional ESUCOMEX Talcahuano,383,138,144,594,268,815,0.81,8.5,32,demo,9.5,9.5,9.0,9.5
https://example.invalid/demo/00016,,,,,,,,,,,,,0.66,5.2,32,demo,9.5,8.2,7.3,7.7
https://example.invalid/demo/00128,Chiguayante,Escuela Especial de Lenguaje Altos de Chiguayante,,Cruz Roja Filial Chiguayante,Supermercado Monika,,513,313,92,798,601,,0.76,6.0,38,demo,9.5,7.5,6.3,6.7
https://example.invalid/demo/02474,Juan Pablo II,Escuela de Lenguaje Llacolén,Plaza Bellavista,Ex Clínica Universitaria San Pedro,Santa Isabel,Univesidad Santo Tomás Concepción,1130,421,243,1013,757,2597,0.71,4.2,35,demo,9.5,5.5,5.5,5.5
https://example.invalid/demo/02197,Juan Pablo II,,Plaza Enrique Soro,Ex Clínica Universitaria San Pedro,Super Gangas,Instituto Santo Tomás,751,746,621,1431,719,2899,0.64,7.7,33,demo,9.5,9.5,8.5,9.5
https://example.invalid/demo/01079,Buses Delsal,Escuela Diferencial y Centro de Atencion Temprana Libertad,,Centro Médico Obstétrico y Ginecológico,Jumbo,Preuniversitarios Cpech,584,188,280,427,423,367,0.69,5.8,32,demo,9.5,7.5,6.7,7.2
https://example.invalid/demo/00188,Manquimávida,Escuela Manquimávida,,CESFAM Pinares,Santa Isabel,,511,361,99,1006,534,,0.67,4.0,33,demo,9.5,9.5,9.0,9.5
https://example.invalid/demo/01763,Terminal Santa Rita,Colegio San Pablo,,Complejo Asistencial Doctor Víctor Ríos Ruiz,Unimarc,,948,221,285,609,561,473,0.75,6.0,40,demo,9.5,9.5,8.0,9.5
https://example.invalid/demo/01148,Buses Delsal,República de Israel,Plaza Condell,Centro Medico Universidad San Sebastián,Muelle Sur,Universidad San Sebastián,1101,110,275,380,149,440,0.6,7.7,30,demo,9.5,9.5,8.7,9.5
https://example.invalid/demo/00081,Manquimávida,Colegio Licanray,,CESFAM Chiguayante,Acuenta,,703,263,65,1062,422,,0.77,3.0,31,demo,9.5,9.5,9.5,9.5
https://example.invalid/demo/00500,Pedro Medina,Colegio de Lenguaje Senderos de BioBio,,Policlínico Chiguayante,Unimarc,,1318,1166,1250,1956,1610,,0.64,1.8,33,demo,9.5,9.5,9.5,9.5
https://example.invalid/demo/01423,Universidad Técnica Federico Santa María,Escuela Especial de Lenguaje Villa Hermosa,,CESFAM Talcahuano Sur,Alvi,CEDUC UCN Hualpén,595,109,186,1319,62,535,0.68,4.5,34,demo,9.5,6.5,5.3,5.7
https://example.invalid/demo/00037,Pedro Medina,Escuela José Hipólito Salas y Toro,Plaza Cochrane,Policlínico Chiguayante,Santa Isabel,,592,388,98,715,379,,0.84,4.3,31,demo,9.5,8.3,6.8,7.3
https://example.invalid/demo/00610,Pedro Medina,Colegio de Lenguaje Senderos de BioBio,,Policlínico Chiguayante,Unimarc,,654,480,549,1256,984,,0.73,4.2,30,demo,9.5,7.8,6.5,7.2
https://example.invalid/demo/00273,Estación de buses Turbus,Colegio Chileno Árabe,,Cruz Roja Filial Chiguayante,Supermercado Mey,,2168,1799,1861,1993,2146,,0.89,8.3,35,demo,9.5,9.5,9.3,9.5
https://example.invalid/demo/01880,Estación de Buses Translota,Colegio Getsemaní de Lota,Plaza Carrera,CESFAM/ SAPU Doctor Juan Cartes Arias,Unimarc,,2943,246,853,742,1063,5529,0.84,4.0,38,demo,9.5,8.7,7.0,8.3
https://example.invalid/demo/00873,Buses Delsal,Escuela de Lenguaje Girasol,Plaza Condell,Centro Médico Obstétrico y Ginecológico,Alimentos del Pedregal,Preuniversitarios Cpech,820,61,514,321,376,218,0.76,8.2,34,demo,9.5,9.5,9.5,9.5
https://example.invalid/demo/00396,Manquimávida,Colegio Madre Paulina,,CESFAM Pinares,Santa Isabel,,922,918,759,2219,1697,,0.76,8.3,34,demo,9.5,9.5,9.5,9.5
https://example.invalid/demo/02784,El Arenal,Colegio Remodelación Simons,,Filial Cruz Roja Talcahuano,Lider,Instituto Profesional ESUCOMEX Talcahuano,1019,528,166,1235,240,905,0.55,4.7,29,demo,9.5,7.7,6.5,6.8
https://example.invalid/demo/03125,,Escuela Básica y Adultos California,Plaza Arturo Prat,Hospital de Tomé,Acuenta,,2271,346,970,1181,643,,0.73,0.0,33,demo,9.5,0.2,0.0,0.0
https://example.invalid/demo/00308,Estación de buses Turbus,Colegio John F. Kennedy,,Cruz Roja Filial Chiguayante,Santa Isabel,,783,690,446,837,781,,0.55,5.5,33,demo,9.5,8.8,5.8,7.2
https://example.invalid/demo/00351,Pedro Medina,Colegio de Lenguaje Senderos de BioBio,,Policlínico Chiguayante,Super Ganga,,693,507,438,1205,922,,0.68,1.8,34,demo,9.5,6.0,2.8,5.5
https://example.invalid/demo/01026,,Instituto de Humanidades Alfredo Silva Santiago,Parque Ecuador,Medyks,Supermercado Versluys,Centro Mandala,225,264,193,516,673,382,0.8,8.3,30,demo,9.5,9.5,9.0,9.5
https://example.invalid/demo/02876,,Escuela Básica y Adultos California,Plaza Arturo Prat,CESFAM/ SAPU Bellavista,Acuenta,,2248,413,1558,1428,1271,,0.69,7.2,29,demo,9.5,9.5,9.2,9.5
https://example.invalid/demo/03030,,Escuela República De Panamá,Plaza Arturo Prat,CESFAM/ SAPU Bellavista,Acuenta,,2137,363,1048,1131,706,,0.72,6.0,32,demo,9.5,8.7,6.3,7.5
https://example.invalid/demo/00596,Pedro Medina,Colegio de Lenguaje Senderos de BioBio,,Policlínico Chiguayante,Super Ganga,,556,371,383,1112,848,,0.72,1.5,32,demo,9.5,6.7,2.2,5.0
https://example.invalid/demo/02051,Juan Pablo II,Escuela de Lenguaje Llacolén,Plaza Bellavista,Ex Clínica Universitaria San Pedro,Super Gangas,Univesidad Santo Tomás Concepción,1597,932,644,1513,1255,2104,0.72,1.3,32,demo,9.5,9.5,8.8,9.5
https://example.invalid/demo/00720,,Escuela F-560 Luis Muñoz Burboa,Parque Metropolitano Cerro Caracol,Clínica dental: Radio Dent,Emporio Agrícola,Centro Mandala,568,417,117,673,892,534,0.58,6.7,33,demo,9.5,9.5,8.3,9.5
https://example.invalid/demo/00452,Estación de buses Turbus,Colegio Chileno Árabe,,Cruz Roja Filial Chiguayante,Supermercado Mey,,1614,1139,1231,1409,1541,,0.79,7.2,42,demo,9.5,9.0,7.8,8.8
https://example.invalid/demo/00412,Pedro Medina,Colegio de Lenguaje Senderos de BioBio,,Policlínico Chiguayante,Super Ganga,,388,203,254,935,683,,0.72,0.0,39,demo,9.5,6.7,4.2,4.8
https://example.invalid/demo/00565,Pedro Medina,Escuela José Hipólito Salas y Toro,Plaza Cochrane,Policlínico Chiguayante,Super Ganga,,496,368,124,604,291,,0.8,3.5,35,demo,9.5,8.0,6.2,7.8
https://example.invalid/demo/02404,Juan Pablo II,Escuela de Lenguaje Llacolén,Plaza Bellavista,Ex Clínica Universitaria San Pedro,Santa Isabel,Univesidad Santo Tomás Concepción,1325,625,393,1196,959,2416,0.75,7.2,32,demo,9.5,9.5,7.8,9.5
https://example.invalid/demo/01787,Terminal de Buses Rurales Vega Techada,Escuela D-886 Colonia Árabe (ex n° 97),,CESFAM Norte,Tottus,Instituto AIEP,1081,229,244,541,764,912,0.71,8.0,38,demo,9.5,9.5,9.5,9.5
https://example.invalid/demo/02601,Hospital Las Higueras,Colegio Remodelación Simons,Borde Costero El Morro,Filial Cruz Roja Talcahuano,Lider,Instituto Profesional ESUCOMEX Talcahuano,2223,1497,1182,1584,1613,1894,0.72,7.7,39,demo,9.5,9.5,9.2,9.5
https://example.invalid/demo/02585,Hospital Las Higueras,Escuela Santa Clara,,Instituto de Seguridad del Trabajo de Talcahuano,Supermercado Ganga,Universidad Católica de la Santísima Concepción Talcahuano,1395,817,419,1515,1355,1387,0.74,7.8,34,demo,9.5,9.5,9.2,9.5
https://example.invalid/demo/02987,,Liceo Comercial de Tomé,Plazoleta Calle Las Lilas,Hospital de Tomé,Unimarc,,3479,193,104,343,701,,0.7,5.3,33,demo,9.5,9.5,8.2,9.3
https://example.invalid/demo/00040,Pedro Medina,Centros de Educación Integrada de Adultos (CEIA) INDUSCAP,Parque Rivera Biobío,CESFAM Pinares,Unimarc,,1344,540,186,506,937,,0.53,4.5,38,demo,9.5,9.5,9.3,9.5
https://example.invalid/demo/01840,Terminal Santa Rita,Liceo Particular Carlos Condell,,CESFAM/ SAPU 2 de Septiembre,Lider Express,Inacap Los Ángeles,1796,200,413,309,143,868,0.74,3.8,34,demo,9.5,6.7,5.3,6.3
https://example.invalid/demo/02570,Unihue,,,,,,6330,,,,,,0.52,0.0,33,demo,9.5,7.2,7.0,7.2
https://example.invalid/demo/01870,Terminal de Buses Rurales Vega Techada,Colegio Aliwen,Plaza Pedro Lagos,Clínica Los Andes,Unimarc,Hogar Universidad de Concepción,673,154,251,281,70,400,0.76,5.0,34,demo,9.5,8.8,6.5,7.3
https://example.invalid/demo/01856,Terminal de Buses Islajacoop,Instituto Profesional Virginio Gómez Los Angeles,Parque Laguna Esmeralda,Centro Médico Central,Tottus,Instituto AIEP,804,74,401,297,302,249,0.69,2.7,35,demo,9.5,6.2,3.0,3.8
https://example.invalid/demo/01418,Universidad Técnica Federico Santa María,Centro Integral Los Aromos,,CESFAM Hualpencillo,Alvi,CEDUC UCN Hualpén,97,339,428,1542,454,36,0.75,3.7,32,demo,9.5,5.5,5.3,5.5
https://example.invalid/demo/01116,Buses Delsal,Liceo Andalién,Plaza Condell,Centro Medico Universidad San Sebastián,Andretta,Universidad San Sebastián,909,208,100,412,120,532,0.62,6.2,40,demo,9.5,7.3,6.3,6.8
https://example.invalid/demo/02602,Hospital Las Higueras,Escuela Santa Clara,,Instituto de Seguridad del Trabajo de Talcahuano,Supermercado Ganga,Universidad Católica de la Santísima Concepción Talcahuano,1574,1288,966,1936,1442,1419,0.62,7.0,34,demo,9.5,9.5,8.2,9.5
https://example.invalid/demo/01146,Buses Delsal,Colegio Metodista de Concepción,Plaza de la Independencia,Indimed,Alimentos del Pedregal,Casa Central Universidad Catolica de la Santisima Concepción,283,129,318,452,151,351,0.77,4.7,31,demo,9.5,6.3,5.3,5.7
https://example.invalid/demo/00838,Lorenzo Arenas,Escuela Diferencial Bao Bab,Plaza de la Abejita,Centro Kelluwün,Jumbo,Escuela de Suboficiales de Carabineros - Grupo Concepción,1419,762,795,794,470,2095,0.67,8.0,42,demo,9.5,9.5,9.5,9.5
https://example.invalid/demo/00619,Pedro Medina,Colegio de Lenguaje Senderos de BioBio,,Policlínico Chiguayante,Unimarc,,665,534,714,1324,950,,0.67,5.5,33,demo,9.5,9.0,6.8,7.3
https://example.invalid/demo/02142,Juan Pablo II,Saint John's School,,Ex Clínica Universitaria San Pedro,Unimarc,INACAP San Pedro de la Paz,3166,1177,516,2323,1515,3905,0.5,0.5,30,demo,9.5,1.7,1.5,1.5
https://example.invalid/demo/01433,Universidad Técnica Federico Santa María,Colegio Sagrados Corazones,,Sanatorio Alemán,Bodega Acuenta,Universidad Técnica Federico Santa María,1640,198,167,583,144,1475,0.62,4.7,34,demo,9.5,9.5,8.0,9.0
https://example.invalid/demo/02826,El Arenal,Escuela Básica Libertad E 492,,Hospital Las Higueras,Lider,Universidad Católica de la Santísima Concepción Talcahuano,890,296,236,987,476,771,0.59,7.3,32,demo,9.5,8.7,8.2,8.7
https://example.invalid/demo/00100,Pedro Medina,Colegio de Lenguaje Senderos de BioBio,,CESFAM Pinares,Lider,,996,967,439,1489,1018,,0.64,5.7,33,demo,9.5,8.5,7.3,8.0
https://example.invalid/demo/01128,Buses Delsal,Colegio San Pedro Nolasco,,Indimed,Santa Isabel,Universidad Bolivariana,524,174,301,187,145,300,0.74,4.0,38,demo,9.5,5.7,4.8,5.5
https://example.invalid/demo/00246,Pedro Medina,Colegio de Lenguaje Senderos de BioBio,,Policlínico Chiguayante,Lider,,1551,1407,1427,2199,1820,,0.59,6.3,34,demo,9.5,9.5,9.5,9.5
https://example.invalid/demo/01708,Terminal de Buses Islajacoop,Escuela E-885 Pedro Ruiz Aldea,,CESFAM Norte,Supermercado Acuenta,Inacap Los Ángeles,1362,136,250,473,442,558,0.81,4.2,43,demo,9.5,7.7,6.2,7.7
https://example.invalid/demo/01460,Universidad Técnica Federico Santa María,Escuela Especial de Lenguaje Semillita,,Sanatorio Alemán,Alvi,Universidad Técnica Federico Santa María,1366,257,306,835,449,1162,0.76,3.8,34,demo,9.5,9.5,7.5,9.5
https://example.invalid/demo/01999,Juan Pablo II,Colegio Santísima Trinidad,,Ex Clínica Universitaria San Pedro,Unimarc,INACAP San Pedro de la Paz,1766,61,314,1028,442,2909,0.77,5.7,31,demo,9.5,9.5,9.3,9.5
https://example.invalid/demo/02479,Juan Pablo II,Escuela de Lenguaje Aserrín Aserrán,,Ex Clínica Universitaria San Pedro,Verluys,INACAP San Pedro de la Paz,291,182,155,851,368,3002,0.75,7.7,36,demo,9.5,9.5,8.7,9.2
https://example.invalid/demo/00560,Pedro Medina,Colegio de Lenguaje Senderos de BioBio,,Policlínico Chiguayante,Unimarc,,1218,1056,1109,1837,1528,,0.68,5.5,37,demo,9.5,9.3,9.3,9.3
https://example.invalid/demo/02332,Juan Pablo II,Colegio El Arrayán,Plaza Pedro Lira,Ex Clínica Universitaria San Pedro,Santa Isabel,INACAP San Pedro de la Paz,564,258,167,299,189,3315,0.74,2.0,38,demo,9.5,7.2,2.2,6.5
https://example.invalid/demo/01562,Terminal Santa Rita,Escuela Básica Diferencial Arcoiris,,CESFAM/ SAPU 2 de Septiembre,Lider Express,Inacap Los Ángeles,4715,1505,1737,3032,2853,3849,0.79,2.8,39,demo,9.5,9.5,9.3,9.5
https://example.invalid/demo/02242,Juan Pablo II,Deutsche Schule Concepción,,Ex Clínica Universitaria San Pedro,Unimarc,Instituto Profesional Virginio Gómez,2322,882,565,1472,858,3701,0.62,3.0,32,demo,9.5,4.8,3.3,4.8
https://example.invalid/demo/00866,Terminal de líneas a Tomé,Colegio la Inmaculada Concepción,Bandejón central Manuel Rodríguez,Centro Integral del Adulto Mayor Juan Soto Fernández,Tottus,Colegio Bautista de Concepción,419,333,263,617,678,332,0.64,4.3,33,demo,9.5,9.5,7.7,8.8
https://example.invalid/demo/00198,Pedro Medina,Colegio de Lenguaje Senderos de BioBio,,Cruz Roja Filial Chiguayante,Supermercado Monika,,1877,1696,1642,2004,2082,,0.65,8.5,37,demo,9.5,9.3,9.3,9.3
https://example.invalid/demo/00227,Chiguayante,Escuela Especial de Lenguaje Altos de Chiguayante,Parque Los Castaños,Cruz Roja Filial Chiguayante,Supermercado Monika,,146,96,52,392,203,,0.82,1.7,33,demo,9.5,9.5,9.5,9.5
https://example.invalid/demo/01671,Terminal de Buses Rurales Vega Techada,Colegio Inglés Woodland,,CESFAM NORORIENTE Los Ángeles,Unimarc,Hogar Universidad de Concepción,875,238,232,458,198,673,0.81,7.3,32,demo,9.5,9.5,9.5,9.5
https://example.invalid/demo/00296,Chiguayante,Escuela Especial de Lenguaje Altos de Chiguayante,Parque Los Castaños,Cruz Roja Filial Chiguayante,Supermercado Monika,,255,335,291,504,342,,0.76,2.7,29,demo,9.5,7.2,2.8,6.7
https://example.invalid/demo/01097,Buses Delsal,Centro de Educación de Adultos Newentun,Plaza de la Independencia,CruzBlanca,Alimentos del Pedregal,Casa Central Universidad Catolica de la Santisima Concepción,447,246,139,356,191,154,0.8,4.8,35,demo,9.5,6.7,5.2,5.5
https://example.invalid/demo/01692,Terminal de Buses Rurales Vega Techada,Colegio San Nicolás,,CESFAM Norte,Super Ganga,Instituto AIEP,1397,564,387,789,1067,1295,0.7,5.5,30,demo,9.5,9.5,9.3,9.5
https://example.invalid/demo/00084,Manquimávida,Colegio Madre Paulina,,CESFAM Pinares,Lider,,803,933,247,1430,1023,,0.69,7.2,32,demo,9.5,8.7,7.8,8.2
https://example.invalid/demo/00834,,Liceo Polivalente Experimental Lucila Godoy Alcayaga,Parque Metropolitano Cerro Caracol,Clínica dental: Radio Dent,Emporio Agrícola,Universidad de las Américas,819,672,238,595,810,798,0.64,5.5,39,demo,9.5,8.0,6.8,7.3
https://example.invalid/demo/02734,Hospital Las Higueras,Centro Laboral Polivalente Alonkura,,Hospital Las Higueras,Supermercado Ganga,Universidad Católica de la Santísima Concepción Talcahuano,692,348,222,78,721,732,0.72,4.8,32,demo,9.5,9.3,7.7,9.3
https://example.invalid/demo/02723,Hospital Las Higueras,Escuela Santa Clara,Plaza Don Néstor,Instituto de Seguridad del Trabajo de Talcahuano,Acuenta,Universidad Católica de la Santísima Concepción Talcahuano,1302,463,121,1027,881,1481,0.72,6.8,32,demo,9.5,9.5,8.0,9.5
https://example.invalid/demo/01800,Terminal de Buses Islajacoop,Escuela D-868 General Bernardo O'Higgins (ex n° 1),Plaza Libertador Bernardo O'Higgins,Hospital Mutual de Seguridad de Los Ángeles ACHS,Tottus,Instituto AIEP,416,172,443,322,93,270,0.76,4.7,29,demo,9.5,8.3,6.2,6.3
https://example.invalid/demo/01142,,Liceo Enrique Molina Garmendia,Parque Metropolitano Cerro Caracol,Clínica dental: Radio Dent,Emporio Agrícola,Universidad de las Américas,549,506,218,512,732,609,0.63,8.5,35,demo,9.5,9.5,9.5,9.5
https://example.invalid/demo/01491,Universidad Técnica Federico Santa María,Colegio Parque Central,,Clínica Mutual de Seguridad CCHC,Lider,Universidad Técnica Federico Santa María,1340,397,393,566,594,1127,0.58,3.5,36,demo,9.5,9.5,7.8,8.7
https://example.invalid/demo/01155,,Instituto de Humanidades Alfredo Silva Santiago,Parque Ecuador,Centro Clínico Docente en Oftalmología,Supermercado Versluys,Departamento de Musica UdeC,60,203,108,511,636,280,0.69,0.0,32,demo,9.5,6.8,6.8,6.8
https://example.invalid/demo/02129,Juan Pablo II,Deutsche Schule Concepción,,Ex Clínica Universitaria San Pedro,Unimarc,Instituto Profesional Virginio Gómez,1851,428,422,1001,506,3610,0.7,4.2,33,demo,9.5,8.3,7.8,8.3
https://example.invalid/demo/01877,Estación de Buses Translota,Escuela Básica Konrad Adenauer E-686,Plaza Lota,Hospital de Lota,Supermercado aCuenta,,2187,87,572,374,365,6331,0.7,2.7,33,demo,9.5,4.8,3.7,4.3
https://example.invalid/demo/00741,,Liceo de Niñas,,Clínica odontológica Andes,Supermercado Versluys,Instituto Superior de Comercio de Concepción (INSUCO),730,34,259,55,237,99,0.79,4.5,38,demo,9.5,5.8,5.0,5.3
https://example.invalid/demo/02757,Hospital Las Higueras,Colegio Talcahuano,,Hospital Las Higueras,Supermercado Ganga,Universidad Católica de la Santísima Concepción Talcahuano,315,216,330,724,93,111,0.7,8.5,30,demo,9.5,9.2,9.2,9.2
https://example.invalid/demo/02969,,Escuela Básica y Adultos California,Plaza Arturo Prat,CESFAM/ SAPU Bellavista,Acuenta,,2247,353,1496,1404,1206,,0.66,7.2,29,demo,9.5,9.5,9.5,9.5
https://example.invalid/demo/00712,Conquistador,Liceo Andalién,Parque Las Tres Pascualas,Centro Medico Universidad San Sebastián,Lider Express,Universidad San Sebastián,787,204,160,247,244,405,0.84,6.0,31,demo,9.5,6.7,6.7,6.7
https://example.invalid/demo/03047,,Escuela Básica y Adultos California,Plaza Arturo Prat,Hospital de Tomé,Acuenta,,2357,168,1039,1175,742,,0.71,6.3,28,demo,9.5,9.0,7.7,8.5
https://example.invalid/demo/01618,Terminal Tur Bus,Colegio Teresiano Los Ángeles,,CESFAM NORORIENTE Los Ángeles,MundoBike,Centro Integral de Educación Tecnológica Curamávida,4664,3622,3511,4890,4532,4058,0.81,6.5,31,demo,9.5,9.5,9.2,9.5
https://example.invalid/demo/00384,Estación de buses Turbus,Colegio Chileno Árabe,Plaza de Armas de Chiguayante,Cruz Roja Filial Chiguayante,Supermercado Mey,,1127,514,618,890,966,,0.71,6.0,31,demo,9.5,9.5,9.3,9.5
https://example.invalid/demo/00722,Terminal de Buses 63 Rengo Lientur,Escuela Especial Play with Me,,CESFAM Santa Sabina,Casino,Universidad Católica de la Santísima Concepción Campus San Andrés,1604,38,402,964,367,399,0.61,7.8,31,demo,9.5,9.5,9.3,9.5
https://example.invalid/demo/01139,Conquistador,Escuela Particular Santa Emilia,Parque Las Tres Pascualas,Centro Medico Universidad San Sebastián,Lider Express,Universidad San Sebastián,904,236,121,145,198,292,0.75,6.7,36,demo,9.5,9.5,9.0,9.5
https://example.invalid/demo/01025,Conquistador,Colegio Gran Bretaña,,Centro Medico Universidad San Sebastián,Unimarc,Casa Central Universidad Catolica de la Santisima Concepción,258,169,402,846,325,853,0.76,3.8,29,demo,9.5,7.0,5.8,6.5
https://example.invalid/demo/00012,,,,,,,,,,,,,0.69,4.5,32,demo,9.5,6.2,5.0,5.7
https://example.invalid/demo/01525,Hualqui,Escuela D-600 Manuel Amat y Juniet,Plaza Hualqui,CESFAM Hualqui,Unimarc,,645,928,1085,1327,1435,,0.74,8.3,31,demo,9.5,9.2,8.7,8.7
https://example.invalid/demo/02828,El Arenal,Colegio Remodelación Simons,,Hospital Las Higueras,Lider,Universidad Católica de la Santísima Concepción Talcahuano,1079,659,274,1284,313,802,0.62,6.2,32,demo,9.5,7.7,6.5,7.0
https://example.invalid/demo/01289,Estación Intermodal Coronel,Escuela República de Francia E–654(Municipal),Plazoleta Lautaro,Hospital San José de Coronel,Unimarc,,1319,177,298,299,396,665,0.69,8.8,35,demo,9.5,9.5,9.2,9.5
https://example.invalid/demo/01512,Terminal de buses Las Galaxias,Christian College,Plaza Hualqui,CESFAM Hualqui,Unimarc,,698,87,386,239,297,,0.87,7.0,30,demo,9.5,7.7,7.3,7.7
https://example.invalid/demo/01047,Conquistador,Centro De Capacitación Laboral Urcae COALIVI,,Indimed,Mayorista 10,Casa Central Universidad Catolica de la Santisima Concepción,99,176,405,757,307,693,0.61,4.5,31,demo,9.5,7.8,5.5,6.7
https://example.invalid/demo/00847,Terminal de Buses 63 Rengo Lientur,Escuela Especial Play with Me,Plaza Lomas de San Andrés,CESFAM Santa Sabina,Casino,Universidad Católica de la Santísima Concepción Campus San Andrés,1707,255,589,766,536,552,0.86,7.8,35,demo,9.5,9.5,9.5,9.5
https://example.invalid/demo/00322,Manquimávida,Colegio Madre Paulina,,CESFAM Pinares,Unimarc,,507,661,145,1176,737,,0.7,3.5,30,demo,9.5,7.8,6.8,7.3
https://example.invalid/demo/01168,Terminal de Buses Jota Ewert,Liceo Rebeca Matte Bello,Bandejón central Manuel Rodriguez,CESFAM Tucapel,Unimarc,Colegio Bautista de Concepción,566,124,206,570,376,1035,0.68,0.0,34,demo,9.5,9.5,9.0,9.5
https://example.invalid/demo/01429,Universidad Técnica Federico Santa María,Escuela Artuto Prat Chacón,,CESFAM Hualpencillo,"SuperMercado ""Sacarllet""",CEDUC UCN Hualpén,629,356,68,1371,558,616,0.66,8.3,35,demo,9.5,9.5,9.3,9.5
https://example.invalid/demo/00708,Conquistador,República de Israel,Plaza Condell,Centro Medico Universidad San Sebastián,Andretta,Universidad San Sebastián,983,87,194,227,98,339,0.67,3.3,30,demo,9.5,7.5,5.2,6.8
https://example.invalid/demo/02339,Juan Pablo II,Deutsche Schule Concepción,,Ex Clínica Universitaria San Pedro,Santa Isabel,AIEP,1674,866,604,1035,1102,2882,0.74,4.5,38,demo,9.5,6.3,4.8,5.5
https://example.invalid/demo/03060,,Liceo República del Ecuador,Plaza Arturo Prat,Hospital de Tomé,Acuenta,,3114,20,440,312,519,,0.72,1.8,32,demo,9.5,5.2,5.2,5.2
https://example.invalid/demo/02499,Juan Pablo II,Colegio Santísima Trinidad,,Ex Clínica Universitaria San Pedro,Unimarc,INACAP San Pedro de la Paz,2086,523,164,1243,435,3438,0.78,0.0,37,demo,9.5,7.5,5.8,6.7
https://example.invalid/demo/02748,El Arenal,Escuela Básica Libertad E 492,,Hospital Las Higueras,Lider,Universidad Católica de la Santísima Concepción Talcahuano,815,241,104,972,712,966,0.68,7.3,25,demo,9.5,8.8,8.2,8.5
https://example.invalid/demo/01400,Universidad Técnica Federico Santa María,Colegio Alonkura,,CESFAM Talcahuano Sur,Alvi,Universidad Técnica Federico Santa María,1051,51,190,855,508,994,0.71,0.0,34,demo,9.5,7.8,0.0,7.5
https://example.invalid/demo/02050,Juan Pablo II,Escuela de Lenguaje Llacolén,Plaza Bellavista,Ex Clínica Universitaria San Pedro,Super Gangas,Univesidad Santo Tomás Concepción,851,439,200,1095,550,2664,0.68,3.0,31,demo,9.5,4.7,3.8,4.7
https://example.invalid/demo/01251,Estación Intermodal Coronel,Jardín Infantil Emanuel,Plaza 21 de Mayo,Centro kinésico Coronel,Unimarc,,310,185,140,300,194,892,0.75,4.8,32,demo,9.5,5.8,5.2,5.5
https://example.invalid/demo/00550,Pedro Medina,Colegio de Lenguaje Senderos de BioBio,,Policlínico Chiguayante,Unimarc,,382,327,602,1052,624,,0.71,5.8,31,demo,9.5,5.8,5.8,5.8
https://example.invalid/demo/01554,Terminal de Buses Islajacoop,Instituto Profesional Virginio Gómez Los Angeles,Parque Laguna Esmeralda,Centro Médico Central,Jumbo,Instituto AIEP,974,183,265,409,467,387,0.7,3.2,33,demo,9.5,5.7,4.5,5.0
https://example.invalid/demo/02824,Hospital Las Higueras,Escuela Básica Las Higueras,,Hospital Las Higueras,Supermercado Ganga,Universidad Católica de la Santísima Concepción Talcahuano,470,351,186,279,597,662,0.64,8.0,33,demo,9.5,9.5,9.2,9.5
https://example.invalid/demo/02124,Juan Pablo II,Deutsche Schule Concepción,,Ex Clínica Universitaria San Pedro,Unimarc,Instituto Profesional Virginio Gómez,3571,2141,509,2729,2080,4060,0.78,8.3,37,demo,9.5,9.5,9.3,9.5
https://example.invalid/demo/02107,Concepción,Colegio Santa Emilia De Concepción,,Clínica de la mujer - Sanatorio Alemán,Jumbo,Instituto Profesional Virginio Gómez,2591,1267,1212,1525,1359,2351,0.68,6.8,38,demo,9.5,9.5,9.0,9.5
https://example.invalid/demo/02683,El Arenal,Colegio San Vicente,,CESFAM San Vicente,Unimarc,Instituto Profesional ESUCOMEX Talcahuano,989,621,631,627,1061,1407,0.65,0.0,26,demo,9.5,9.5,9.5,9.5
https://example.invalid/demo/00123,Estación de buses Turbus,Colegio Concepción Chiguayante,,Cruz Roja Filial Chiguayante,Unimarc,,1699,351,207,1477,412,,0.53,7.7,32,demo,9.5,9.5,9.2,9.5
https://example.invalid/demo/00600,Pedro Medina,Colegio John F. Kennedy,,Cruz Roja Filial Chiguayante,Supermercado Monika,,1456,1259,1150,1459,1527,,0.91,6.7,33,demo,9.5,9.5,8.2,9.5
https://example.invalid/demo/01454,Universidad Técnica Federico Santa María,Jardín Infantil Jugando Aprendo,,Sanatorio Alemán,Bodega Acuenta,Universidad Técnica Federico Santa María,1261,175,110,953,312,1108,0.77,2.0,30,demo,9.5,3.2,2.2,2.7
https://example.invalid/demo/01055,Concepción,Escuela Particular Santa Catalina de Siena,,Diagnamet,Lider,AIEP,229,429,115,226,383,351,0.66,7.8,38,demo,9.5,9.5,9.0,9.5
https://example.invalid/demo/00908,Terminal de Buses 63 Rengo Lientur,Liceo Técnico Profesional La Araucana,,Clínica del Sur,SuperBodega aCuenta,Universidad San Sebastián,854,66,140,1103,1308,1630,0.76,7.5,38,demo,9.5,9.5,9.3,9.5
https://example.invalid/demo/01074,,Colegio La Providencia,Plaza Perú,Cardimed,Alimentos del Pedregal,Preuniversitarios Cpech,863,89,433,242,337,168,0.69,5.7,29,demo,9.5,8.3,6.0,7.0
https://example.invalid/demo/02577,Hospital Las Higueras,Escuela Santa Clara,Plaza Luisa Echavarria,Instituto de Seguridad del Trabajo de Talcahuano,Acuenta,Universidad Católica de la Santísima Concepción Talcahuano,1015,175,205,810,697,1204,0.53,7.3,30,demo,9.5,9.5,9.2,9.5
https://example.invalid/demo/01228,,Colegio República del Brasil,Plaza San Juan Bosco,Hospital Traumatológico de Concepción,Colun,Instituto IPG Concepción,1008,159,362,167,182,69,0.72,6.0,36,demo,9.5,9.5,8.7,9.3
https://example.invalid/demo/01973,Juan Pablo II,Escuela Miguel José Zañartu Santa María E-653,,Ex Clínica Universitaria San Pedro,Unimarc,INACAP San Pedro de la Paz,1514,644,361,1068,963,2370,0.74,4.7,35,demo,9.5,8.2,7.5,8.0
https://example.invalid/demo/01969,Lirquén,Funny School Penco,Plaza Los Conquistadores,UAPO,Don Chito,,3067,92,40,288,188,,0.69,4.2,36,demo,9.5,7.5,4.7,5.3
https://example.invalid/demo/02981,,Escuela República De Panamá,Plaza de Bellavista,CESFAM/ SAPU Bellavista,Acuenta,,1780,313,1015,767,972,,0.64,6.7,33,demo,9.5,9.5,9.3,9.5
https://example.invalid/demo/02582,Hospital Las Higueras,Escuela Básica Libertad E 492,,Hospital Las Higueras,Lider,Universidad Católica de la Santísima Concepción Talcahuano,969,245,242,857,581,635,0.59,3.2,34,demo,9.5,6.2,4.0,4.7
https://example.invalid/demo/00729,Conquistador,Centro De Capacitación Laboral Urcae COALIVI,Huerta Comunitaria C3,Indimed,Mayorista 10,Casa Central Universidad Catolica de la Santisima Concepción,90,121,349,792,240,666,0.67,5.7,30,demo,9.5,7.7,6.0,6.7
https://example.invalid/demo/00103,Pedro Medina,Escuela José Hipólito Salas y Toro,Plaza Cochrane,Policlínico Chiguayante,Santa Isabel,,672,410,147,789,435,,0.76,4.2,29,demo,9.5,6.5,4.3,4.7
https://example.invalid/demo/00717,Terminal de Buses 63 Rengo Lientur,Escuela Parvularia Blanca Estela,Bandejón central Manuel Rodríguez,CESFAM Tucapel,Minimarket Xiomara,Universidad San Sebastián,1209,291,411,352,280,675,0.78,5.5,37,demo,9.5,6.8,6.7,6.8
https://example.invalid/demo/02114,Juan Pablo II,,Plaza Enrique Soro,Ex Clínica Universitaria San Pedro,Bio Pan,Instituto Santo Tomás,1429,1174,965,2128,1280,2650,0.61,7.3,31,demo,9.5,9.5,9.3,9.5
https://example.invalid/demo/01595,Terminal Rodoviario Los Ángeles,Escuela D-934 Thomas Jefferson (ex n° 10),,CESFAM NORORIENTE Los Ángeles,Super Ganga,Hogar Universidad de Concepción,1146,447,152,902,1088,1628,0.56,5.8,36,demo,9.5,9.2,6.5,9.2
https://example.invalid/demo/00794,,Especial España,Parque Metropolitano Cerro Caracol,Torre 120 Años,Jumbo,Centro Mandala,961,717,303,730,943,933,0.67,6.3,30,demo,9.5,9.5,9.2,9.5
https://example.invalid/demo/01572,Terminal Santa Rita,Escuela F-900 República de Alemania,,Consultorio,Supermercado Unico,Instituto Santo Tomás,1956,377,226,1003,197,1391,0.59,6.5,37,demo,9.5,8.2,7.5,8.2
https://example.invalid/demo/01585,Terminal de Buses Rurales Vega Techada,Colegio Aliwen,Plaza Pedro Lagos,Clínica Los Andes,Unimarc,Hogar Universidad de Concepción,603,79,237,354,45,344,0.73,2.3,30,demo,9.5,5.0,3.8,4.3
https://example.invalid/demo/02961,,Liceo Comercial de Tomé,Plazoleta Calle Las Lilas,Hospital de Tomé,Unimarc,,3350,17,116,195,591,,0.6,4.5,30,demo,9.5,7.3,7.2,7.3
https://example.invalid/demo/01305,,,,,,,,,,,,,0.76,4.2,34,demo,9.5,7.7,5.5,7.3
https://example.invalid/demo/01931,Lirquén,Escuela Penco,Plazoleta Miraflores,CESFAM Penco,Gabito,,3496,596,723,882,829,,0.73,4.7,33,demo,9.5,7.5,6.5,6.7
https://example.invalid/demo/01569,Terminal Santa Rita,Escuela Especial F-905 Esperanza,Plaza Manuel Rodríguez,Bío-Bío Salud,Lider,Universidad y CFT de Los Lagos,615,205,117,242,335,56,0.58,3.2,33,demo,9.5,5.7,3.7,5.3
https://example.invalid/demo/00306,Pedro Medina,Colegio de Lenguaje Senderos de BioBio,,Policlínico Chiguayante,Lider,,838,758,704,1508,1006,,0.76,7.2,34,demo,9.5,9.2,8.5,8.8
https://example.invalid/demo/01948,Lirquén,Centro Educacional Alborada,,CESFAM Penco,Provisiones Eugenio,,3793,168,598,946,483,,0.78,3.5,36,demo,9.5,5.7,4.5,5.5
https://example.invalid/demo/01427,Universidad Técnica Federico Santa María,Escuela Especial de Lenguaje Villa Hermosa,,CESFAM Talcahuano Sur,Alvi,Universidad Técnica Federico Santa María,599,509,286,1425,353,445,0.89,3.3,36,demo,9.5,7.3,5.2,7.0
https://example.invalid/demo/00108,Pedro Medina,Colegio de Lenguaje Senderos de BioBio,,Cruz Roja Filial Chiguayante,Supermercado Monika,,2725,2556,2552,2933,3023,,0.8,6.0,35,demo,9.5,9.5,9.5,9.5
https://example.invalid/demo/01346,Terminal de colectivos 21,Preston School,,CESFAM Talcahuano Sur,Unimarc,CEDUC UCN Hualpén,930,578,451,1204,643,2950,0.73,1.0,41,demo,9.5,9.5,8.8,9.5
https://example.invalid/demo/02674,El Arenal,,Borde Costero El Morro,Filial Cruz Roja Talcahuano,Lider,Instituto Profesional ESUCOMEX Talcahuano,1704,928,658,933,1211,1305,0.61,6.8,33,demo,9.5,9.5,8.7,9.5
https://example.invalid/demo/02800,Hospital Las Higueras,Escuela de Lenguaje Santa Catalina,,Hospital Las Higueras,Supermercado Ganga,Universidad Católica de la Santísima Concepción Talcahuano,779,361,257,825,548,422,0.45,1.3,31,demo,9.5,1.8,1.5,1.7
https://example.invalid/demo/02508,Juan Pablo II,Escuela Luis Alberto Acevedo,Plaza San Pedro Histórico,Ex Clínica Universitaria San Pedro,Santa Isabel,Univesidad Santo Tomás Concepción,831,270,289,335,248,3275,0.68,4.5,34,demo,9.5,7.3,4.8,5.7
https://example.invalid/demo/01998,Diagonal Biobío,"Colegio Concepción San Pedro, campus Villa",,Ex Clínica Universitaria San Pedro,Pulpería Alemana,INACAP San Pedro de la Paz,1082,54,76,1304,345,2148,0.71,5.3,34,demo,9.5,9.5,9.3,9.5
https://example.invalid/demo/00578,Estación de buses Turbus,Colegio John F. Kennedy,,Cruz Roja Filial Chiguayante,Supermercado Monika,,1313,986,1308,1184,1307,,0.75,6.3,40,demo,9.5,7.5,6.8,7.2
https://example.invalid/demo/02466,Juan Pablo II,Escuela Luis Alberto Acevedo,Plaza San Pedro Histórico,Ex Clínica Universitaria San Pedro,Santa Isabel,Univesidad Santo Tomás Concepción,927,298,287,481,363,3133,0.77,3.7,35,demo,9.5,4.8,4.2,4.2
https://example.invalid/demo/00431,Manquimávida,Colegio Aurora de Chile Sur,,CESFAM Pinares,Lider,,809,660,145,1152,761,,0.55,6.0,31,demo,9.5,9.5,7.0,9.5
https://example.invalid/demo/02275,Juan Pablo II,Deutsche Schule Concepción,,Ex Clínica Universitaria San Pedro,Unimarc,INACAP San Pedro de la Paz,1824,352,251,963,320,3625,0.71,2.5,31,demo,9.5,2.5,2.5,2.5
https://example.invalid/demo/01062,Terminal de líneas a Tomé,Colegio la Inmaculada Concepción,Plaza Cruz,Centro Integral del Adulto Mayor Juan Soto Fernández,Super Ganga,Colegio Bautista de Concepción,408,265,273,641,660,263,0.68,6.7,31,demo,9.5,8.7,7.8,8.2
https://example.invalid/demo/00962,Buses Delsal,Escuela de Lenguaje Girasol,,Centro Médico Obstétrico y Ginecológico,Jumbo,Preuniversitarios Cpech,620,251,461,188,167,177,0.78,3.8,37,demo,9.5,5.2,5.0,5.2
https://example.invalid/demo/02385,Juan Pablo II,Deutsche Schule Concepción,,Ex Clínica Universitaria San Pedro,Unimarc,INACAP San Pedro de la Paz,1228,253,177,371,505,3458,0.62,2.3,34,demo,9.5,6.7,3.5,5.8
https://example.invalid/demo/00999,,Colegio Einstein Concepcion,Plaza Perú,Centro Clínico Docente en Oftalmología,Santa Isabel,Federación de Estudiantes Universidad de Concepción,388,98,122,154,308,75,0.89,4.3,35,demo,9.5,5.7,5.2,5.7
https://example.invalid/demo/02958,,Escuela Especial de Lenguaje Tierra de Niños,Plaza de Bellavista,CESFAM/ SAPU Bellavista,Acuenta,,1590,851,1001,859,1512,,0.75,7.5,32,demo,9.5,9.5,9.0,9.5
https://example.invalid/demo/02611,El Arenal,Escuela Básica Libertad E 492,,Hospital Las Higueras,Unimarc,Universidad Católica de la Santísima Concepción Talcahuano,1242,774,335,1042,1377,1416,0.79,5.8,28,demo,9.5,9.5,9.3,9.5
https://example.invalid/demo/01739,Terminal de Buses Rurales Vega Techada,Colegio PROACAP,,Hospital Mutual de Seguridad de Los Ángeles ACHS,Tamarugal,Hogar Universidad de Concepción,343,83,396,707,236,599,0.71,6.3,31,demo,9.5,9.3,8.7,8.8
https://example.invalid/demo/02546,Juan Pablo II,Deutsche Schule Concepción,,Ex Clínica Universitaria San Pedro,Unimarc,Instituto Profesional Virginio Gómez,1993,624,569,1161,712,3480,0.74,7.5,31,demo,9.5,9.5,9.2,9.5
https://example.invalid/demo/00359,Estación de buses Turbus,Colegio John F. Kennedy,Plaza Manuel Rodríguez,Cruz Roja Filial Chiguayante,Supermercado Monika,,591,247,669,445,577,,0.72,8.3,29,demo,9.5,9.5,9.5,9.5
https://example.invalid/demo/02044,Juan Pablo II,,Parque Violeta Parra,CESFAM San Pedro de La Paz,Bio Pan,INACAP San Pedro de la Paz,1159,526,110,1672,410,3528,0.74,8.2,35,demo,9.5,9.5,9.5,9.5
https://example.invalid/demo/02364,Concepción,Escuela de Lenguaje Llacolén,,Centro de Salud Familiar Juan Soto Fernández,Tottus,AIEP,1674,1320,914,1472,1620,1833,0.75,0.3,28,demo,9.5,7.2,6.0,6.5
https://example.invalid/demo/02917,,Escuela Básica y Adultos California,Parque Agustín Dagnino,Hospital de Tomé,Acuenta,,2843,437,1050,1088,1035,,0.85,6.8,33,demo,9.5,9.5,9.2,9.5
https://example.invalid/demo/01482,Universidad Técnica Federico Santa María,Liceo Simón Bolívar,,CESFAM Talcahuano Sur,Bodega Acuenta,Universidad Técnica Federico Santa María,1139,137,68,899,514,1011,0.62,3.5,37,demo,9.5,7.7,6.2,6.3
https://example.invalid/demo/02806,Hospital Las Higueras,Escuela Leonor Mascayano,,Hospital Las Higueras,Supermercado Ganga,Universidad Católica de la Santísima Concepción Talcahuano,520,135,201,378,398,346,0.74,5.2,31,demo,9.5,8.2,6.0,6.7
https://example.invalid/demo/00793,Terminal de Buses 63 Rengo Lientur,Colegio Camilo Henríquez,Plaza La Virgen,Centro Medico Universidad San Sebastián,Mayorista Super Ganga,Universidad San Sebastián,663,364,235,486,417,331,0.64,6.0,36,demo,9.5,7.5,6.5,7.0
https://example.invalid/demo/00563,Pedro Medina,Colegio de Lenguaje Senderos de BioBio,,Policlínico Chiguayante,Unimarc,,937,778,860,1564,1247,,0.68,6.8,31,demo,9.5,8.8,7.7,8.3
https://example.invalid/demo/02821,Hospital Las Higueras,Escuela de Lenguaje Santa Catalina,,Hospital Las Higueras,Supermercado Ganga,Universidad Católica de la Santísima Concepción Talcahuano,748,135,284,622,558,451,0.6,4.0,40,demo,9.5,8.3,7.3,8.3
https://example.invalid/demo/02857,El Arenal,Escuela Básica Libertad E 492,,CESFAM San Vicente,Lider,Instituto Profesional ESUCOMEX Talcahuano,517,525,314,1055,541,781,0.82,6.0,33,demo,9.5,7.5,6.5,6.8
https://example.invalid/demo/01299,Laguna Quiñenco,Escuela Javiera Carrera,,CESFAM Yobilo,SuperBodega aCuenta,,354,177,320,534,377,2325,0.69,2.3,36,demo,9.5,7.7,6.2,7.0
https://example.invalid/demo/00150,Pedro Medina,Liceo Chiguayante,,Policlínico Chiguayante,Super Ganga,,978,396,116,319,611,,0.67,8.2,36,demo,9.5,9.5,8.8,9.5
https://example.invalid/demo/02914,,Carlos Mahns Choupay,Plaza Arturo Prat,Hospital de Tomé,Acuenta,,2809,195,663,683,508,,0.74,4.7,34,demo,9.5,8.3,7.3,8.2
https://example.invalid/demo/02980,,Escuela República De Panamá,Plaza de Bellavista,CESFAM/ SAPU Bellavista,Acuenta,,1836,154,1049,791,865,,0.74,5.0,43,demo,9.5,7.7,6.0,6.8
https://example.invalid/demo/02030,Costa Mar,Liceo Mauricio Hochschild del CEAT,Plaza de Juegos,Ex Clínica Universitaria San Pedro,Ok Market,INACAP San Pedro de la Paz,1500,1361,896,2211,1237,1406,0.8,8.0,35,demo,9.5,9.5,9.5,9.5
https://example.invalid/demo/01852,Terminal de Buses Rurales Vega Techada,Escuela D-886 Colonia Árabe (ex n° 97),PLaza La Araucania,CESFAM Norte,Tottus,Instituto AIEP,1054,102,57,354,636,748,0.78,4.8,36,demo,9.5,6.3,5.5,5.7
https://example.invalid/demo/02198,Terminal de líneas a Tomé,Colegio Alerce,,Centro de Salud Familiar Juan Soto Fernández,Tottus,Instituto Santo Tomás,1512,715,656,1231,1498,1537,0.71,6.5,35,demo,9.5,9.5,9.5,9.5
https://example.invalid/demo/01847,Terminal Santa Rita,Escuela Especial Antu,Alameda,Centro Médico y Dental RedSalud,Jumbo,Inacap Los Ángeles,839,110,222,202,124,214,0.72,0.0,36,demo,9.5,7.3,0.0,6.5
https://example.invalid/demo/02850,Hospital Las Higueras,Escuela de Lenguaje Santa Catalina,,Hospital Las Higueras,Supermercado Ganga,Universidad Católica de la Santísima Concepción Talcahuano,774,255,101,336,686,634,0.76,6.2,33,demo,9.5,9.5,8.5,9.2
https://example.invalid/demo/01468,Lorenzo Arenas,Escuela Especial de Lenguaje Semillita,,Sanatorio Alemán,Alvi,Universidad Técnica Federico Santa María,1514,437,147,642,287,1331,0.7,6.0,33,demo,9.5,9.5,8.0,8.3
https://example.invalid/demo/02233,Juan Pablo II,,Parque Villa Obreros Nuevo Puente Juan Pablo II,Ex Clínica Universitaria San Pedro,Bio Pan,Instituto Santo Tomás,1238,783,506,2055,826,3169,0.7,8.3,33,demo,9.5,9.5,9.5,9.5
https://example.invalid/demo/00395,Chiguayante,Escuela José Hipólito Salas y Toro,Plaza Cochrane,Cruz Roja Filial Chiguayante,Santa Isabel,,418,199,322,680,362,,0.74,7.2,27,demo,9.5,9.5,9.0,9.5
https://example.invalid/demo/03146,,Escuela Básica y Adultos California,Plaza Arturo Prat,Hospital de Tomé,Acuenta,,2421,230,944,1083,653,,0.59,5.2,34,demo,9.5,6.3,5.8,6.2
https://example.invalid/demo/01913,Lirquén,Liceo Pencopolitano,,UAPO,Provisiones Eugenio,,3584,321,359,891,604,,0.76,8.0,34,demo,9.5,9.5,9.5,9.5
https://example.invalid/demo/00769,Terminal de Buses Jota Ewert,,,CESFAM Tucapel,Super Ganga,Escuela de Suboficiales de Carabineros - Grupo Concepción,792,211,64,661,264,910,0.79,4.0,34,demo,9.5,8.7,7.8,8.2
https://example.invalid/demo/02665,El Arenal,Escuela Básica Libertad E 492,,Hospital Las Higueras,Unimarc,Universidad Católica de la Santísima Concepción Talcahuano,1321,835,398,1047,1455,1455,0.8,8.3,30,demo,9.5,9.5,9.3,9.5
https://example.invalid/demo/00731,Estación Intermodal Concepción,Instituto Down,Parque Ecuador,Clínica Odontológica Advance,Emporio Agrícola,Universidad Católica de la Santísima Concepción Campus Santo Domingo,823,70,180,150,102,286,0.63,6.3,38,demo,9.5,8.0,7.3,7.7
https://example.invalid/demo/03094,,Escuela República De Panamá,Paseo Lisa Peters T.,Hospital de Tomé,Mayorista 10,,2449,669,653,1236,519,,0.74,4.7,35,demo,9.5,9.5,7.8,9.5
https://example.invalid/demo/00633,Pedro Medina,Colegio de Lenguaje Senderos de BioBio,,Policlínico Chiguayante,Super Ganga,,421,368,166,618,319,,0.74,7.5,38,demo,9.5,8.7,8.0,8.2
https://example.invalid/demo/01163,,Colegio España,,SAMU,Colun,Programa de Estudios sobre la Responsabilidad Social y Programa Talentos UdeC,933,98,277,88,349,336,0.78,8.0,36,demo,9.5,9.5,9.2,9.5
https://example.invalid/demo/00597,Pedro Medina,Colegio de Lenguaje Senderos de BioBio,,Policlínico Chiguayante,Super Ganga,,475,290,333,1039,783,,0.68,6.0,34,demo,9.5,7.8,6.3,7.0
https://example.invalid/demo/01555,Terminal de Buses Rurales Vega Techada,Colegio San Nicolás,,CESFAM Norte,Supermercado Acuenta,Instituto AIEP,1617,450,396,795,1253,1436,0.77,6.7,35,demo,9.5,9.5,8.8,9.5
https://example.invalid/demo/02461,Juan Pablo II,Colegio El Arrayán,Plaza Las Encinas,Ex Clínica Universitaria San Pedro,Santa Isabel,INACAP San Pedro de la Paz,881,151,118,232,543,3093,0.74,6.8,31,demo,9.5,6.8,6.8,6.8
https://example.invalid/demo/00629,Pedro Medina,Colegio de Lenguaje Senderos de BioBio,,Cruz Roja Filial Chiguayante,Super Ganga,,1254,1075,1056,1676,1540,,0.57,6.3,35,demo,9.5,8.5,6.8,8.2
https://example.invalid/demo/01294,Estación Intermodal Coronel,Escuela lenguaje exploradores del saber,Plazoleta Altos de Coronel,Hospital San José de Coronel,Unimarc,,1218,132,189,212,271,1013,0.78,7.3,32,demo,9.5,9.5,8.3,9.5
https://example.invalid/demo/03035,,Escuela República De Panamá,Plaza de Bellavista,CESFAM/ SAPU Bellavista,Acuenta,,1827,277,1061,812,925,,0.7,6.3,30,demo,9.5,8.3,8.0,8.2
https://example.invalid/demo/00638,Estación de buses Turbus,Colegio John F. Kennedy,,Cruz Roja Filial Chiguayante,Santa Isabel,,813,702,474,856,825,,0.55,5.0,33,demo,9.5,9.5,7.2,8.7
https://example.invalid/demo/01605,Terminal de Buses Rurales Vega Techada,Escuela Adultos Intecap,,CESFAM NORORIENTE Los Ángeles,Super Ganga,Hogar Universidad de Concepción,782,213,199,376,360,809,0.7,3.2,27,demo,9.5,4.3,3.3,3.7
https://example.invalid/demo/02573,Unihue,,,,,,6183,,,,,,0.7,7.5,27,demo,9.5,8.3,8.2,8.3
https://example.invalid/demo/01132,Buses Delsal,Escuela de Lenguaje Girasol,,Centro Médico Obstétrico y Ginecológico,Jumbo,Preuniversitarios Cpech,617,212,465,223,214,191,0.8,4.2,35,demo,9.5,7.0,5.3,6.2
https://example.invalid/demo/03060,,Liceo República del Ecuador,Plaza Arturo Prat,Hospital de Tomé,Acuenta,,3114,20,440,312,519,,0.72,1.8,32,demo,9.5,5.2,5.2,5.2
https://example.invalid/demo/01355,Universidad Técnica Federico Santa María,Escuela Particular Diego Portales,,CESFAM Hualpencillo,"SuperMercado ""Sacarllet""",CEDUC UCN Hualpén,501,470,301,1137,426,441,0.75,8.0,36,demo,9.5,9.5,9.5,9.5
https://example.invalid/demo/02094,Concepción,Deutsche Schule Concepción,,CESFAM Pedro de Valdivia (Concepción),Jumbo,Instituto Profesional Virginio Gómez,2375,1798,433,1774,1811,2303,0.72,5.8,36,demo,9.5,6.3,6.0,6.3
https://example.invalid/demo/01082,Conquistador,Colegio Gran Bretaña,Bandejón central Manuel Rodriguez,Clínica Kenal,Unimarc,Colegio Bautista de Concepción,433,206,296,979,409,640,0.66,4.0,32,demo,9.5,9.0,6.5,7.7
https://example.invalid/demo/00815,,Escuela Mixta República de Ecuador,,Clínica de la mujer - Sanatorio Alemán,Jumbo,Instituto Profesional Virginio Gómez,1833,304,356,404,426,1723,0.69,8.2,32,demo,9.5,9.5,9.5,9.5
https://example.invalid/demo/00101,Pedro Medina,Colegio Aurora de Chile,,Policlínico Chiguayante,Super Ganga,,564,202,82,137,338,,0.77,8.0,31,demo,9.5,9.5,9.3,9.5
https://example.invalid/demo/02429,Juan Pablo II,Escuela Luis Alberto Acevedo,Plaza San Pedro Histórico,Ex Clínica Universitaria San Pedro,Santa Isabel,Univesidad Santo Tomás Concepción,677,109,149,425,124,3228,0.66,5.8,29,demo,9.5,9.5,8.8,9.5
https://example.invalid/demo/00851,,Mozatschule Concepción,,SAMU,Santa Isabel,Universidad de Concepción,1550,935,1354,1685,1985,1039,0.71,0.2,35,demo,9.5,8.2,7.7,8.0
https://example.invalid/demo/02326,Juan Pablo II,Deutsche Schule Concepción,,Ex Clínica Universitaria San Pedro,Unimarc,Instituto Profesional Virginio Gómez,1944,905,547,1232,1108,2972,0.77,5.0,31,demo,9.5,6.0,5.8,6.0
https://example.invalid/demo/00154,Estación de buses Turbus,Colegio John F. Kennedy,Plaza Manuel Rodríguez,Cruz Roja Filial Chiguayante,Supermercado Mey,,484,163,542,267,418,,0.7,7.7,30,demo,9.5,9.5,8.8,9.5
https://example.invalid/demo/02762,El Arenal,Claro de Luna College,,Filial Cruz Roja Talcahuano,,Instituto Profesional ESUCOMEX Talcahuano,630,68,167,626,250,244,0.78,4.5,32,demo,9.5,6.8,6.0,6.8
https://example.invalid/demo/02343,Juan Pablo II,Colegio Santísima Trinidad,,Ex Clínica Universitaria San Pedro,Unimarc,INACAP San Pedro de la Paz,2243,636,280,1397,591,3508,0.61,1.8,31,demo,9.5,6.3,5.7,6.0
https://example.invalid/demo/02070,Juan Pablo II,Colegio Alerce,Plaza Bellavista,Centro de Salud Familiar Juan Soto Fernández,Super Gangas,Instituto Santo Tomás,1716,1186,997,1306,1479,1800,0.52,4.0,31,demo,9.5,8.2,8.0,8.0
https://example.invalid/demo/00125,Estación de buses Turbus,Colegio Pacific School,Plaza de Armas de Chiguayante,Cruz Roja Filial Chiguayante,Supermercado Mey,,629,136,217,412,370,,0.71,6.8,38,demo,9.5,9.0,8.0,8.3
https://example.invalid/demo/01191,Conquistador,Liceo Juan Martínez de Rozas,,Clínica Kenal,Super Ganga,Colegio Bautista de Concepción,409,109,86,528,91,409,0.71,5.5,31,demo,9.5,9.2,6.5,7.7
https://example.invalid/demo/00382,Estación de buses Turbus,Colegio John F. Kennedy,Plaza Manuel Rodríguez,Cruz Roja Filial Chiguayante,Supermercado Monika,,540,333,625,509,549,,0.75,6.2,32,demo,9.5,8.8,7.3,8.2
https://example.invalid/demo/02022,Juan Pablo II,Deutsche Schule Concepción,,Ex Clínica Universitaria San Pedro,Unimarc,INACAP San Pedro de la Paz,1943,474,245,1083,436,3721,0.61,5.2,33,demo,9.5,6.2,5.7,6.0
https://example.invalid/demo/00328,Terminal de buses Vía Futuro,Colegio Miguel de Cervantes,,CESFAM Pinares,Santa Isabel,,1348,135,96,1045,831,,0.63,6.3,38,demo,9.5,9.5,9.5,9.5
https://example.invalid/demo/00118,Chiguayante,Escuela Especial de Lenguaje Altos de Chiguayante,,Cruz Roja Filial Chiguayante,Supermercado Monika,,665,460,148,858,706,,0.78,7.3,32,demo,9.5,8.5,7.8,8.2
https://example.invalid/demo/00948,Concepción,Escuela Particular Santa Catalina de Siena,Áreas verdes Esmeralda,Diagnamet,Super Ganga,Instituto Profesional Virginio Gómez,585,208,121,344,88,187,0.69,0.0,35,demo,9.5,9.5,8.7,9.5
https://example.invalid/demo/00289,Estación de buses Turbus,Colegio John F. Kennedy,,Cruz Roja Filial Chiguayante,Supermercado Monika,,955,782,617,959,976,,0.56,6.0,32,demo,9.5,8.5,7.0,7.8
https://example.invalid/demo/02292,Juan Pablo II,Colegio El Arrayán,,Ex Clínica Universitaria San Pedro,Santa Isabel,INACAP San Pedro de la Paz,1057,377,58,200,577,3315,0.87,1.0,39,demo,9.5,8.8,3.3,7.0
https://example.invalid/demo/00062,Chiguayante,Escuela Especial de Lenguaje Altos de Chiguayante,,Cruz Roja Filial Chiguayante,Supermercado Mey,,628,469,67,752,590,,0.74,6.7,34,demo,9.5,9.5,9.3,9.5
https://example.invalid/demo/02322,Juan Pablo II,Deutsche Schule Concepción,,Ex Clínica Universitaria San Pedro,Unimarc,Instituto Profesional Virginio Gómez,1810,405,460,963,511,3576,0.73,7.0,33,demo,9.5,9.0,7.8,8.5
https://example.invalid/demo/00896,,Mozatschule Concepción,,SAMU,Colun,CapsiUdeC,1258,773,576,847,1084,471,0.63,6.7,35,demo,9.5,9.5,9.3,9.5
https://example.invalid/demo/02391,Juan Pablo II,Colegio Santísima Trinidad,,Ex Clínica Universitaria San Pedro,Unimarc,INACAP San Pedro de la Paz,2064,597,76,1211,420,3525,0.68,4.8,40,demo,9.5,7.5,5.3,5.8
https://example.invalid/demo/00272,Estación de buses Turbus,Colegio Chileno Árabe,,Cruz Roja Filial Chiguayante,Supermercado Mey,,1732,1150,1208,1520,1642,,0.69,6.5,35,demo,9.5,9.2,9.2,9.2
https://example.invalid/demo/00369,Manquimávida,Colegio Madre Paulina,,CESFAM Pinares,Unimarc,,712,813,422,1645,1229,,0.66,3.7,35,demo,9.5,5.0,5.0,5.0
https://example.invalid/demo/02329,Juan Pablo II,Deutsche Schule Concepción,,Ex Clínica Universitaria San Pedro,Unimarc,Instituto Profesional Virginio Gómez,2227,838,645,1394,877,3520,0.61,8.0,36,demo,9.5,9.5,9.3,9.5
https://example.invalid/demo/02251,Juan Pablo II,Escuela de Lenguaje Llacolén,Plaza Bellavista,Ex Clínica Universitaria San Pedro,Super Gangas,Univesidad Santo Tomás Concepción,1255,633,305,1269,919,2352,0.7,0.0,30,demo,9.5,6.2,3.7,4.0
https://example.invalid/demo/03027,,Carlos Mahns Choupay,Plaza Arturo Prat,Hospital de Tomé,Acuenta,,2689,86,672,771,453,,0.75,3.0,32,demo,9.5,5.7,3.8,4.3
https://example.invalid/demo/02313,Juan Pablo II,Escuela Luis Alberto Acevedo,,Ex Clínica Universitaria San Pedro,Santa Isabel,Univesidad Santo Tomás Concepción,874,401,370,194,311,3420,0.68,4.7,34,demo,9.5,8.0,5.3,6.7
https://example.invalid/demo/01519,Terminal de buses Las Galaxias,Christian College,Parque de Juegos Villa Arboleda,CESFAM Hualqui,Super Bodega Acuenta,,414,292,514,563,492,,0.69,6.5,35,demo,9.5,8.2,7.5,8.0
https://example.invalid/demo/01747,Terminal Santa Rita,Colegio Santo Tomas de Aquino,Parque Condominio Bosque Nativo,CESFAM/ SAPU Paillihue,Super Pan,,1436,369,134,666,574,924,0.77,6.3,31,demo,9.5,7.5,7.0,7.2
https://example.invalid/demo/02052,Juan Pablo II,Colegio Alerce,Plaza Enrique Soro,Centro de Salud Familiar Juan Soto Fernández,Bio Pan,Instituto Santo Tomás,1783,1505,1376,1903,1693,2304,0.69,6.3,42,demo,9.5,8.8,8.7,8.8
https://example.invalid/demo/01114,,Escuela F-560 Luis Muñoz Burboa,Parque Metropolitano Cerro Caracol,Clínica de la mujer - Sanatorio Alemán,Señora Teresa,Centro Mandala,1485,918,1104,1630,1614,1139,0.72,7.2,32,demo,9.5,9.5,9.5,9.5
https://example.invalid/demo/02819,Hospital Las Higueras,Centro Laboral Polivalente Alonkura,,Hospital Las Higueras,Supermercado Ganga,Universidad Católica de la Santísima Concepción Talcahuano,558,177,295,98,557,561,0.76,6.7,25,demo,9.5,9.2,8.5,9.2
https://example.invalid/demo/01507,Hualqui,Escuela D-600 Manuel Amat y Juniet,Plaza Hualqui,CESFAM Hualqui,Unimarc,,1118,1073,1269,1412,1513,,0.72,6.8,32,demo,9.5,8.0,8.0,8.0
https://example.invalid/demo/00199,Estación de buses Turbus,Colegio John F. Kennedy,Plaza Manuel Rodríguez,Cruz Roja Filial Chiguayante,Supermercado Monika,,674,317,746,496,653,,0.61,6.3,31,demo,9.5,9.2,8.2,8.7
https://example.invalid/demo/01918,Lirquén,Jardin infantil y sala cuna: Lord Cochrane,Parque Mirador Los Pinos,UAPO,Unimarc,,2451,521,571,604,662,,0.64,2.8,36,demo,9.5,9.5,8.8,9.5
https://example.invalid/demo/00679,Pedro Medina,Colegio de Lenguaje Senderos de BioBio,,Policlínico Chiguayante,Lider,,1348,1213,1224,2005,1603,,0.64,6.7,33,demo,9.5,9.0,7.3,8.0
https://example.invalid/demo/00030,,,,,,,,,,,,,0.74,6.0,27,demo,9.5,8.0,7.2,7.5
https://example.invalid/demo/01670,Terminal Santa Rita,Escuela Especial de Lenguaje Santa María,,CESFAM/ SAPU 2 de Septiembre,Lider Express,Inacap Los Ángeles,3693,1393,275,1805,1794,2668,0.74,6.0,39,demo,9.5,9.5,9.2,9.5
https://example.invalid/demo/00685,Terminal de Buses 63 Rengo Lientur,Escuela de Lenguaje Nahuel,Plaza de Juegos San Ramón,Clínica del Sur,Kamadi,Universidad San Sebastián,479,123,381,757,955,1111,0.54,8.2,35,demo,9.5,9.5,9.3,9.5
https://example.invalid/demo/00437,Pedro Medina,Colegio de Lenguaje Senderos de BioBio,,Policlínico Chiguayante,Lider,,561,511,574,1227,733,,0.69,5.2,35,demo,9.5,7.2,6.0,6.3
https://example.invalid/demo/00318,Pedro Medina,Colegio de Lenguaje Senderos de BioBio,,Policlínico Chiguayante,Super Ganga,,926,745,734,1491,1215,,0.76,7.2,34,demo,9.5,9.5,9.5,9.5
https://example.invalid/demo/02538,Juan Pablo II,"Colegio Concepción San Pedro, campus Villa",,Ex Clínica Universitaria San Pedro,Pulpería Alemana,INACAP San Pedro de la Paz,1124,81,186,1209,459,2198,0.59,8.3,41,demo,9.5,9.5,9.3,9.5
https://example.invalid/demo/02630,El Arenal,,Borde Costero El Morro,Filial Cruz Roja Talcahuano,Lider,Instituto Profesional ESUCOMEX Talcahuano,1542,773,497,824,1059,1147,0.62,3.7,39,demo,9.5,4.7,4.5,4.5
https://example.invalid/demo/00426,Estación de buses Turbus,Colegio John F. Kennedy,,Cruz Roja Filial Chiguayante,Supermercado Monika,,978,797,639,977,997,,0.55,5.0,33,demo,9.5,8.2,6.2,7.0
https://example.invalid/demo/02510,Juan Pablo II,Deutsche Schule Concepción,,Ex Clínica Universitaria San Pedro,Unimarc,INACAP San Pedro de la Paz,1235,246,127,378,439,3346,0.78,5.5,36,demo,9.5,8.3,6.3,7.2
https://example.invalid/demo/00875,,Escuela Básica Lagos de Chile,,SAMU,Il Patrone,CapsiUdeC,1537,954,888,1176,1234,796,0.8,8.5,35,demo,9.5,9.5,9.3,9.5
https://example.invalid/demo/00805,Terminal de Buses 63 Rengo Lientur,Colegio Santa Eufrasia,,Centro Medico Universidad San Sebastián,Muelle Sur,Universidad San Sebastián,1072,21,305,472,70,452,0.68,7.0,40,demo,9.5,8.5,7.8,7.8
https://example.invalid/demo/03130,,Escuela de Lenguaje Campanita,Parque Agustín Dagnino,Hospital de Tomé,Acuenta,,3137,477,713,840,1013,,0.69,5.2,36,demo,9.5,9.5,9.3,9.5
https://example.invalid/demo/00240,Estación de buses Turbus,Colegio John F. Kennedy,Plaza Cochrane,Cruz Roja Filial Chiguayante,Supermercado Monika,,424,425,453,516,456,,0.68,3.2,37,demo,9.5,6.8,5.3,6.0
https://example.invalid/demo/02839,Hospital Las Higueras,Colegio Talcahuano,,Hospital Las Higueras,Supermercado Ganga,Universidad Católica de la Santísima Concepción Talcahuano,885,751,830,1337,717,682,0.63,7.8,35,demo,9.5,9.3,8.8,8.8
https://example.invalid/demo/02043,Juan Pablo II,Colegio Alerce,,Centro de Salud Familiar Juan Soto Fernández,Super Gangas,Instituto Santo Tomás,1662,1304,1161,1589,1510,2040,0.71,7.2,34,demo,9.5,9.5,8.7,9.5
https://example.invalid/demo/00653,Estación de buses Turbus,Colegio John F. Kennedy,Plaza Manuel Rodríguez,Cruz Roja Filial Chiguayante,Supermercado Monika,,376,201,461,348,382,,0.62,8.5,32,demo,9.5,9.5,9.3,9.5
https://example.invalid/demo/00517,Pedro Medina,Colegio de Lenguaje Senderos de BioBio,,Policlínico Chiguayante,Super Ganga,,312,126,258,878,640,,0.78,4.2,37,demo,9.5,8.0,7.2,7.5
https://example.invalid/demo/01303,Laguna Quiñenco,Colegio Gabriela Mistral,,CESFAM Yobilo,SuperBodega aCuenta,,908,492,319,211,1013,2446,0.58,3.3,36,demo,9.5,9.5,6.7,7.3
https://example.invalid/demo/03098,,Internado Municipal Bellavista,Plaza de Bellavista,CESFAM/ SAPU Bellavista,Mayorista 10,,1658,746,971,804,1350,,0.74,7.5,31,demo,9.5,9.5,9.5,9.5
https://example.invalid/demo/00114,Pedro Medina,Colegio Aurora de Chile Sur,Plaza Pinares,CESFAM Pinares,Unimarc,,953,163,331,517,74,,0.65,7.3,37,demo,9.5,9.5,9.0,9.5
https://example.invalid/demo/02595,El Arenal,Colegio Remodelación Simons,Plaza El Morro,Filial Cruz Roja Talcahuano,Lider,Instituto Profesional ESUCOMEX Talcahuano,1676,940,602,1245,1003,1368,0.67,2.5,33,demo,9.5,8.8,2.7,8.3
https://example.invalid/demo/00262,Estación de buses Turbus,Colegio Chileno Árabe,,Cruz Roja Filial Chiguayante,Supermercado Mey,,2143,1749,1807,1964,2114,,0.91,6.2,33,demo,9.5,9.5,9.3,9.5
https://example.invalid/demo/02515,Juan Pablo II,Colegio Santísima Trinidad,,Ex Clínica Universitaria San Pedro,Unimarc,INACAP San Pedro de la Paz,2388,752,414,1542,736,3575,0.55,0.0,38,demo,9.5,5.2,4.7,5.2
https://example.invalid/demo/02023,Terminal de buses Pedro de Valdivia,Colegio Concepción,,Clínica de la mujer - Sanatorio Alemán,Señora Teresa,Instituto Profesional Virginio Gómez,3058,1990,383,2840,2502,3857,0.67,7.5,39,demo,9.5,9.5,9.3,9.5
https://example.invalid/demo/01302,Laguna Quiñenco,Escuela de Lenguaje Farolito Dorado,,CESFAM Yobilo,SuperBodega aCuenta,,1220,660,544,524,1319,2385,0.89,5.8,27,demo,9.5,9.5,9.2,9.5
https://example.invalid/demo/02874,,Escuela Especial Tomé,Plaza Arturo Prat,Hospital de Tomé,Mayorista 10,,2716,384,322,756,20,,0.6,1.5,35,demo,9.5,1.8,1.5,1.7
https://example.invalid/demo/02625,Hospital Las Higueras,Colegio Remodelación Simons,,Filial Cruz Roja Talcahuano,Lider,Universidad Católica de la Santísima Concepción Talcahuano,1344,765,372,1330,641,1032,0.62,7.5,32,demo,9.5,8.2,7.8,7.8
https://example.invalid/demo/01835,Terminal de Buses Islajacoop,Colegio Santa Teresa de Los Andes - Los Ángeles,,CESFAM Nuevo horizonte,Supermercado Acuenta,Centro Integral de Educación Tecnológica Curamávida,2946,415,129,127,1185,1477,0.69,7.7,35,demo,9.5,9.5,9.3,9.5
https://example.invalid/demo/00978,Buses Delsal,Colegio San Pedro Nolasco,,Indimed,Jumbo,Universidad Bolivariana,596,243,317,166,87,226,0.69,0.0,39,demo,9.5,5.0,0.0,4.8
https://example.invalid/demo/03149,,Carlos Mahns Choupay,Plaza Arturo Prat,Hospital de Tomé,Acuenta,,2845,201,587,617,455,,0.74,1.3,31,demo,9.5,9.5,8.3,9.5
https://example.invalid/demo/01735,Terminal Santa Rita,Centro Educacional y Capacitación Laboral Cecap,Plaza Diego Portales,,Unimarc,,293,81,169,216,51,229,0.69,6.3,26,demo,9.5,9.3,8.2,9.0
https://example.invalid/demo/03078,,Escuela República De Panamá,Plaza de Bellavista,CESFAM/ SAPU Bellavista,Mayorista 10,,1713,622,968,756,1159,,0.64,5.5,28,demo,9.5,9.5,9.5,9.5
https://example.invalid/demo/00422,Pedro Medina,Escuela José Hipólito Salas y Toro,Plaza Cochrane,Policlínico Chiguayante,Santa Isabel,,640,185,125,540,168,,0.76,6.3,33,demo,9.5,9.5,8.8,9.5
https://example.invalid/demo/01041,Buses Delsal,Colegio San Pedro Nolasco,,Indimed,Santa Isabel,Preuniversitarios Cpech,441,111,432,330,246,357,0.71,2.8,31,demo,9.5,7.3,4.2,5.5
https://example.invalid/demo/00970,Buses Delsal,Escuela Juan Gregorio Las Heras,,Centro Médico Obstétrico y Ginecológico,Andretta,Preuniversitarios Cpech,540,248,206,493,465,439,0.68,5.2,37,demo,9.5,6.2,5.3,5.5
https://example.invalid/demo/01937,Lirquén,Escuela Penco,,CESFAM Penco,Gabito,,3385,207,181,529,133,,0.75,0.0,40,demo,9.5,1.7,0.2,1.2
https://example.invalid/demo/02911,,Liceo Vicente Alberto Palacios Valdés,"Plaza Inclusiva ""Samuel Muñoz""",Hospital de Tomé,Unimarc,,3467,167,132,65,761,,0.71,0.7,35,demo,9.5,6.0,5.5,5.7
https://example.invalid/demo/00935,,Mozatschule Concepción,,SAMU,Santa Isabel,Universidad de Concepción,1083,448,822,1159,1466,507,0.55,1.5,31,demo,9.5,9.5,8.8,9.5
https://example.invalid/demo/01586,Terminal de Buses Rurales Vega Techada,Colegio Concepción,,Centro Médico Andes Salud,Tottus,Hogar Universidad de Concepción,1712,169,274,389,713,1411,0.69,7.5,35,demo,9.5,9.5,9.3,9.5
https://example.invalid/demo/00654,Pedro Medina,Colegio de Lenguaje Senderos de BioBio,,Policlínico Chiguayante,Unimarc,,855,725,884,1515,1131,,0.77,4.7,35,demo,9.5,9.5,8.7,9.0
https://example.invalid/demo/02034,Juan Pablo II,Escuela de Lenguaje Llacolén,Plaza Bellavista,Ex Clínica Universitaria San Pedro,Santa Isabel,AIEP,1307,567,592,913,799,2744,0.84,5.8,31,demo,9.5,8.2,6.5,8.2
https://example.invalid/demo/01238,,Escuela Rosa Yáñez Rodríguez,,CESFAM Yobilo,MultiOfertas,Centro de Formación Laboral San Andres,638,1012,512,1830,620,2355,0.78,6.8,32,demo,9.5,9.5,9.5,9.5
https://example.invalid/demo/02459,Juan Pablo II,Colegio Santísima Trinidad,,Ex Clínica Universitaria San Pedro,Unimarc,INACAP San Pedro de la Paz,2317,494,262,1553,810,3029,0.79,0.0,39,demo,9.5,8.3,5.7,7.2
https://example.invalid/demo/00302,Estación de buses Turbus,Colegio John F. Kennedy,,Cruz Roja Filial Chiguayante,Supermercado Monika,,933,706,760,897,945,,0.53,7.7,34,demo,9.5,8.8,8.8,8.8
https://example.invalid/demo/02109,Juan Pablo II,Deutsche Schule Concepción,,Ex Clínica Universitaria San Pedro,Unimarc,AIEP,1698,755,679,1000,998,3015,0.72,0.7,36,demo,9.5,4.3,3.8,4.3
https://example.invalid/demo/01042,,Liceo Polivalente Experimental Lucila Godoy Alcayaga,Parque Ecuador,Clínica dental: Radio Dent,Emporio Agrícola,Universidad de las Américas Concepcion,787,377,247,269,471,537,0.66,7.2,41,demo,9.5,8.5,7.8,8.0
https://example.invalid/demo/03009,,Liceo Vicente Alberto Palacios Valdés,Plazoleta Calle Las Lilas,Hospital de Tomé,Unimarc,,3354,64,163,115,618,,0.67,4.2,36,demo,9.5,6.0,4.8,5.3
https://example.invalid/demo/00850,Terminal de Buses 63 Rengo Lientur,Colegio San Andrés,Parque de la Cruz,CESFAM Santa Sabina,SuperBodega aCuenta,Universidad San Sebastián,944,381,131,601,723,1273,0.62,1.8,34,demo,9.5,9.5,9.5,9.5
https://example.invalid/demo/01564,Terminal de Buses Islajacoop,Colegio Juan Pablo II,,CESFAM Norte,Supermercado Acuenta,Centro Integral de Educación Tecnológica Curamávida,2092,266,36,829,388,1185,0.79,7.3,28,demo,9.5,9.3,9.3,9.3
https://example.invalid/demo/01197,,Escuela Biobío,,Medyks,Supermercado Versluys,Instituto Superior de Comercio de Concepción (INSUCO),571,140,290,90,131,84,0.68,4.7,31,demo,9.5,7.2,5.2,5.8
https://example.invalid/demo/01269,Coronel,Liceo Industrial Fundación F. Schwager,,Centro kinésico Coronel,MultiOfertas,,1927,1095,1008,2152,1932,2245,0.7,8.5,30,demo,9.5,9.5,9.3,9.5
https://example.invalid/demo/01866,Terminal Santa Rita,Liceo Alemán,Plaza Pinto,Consultorio,Lider,Instituto Santo Tomás,1074,210,145,71,482,434,0.76,4.5,37,demo,9.5,8.2,8.0,8.2
https://example.invalid/demo/00399,Pedro Medina,Colegio Aurora de Chile,,Policlínico Chiguayante,Unimarc,,589,246,58,247,372,,0.73,6.3,33,demo,9.5,9.5,9.0,9.5
https://example.invalid/demo/00439,Pedro Medina,Colegio de Lenguaje Senderos de BioBio,,Policlínico Chiguayante,Unimarc,,905,753,862,1544,1204,,0.61,4.0,33,demo,9.5,5.5,5.3,5.3
https://example.invalid/demo/00473,Pedro Medina,Colegio de Lenguaje Senderos de BioBio,,Cruz Roja Filial Chiguayante,Santa Isabel,,805,649,381,906,759,,0.72,3.7,32,demo,9.5,8.2,5.3,6.8
https://example.invalid/demo/01553,Terminal Santa Rita,Colegio Alto Lauquén,,CESFAM Villa los Ríos,,,3435,551,338,1189,1104,2928,0.73,4.8,33,demo,9.5,8.7,5.2,6.0
https://example.invalid/demo/01676,Terminal Rodoviario Los Ángeles,Escuela D-934 Thomas Jefferson (ex n° 10),,CESFAM NORORIENTE Los Ángeles,Mayorista,Hogar Universidad de Concepción,1170,834,164,1166,1185,2018,0.75,5.7,36,demo,9.5,6.8,6.2,6.5
https://example.invalid/demo/03024,,Escuela Básica Ignacio Serrano Montaner,Plazoleta Calle Las Lilas,Hospital de Tomé,Unimarc,,3606,297,262,496,831,,0.59,6.0,32,demo,9.5,9.5,9.2,9.5
https://example.invalid/demo/02523,Juan Pablo II,Deutsche Schule Concepción,,Ex Clínica Universitaria San Pedro,Unimarc,INACAP San Pedro de la Paz,1502,48,396,642,240,3448,0.82,4.5,38,demo,9.5,4.8,4.7,4.8
https://example.invalid/demo/01092,Buses Delsal,Colegio San Pedro Nolasco,,Indimed,Jumbo,Universidad Bolivariana,609,259,264,117,93,217,0.59,0.0,37,demo,9.5,4.0,3.5,3.7
https://example.invalid/demo/01832,Terminal Santa Rita,Colegio María Inmaculada de Los Ángeles,,Consultorio,Supermercado Unico,Instituto Santo Tomás,1860,351,103,931,102,1328,0.59,7.8,29,demo,9.5,9.5,9.5,9.5
https://example.invalid/demo/01900,Lirquén,Queen Elizabeth School,plaza los lapices,Centro de diálisis Nephrocare,Acuenta,,2242,895,929,973,848,,0.72,8.2,32,demo,9.5,9.5,9.5,9.5
https://example.invalid/demo/02482,Juan Pablo II,Escuela Miguel José Zañartu Santa María E-653,Parque Laguna Grande,Ex Clínica Universitaria San Pedro,Rincón del Valle - Minimarket,INACAP San Pedro de la Paz,1389,595,276,1080,862,2269,0.77,6.0,30,demo,9.5,7.5,6.5,7.3
https://example.invalid/demo/01551,Terminal Santa Rita,Escuela E-885 Pedro Ruiz Aldea,Alameda,CESFAM/ SAPU 2 de Septiembre,Jumbo,Inacap Los Ángeles,1404,369,64,601,535,361,0.68,4.5,34,demo,9.5,9.2,7.2,8.7
https://example.invalid/demo/00301,Estación de buses Turbus,Colegio John F. Kennedy,Plaza de Armas de Chiguayante,Cruz Roja Filial Chiguayante,Supermercado Mey,,1669,1317,1512,1495,1652,,0.58,8.5,26,demo,9.5,9.5,9.5,9.5
https://example.invalid/demo/01636,Terminal de Buses Rurales Vega Techada,Colegio San Rafael Arcángel,,Clínica Los Andes,Santa Isabel,Hogar Universidad de Concepción,819,113,255,386,409,514,0.74,6.7,34,demo,9.5,9.5,8.7,8.8
https://example.invalid/demo/01236,Estación Intermodal Coronel,Escuela Vista Hermosa,,Hospital San José de Coronel,Unimarc,,2131,596,766,1114,1336,2058,0.74,6.8,38,demo,9.5,9.5,9.3,9.5
https://example.invalid/demo/00636,Pedro Medina,Colegio de Lenguaje Senderos de BioBio,,Cruz Roja Filial Chiguayante,Super Ganga,,1116,933,884,1505,1368,,0.76,2.8,33,demo,9.5,8.7,5.2,7.8
https://example.invalid/demo/01192,,Instituto de Humanidades Alfredo Silva Santiago,Parque Ecuador,Medyks,Supermercado Versluys,Universidad de las Américas,278,129,176,270,432,300,0.82,3.8,39,demo,9.5,4.3,4.2,4.2
https://example.invalid/demo/02446,Juan Pablo II,Deutsche Schule Concepción,,Ex Clínica Universitaria San Pedro,Unimarc,Instituto Profesional Virginio Gómez,1905,852,596,1184,1056,3014,0.79,2.7,29,demo,9.5,3.3,2.8,3.2
https://example.invalid/demo/01477,Universidad Técnica Federico Santa María,Jardín Infantil Jugando Aprendo,,Sanatorio Alemán,Bodega Acuenta,Universidad Técnica Federico Santa María,1403,334,187,749,124,1229,0.61,7.7,28,demo,9.5,9.5,8.7,9.3
https://example.invalid/demo/01352,Lorenzo Arenas,Liceo Polivalente Lorenzo Arenas Olivo,Plaza de la Abejita,Centro Kelluwün,Jumbo,Escuela de Suboficiales de Carabineros - Grupo Concepción,1270,732,694,640,526,1938,0.67,8.7,33,demo,9.5,9.5,9.5,9.5
https://example.invalid/demo/03127,,Escuela Especial Tomé,Plaza Arturo Prat,Hospital de Tomé,Mayorista 10,,2690,403,363,827,101,,0.63,3.7,30,demo,9.5,4.5,3.7,4.0
https://example.invalid/demo/02036,Juan Pablo II,Colegio Santísima Trinidad,,Ex Clínica Universitaria San Pedro,Unimarc,INACAP San Pedro de la Paz,2441,775,476,1598,790,3564,0.67,3.2,36,demo,9.5,6.7,4.8,5.2
https://example.invalid/demo/01705,Terminal de Buses Rurales Vega Techada,Colegio Concepción,,Centro Médico Andes Salud,Tottus,Hogar Universidad de Concepción,1677,394,584,450,813,1358,0.69,8.5,29,demo,9.5,9.5,9.5,9.5
https://example.invalid/demo/01417,Universidad Técnica Federico Santa María,Colegio Parque Central,,Clínica Mutual de Seguridad CCHC,Alvi,Universidad Técnica Federico Santa María,696,402,118,1122,798,484,0.61,6.3,28,demo,9.5,9.5,9.2,9.2
https://example.invalid/demo/01612,Terminal Tur Bus,Colegio La Fuente,,Centro Médico Andes Salud,Lider,Hogar Universidad de Concepción,2042,1274,1586,2560,1482,3127,0.73,8.8,30,demo,9.5,9.5,9.5,9.5
https://example.invalid/demo/00568,Pedro Medina,Colegio de Lenguaje Senderos de BioBio,,Cruz Roja Filial Chiguayante,Super Ganga,,1042,860,828,1512,1312,,0.71,7.7,34,demo,9.5,9.5,8.8,9.5
https://example.invalid/demo/02489,Juan Pablo II,Escuela de Lenguaje Llacolén,Plaza Bellavista,Ex Clínica Universitaria San Pedro,Santa Isabel,Univesidad Santo Tomás Concepción,1091,357,288,915,678,2695,0.83,4.3,35,demo,9.5,5.5,4.5,5.2
https://example.invalid/demo/02785,Mercado,Colegio Especial del Mar,Paseo Ventana al Mar,Filial Cruz Roja Talcahuano,Santa Isabel,Instituto Profesional ESUCOMEX Talcahuano,943,277,290,207,843,862,0.86,8.0,28,demo,9.5,9.5,9.5,9.5
https://example.invalid/demo/02698,Hospital Las Higueras,Escuela Santa Clara,,Instituto de Seguridad del Trabajo de Talcahuano,Supermercado Ganga,Universidad Católica de la Santísima Concepción Talcahuano,1165,725,418,1392,1105,1129,0.69,8.8,32,demo,9.5,9.2,9.2,9.2
https://example.invalid/demo/00990,Estación Intermodal Concepción,Colegio Carmela Romero de Espinosa,Plaza España,CITSALUD,Alimentos del Pedregal,Instituto Profesional Valle Central,338,61,224,135,224,186,0.6,5.7,30,demo,9.5,8.8,6.2,7.3
https://example.invalid/demo/01829,Terminal Santa Rita,Escuela de Lenguaje Palabras Magicas,Plaza Pinto,Consultorio,Jumbo,Instituto Santo Tomás,1234,209,268,233,617,551,0.69,6.2,29,demo,9.5,9.3,7.7,9.0
https://example.invalid/demo/00941,Buses Delsal,Colegio San Pedro Nolasco,,Indimed,Santa Isabel,Preuniversitarios Cpech,348,20,429,355,182,472,0.65,0.0,31,demo,9.5,6.8,0.0,6.7
https://example.invalid/demo/01923,Lirquén,Liceo Pencopolitano,,UAPO,Selecta,,3429,779,929,1176,997,,0.65,6.5,31,demo,9.5,9.5,9.3,9.5
https://example.invalid/demo/02739,Hospital Las Higueras,Colegio Talcahuano,,Instituto de Seguridad del Trabajo de Talcahuano,Supermercado Ganga,Universidad Católica de la Santísima Concepción Talcahuano,763,630,718,1237,642,645,0.77,1.5,39,demo,9.5,4.8,4.8,4.8
https://example.invalid/demo/00763,Terminal de Buses 63 Rengo Lientur,Colegio Camilo Henríquez,Plaza La Virgen,Centro Medico Universidad San Sebastián,Mayorista Super Ganga,Universidad San Sebastián,642,367,273,520,429,368,0.65,2.5,34,demo,9.5,6.3,4.8,6.2
https://example.invalid/demo/02836,Hospital Las Higueras,Escuela Leonor Mascayano,,Hospital Las Higueras,Supermercado Ganga,Universidad Católica de la Santísima Concepción Talcahuano,531,353,501,709,296,170,0.69,7.7,32,demo,9.5,8.5,8.2,8.5
https://example.invalid/demo/02467,Juan Pablo II,Escuela Darío Salas,Plaza Municipalidad San Pedro de la Paz,Ex Clínica Universitaria San Pedro,Supermercado Super Ganga,INACAP San Pedro de la Paz,537,18,93,928,352,2757,0.69,8.7,26,demo,9.5,9.5,9.3,9.5
https://example.invalid/demo/03141,,Carlos Mahns Choupay,Plaza Arturo Prat,Hospital de Tomé,Acuenta,,2870,397,876,792,739,,0.69,6.3,36,demo,9.5,8.3,6.5,7.5
https://example.invalid/demo/01182,Conquistador,Colegio Marcela Paz,Parque Las Tres Pascualas,Centro Medico Universidad San Sebastián,Lider Express,Universidad San Sebastián,663,290,221,414,266,560,0.82,6.2,28,demo,9.5,8.7,8.7,8.7
https://example.invalid/demo/02756,El Arenal,Colegio Remodelación Simons,,Filial Cruz Roja Talcahuano,Lider,Universidad Católica de la Santísima Concepción Talcahuano,1068,612,245,1320,292,857,0.53,7.8,32,demo,9.5,9.5,9.3,9.5
https://example.invalid/demo/00904,Terminal de Buses Collao,Colegio Salesiano,,Centro de Salud Familiar Víctor Manuel Fernández,Super Ganga,Universidad del Desarrollo,1141,194,242,269,110,408,0.6,4.7,35,demo,9.5,9.5,9.3,9.5
https://example.invalid/demo/00132,Chiguayante,Escuela Especial de Lenguaje Altos de Chiguayante,,Cruz Roja Filial Chiguayante,Supermercado Mey,,1576,1380,1003,1717,1547,,0.78,6.0,36,demo,9.5,9.5,9.0,9.5
https://example.invalid/demo/02255,Juan Pablo II,Escuela Miguel José Zañartu Santa María E-653,Parque Laguna Grande,Ex Clínica Universitaria San Pedro,Rincón del Valle - Minimarket,INACAP San Pedro de la Paz,1412,602,312,1079,897,2281,0.76,5.7,37,demo,9.5,6.8,5.7,6.2
https://example.invalid/demo/02078,Juan Pablo II,Colegio Santísima Trinidad,,Ex Clínica Universitaria San Pedro,Unimarc,INACAP San Pedro de la Paz,2269,461,293,1481,711,3137,0.8,4.7,35,demo,9.5,9.5,8.3,8.7
https://example.invalid/demo/00890,Terminal de Buses 63 Rengo Lientur,Escuela Particular Santa Emilia,,Centro Medico Universidad San Sebastián,Lider Express,Universidad San Sebastián,941,91,50,178,358,44,0.74,6.3,34,demo,9.5,9.5,7.5,8.5
https://example.invalid/demo/00434,Manquimávida,Colegio Licanray,,CESFAM Chiguayante,Acuenta,,536,320,78,1387,896,,0.67,6.7,30,demo,9.5,9.5,9.5,9.5
https://example.invalid/demo/01808,Terminal de Buses Islajacoop,Tryar,,Hospital Mutual de Seguridad de Los Ángeles ACHS,Unimarc,Instituto AIEP,248,273,446,513,106,476,0.76,1.2,29,demo,9.5,1.3,1.3,1.3
https://example.invalid/demo/01262,Estación Intermodal Coronel,Colegio Jorge Rojas,Plaza Estación intermodal Coronel,Centro kinésico Coronel,Santa Isabel,,454,125,408,649,566,1600,0.69,2.5,39,demo,9.5,3.8,2.8,3.0
https://example.invalid/demo/00297,Pedro Medina,Colegio de Lenguaje Senderos de BioBio,,Cruz Roja Filial Chiguayante,Unimarc,,2465,2296,2297,2718,2777,,0.81,7.0,36,demo,9.5,9.5,9.3,9.5
https://example.invalid/demo/00073,Chiguayante,Escuela Especial Centro de Capacitación e Integración Laboral Kries,,Cruz Roja Filial Chiguayante,Supermercado Mey,,1322,1083,670,1375,1187,,0.61,8.3,36,demo,9.5,9.5,9.5,9.5
https://example.invalid/demo/01476,Terminal de colectivos 21,Escuela de Lenguaje Peumayen,Plaza Arturo Prat,CESFAM Hualpencillo,Supermercado G y G,CEDUC UCN Hualpén,1067,252,377,846,483,1190,0.81,4.8,42,demo,9.5,6.5,5.3,5.5
https://example.invalid/demo/01799,Terminal Santa Rita,Escuela de Lenguaje Millaray,Parque Central Avenida Vicuña Mackenna,Consultorio,Supermercado Unico,Instituto Santo Tomás,1707,150,111,709,288,1069,0.69,5.0,32,demo,9.5,7.7,6.3,7.0
https://example.invalid/demo/01435,Terminal de colectivos 21,Liceo Pedro del Rio Zañartu,Plaza Arturo Prat,CESFAM Talcahuano Sur,Supermercado G y G,CEDUC UCN Hualpén,1062,147,230,908,634,1180,0.75,0.8,44,demo,9.5,9.5,7.3,8.5
https://example.invalid/demo/00217,Terminal de buses Vía Futuro,Colegio Miguel de Cervantes,,CESFAM Pinares,Santa Hilda,,2179,1554,1586,2295,2346,,0.67,5.7,27,demo,9.5,9.5,9.5,9.5
https://example.invalid/demo/01179,Estación Intermodal Concepción,Liceo de Niñas,,Clínica Dental San Martín,Emporio Agrícola,Universidad Católica de la Santísima Concepción Campus Santo Domingo,761,78,230,22,263,88,0.73,4.5,33,demo,9.5,6.3,4.7,5.2
https://example.invalid/demo/00485,Pedro Medina,Colegio de Lenguaje Senderos de BioBio,,Cruz Roja Filial Chiguayante,Super Ganga,,1162,979,931,1535,1415,,0.7,5.0,33,demo,9.5,7.3,5.7,6.2
https://example.invalid/demo/01893,Lirquén,Colegio A-Lafken,,CESFAM Penco,Gabito,,3417,183,233,573,164,,0.82,2.7,38,demo,9.5,4.8,3.0,3.7
https://example.invalid/demo/00278,Estación de buses Turbus,Escuela Especial Centro de Capacitación e Integración Laboral Kries,,Cruz Roja Filial Chiguayante,Supermercado Mey,,659,328,179,586,403,,0.41,2.0,41,demo,9.5,5.7,5.0,5.3
https://example.invalid/demo/00462,Estación de buses Turbus,Colegio John F. Kennedy,Plaza Manuel Rodríguez,Cruz Roja Filial Chiguayante,Supermercado Monika,,967,627,1047,822,956,,0.66,8.3,32,demo,9.5,9.0,8.5,8.8
https://example.invalid/demo/02913,,Escuela de Lenguaje Amanecer,,CESFAM Alberto Reyes,Unimarc,,4980,257,555,420,2245,,0.79,7.3,33,demo,9.5,9.5,9.5,9.5
https://example.invalid/demo/01297,Estación Intermodal Coronel,Escuela Javiera Carrera,,CESFAM Yobilo,Santa Isabel,,1089,639,529,509,1101,2063,0.91,2.3,34,demo,9.5,4.8,3.5,4.3
https://example.invalid/demo/01021,,Colegio La Providencia,Plaza Perú,Centro Médico Obstétrico y Ginecológico,Alimentos del Pedregal,Preuniversitarios Cpech,763,156,364,169,236,71,0.69,4.5,29,demo,9.5,7.3,4.8,5.5
https://example.invalid/demo/02936,,Escuela Margarita Naseau,Plazoleta Lisa Peters Teubner,Hospital de Tomé,Unimarc,,3226,76,106,688,533,,0.77,5.3,35,demo,9.5,9.5,9.5,9.5
https://example.invalid/demo/02878,,Carlos Mahns Choupay,Plaza Arturo Prat,Hospital de Tomé,Acuenta,,2616,194,808,892,569,,0.54,2.8,35,demo,9.5,7.7,4.7,6.2
https://example.invalid/demo/01590,Terminal de Buses Rurales Vega Techada,Escuela Diferencial Alen,,CESFAM Norte,Supermercado Acuenta,Centro Integral de Educación Tecnológica Curamávida,1927,411,326,883,1166,1173,0.7,5.0,33,demo,9.5,9.5,9.5,9.5
https://example.invalid/demo/00254,Estación de buses Turbus,Colegio John F. Kennedy,,Cruz Roja Filial Chiguayante,Supermercado Monika,,2026,1697,1881,1892,2020,,0.71,6.7,28,demo,9.5,6.7,6.7,6.7
https://example.invalid/demo/00358,Pedro Medina,Colegio de Lenguaje Senderos de BioBio,,Cruz Roja Filial Chiguayante,Lider,,2186,2042,1933,2798,2436,,0.62,5.2,39,demo,9.5,8.3,8.0,8.0
https://example.invalid/demo/02965,,Escuela Margarita Naseau,Paseo Lisa Peters T.,Hospital de Tomé,Mayorista 10,,2666,515,440,1084,434,,0.67,0.0,36,demo,9.5,8.8,8.8,8.8
https://example.invalid/demo/00950,Terminal de líneas a Tomé,Colegio la Inmaculada Concepción,Bandejón central Manuel Rodríguez,Centro Integral del Adulto Mayor Juan Soto Fernández,Supermercado Unihue,Colegio Bautista de Concepción,178,320,71,860,662,428,0.72,0.0,36,demo,9.5,0.0,0.0,0.0
https://example.invalid/demo/00314,Pedro Medina,Colegio de Lenguaje Senderos de BioBio,,Cruz Roja Filial Chiguayante,Super Ganga,,773,588,479,1238,962,,0.78,5.0,27,demo,9.5,5.8,5.0,5.0
https://example.invalid/demo/02454,Juan Pablo II,Deutsche Schule Concepción,,Ex Clínica Universitaria San Pedro,Unimarc,Instituto Profesional Virginio Gómez,2337,1414,227,1704,1606,2592,0.56,7.5,32,demo,9.5,9.5,9.3,9.5
https://example.invalid/demo/02959,,Escuela Mariano Egaña,Parque Villa Nuevo Tomé,CESFAM Alberto Reyes,Acuenta,,4599,771,688,1497,2190,,0.77,4.5,35,demo,9.5,8.5,8.2,8.2
https://example.invalid/demo/03121,,Escuela República De Panamá,Paseo Lisa Peters T.,Hospital de Tomé,Mayorista 10,,2454,640,637,1194,471,,0.65,6.8,37,demo,9.5,9.5,7.8,9.5
https://example.invalid/demo/01653,Terminal Santa Rita,Colegio San Ignacio,,CESFAM/ SAPU 2 de Septiembre,Supermercado Acuenta,Inacap Los Ángeles,2088,219,69,895,484,1118,0.63,5.3,35,demo,9.5,8.7,6.5,8.3
https://example.invalid/demo/01665,Terminal Santa Rita,Escuela D-953 José Manso de Velasco (ex n° 2),,Complejo Asistencial Doctor Víctor Ríos Ruiz,Lider,,692,179,105,89,248,249,0.69,3.2,32,demo,9.5,3.8,3.3,3.5
https://example.invalid/demo/02249,Juan Pablo II,Deutsche Schule Concepción,,Ex Clínica Universitaria San Pedro,Unimarc,INACAP San Pedro de la Paz,1629,164,425,769,294,3580,0.78,2.8,32,demo,9.5,5.7,3.8,4.3
https://example.invalid/demo/02269,Juan Pablo II,Escuela de Lenguaje Llacolén,,Ex Clínica Universitaria San Pedro,Santa Isabel,AIEP,1642,929,576,1071,1086,2757,0.73,4.0,33,demo,9.5,5.0,5.0,5.0
https://example.invalid/demo/01876,Estación de Buses Translota,CEIA San Luis de Potosí República de México,Plaza Lota,CESFAM Doctor Sergio Lagos Olave,Supermercado aCuenta,,555,1256,1441,1484,1383,,0.67,8.0,27,demo,9.5,9.5,9.0,9.5
https://example.invalid/demo/00934,,Colegio Einstein Concepcion,,Hospital Clínico Regional Doctor Guillermo Grant Benavente,Santa Isabel,Federación de Estudiantes Universidad de Concepción,483,209,144,349,522,204,0.55,7.3,31,demo,9.5,8.2,7.8,7.8
https://example.invalid/demo/00288,Estación de buses Turbus,Colegio Chileno Árabe,,Cruz Roja Filial Chiguayante,Supermercado Mey,,1829,1148,1171,1610,1722,,0.74,9.2,38,demo,9.5,9.5,9.5,9.5
https://example.invalid/demo/02649,Mercado,Liceo Almirante Pedro Espina Ritchie,Paseo Ventana al Mar,Filial Cruz Roja Talcahuano,,Instituto Profesional ESUCOMEX Talcahuano,1270,442,307,458,926,871,0.69,2.7,32,demo,9.5,9.5,9.0,9.5
https://example.invalid/demo/01240,Laguna Quiñenco,Colegio Wenga Coronel,,CESFAM Yobilo,SuperBodega aCuenta,Centro de Estudios e Inclusión Laboral Biocor,338,136,481,591,471,2207,0.82,8.0,33,demo,9.5,9.5,9.5,9.5
https://example.invalid/demo/02274,Juan Pablo II,Deutsche Schule Concepción,,Ex Clínica Universitaria San Pedro,Unimarc,Instituto Profesional Virginio Gómez,2230,806,550,1384,810,3629,0.73,4.2,30,demo,9.5,9.5,6.8,9.5
https://example.invalid/demo/00539,Pedro Medina,Colegio de Lenguaje Senderos de BioBio,,Policlínico Chiguayante,Lider,,918,812,840,1587,1131,,0.8,6.3,35,demo,9.5,7.7,7.3,7.5
https://example.invalid/demo/02020,Juan Pablo II,Escuela de Lenguaje Llacolén,Plaza Bellavista,Ex Clínica Universitaria San Pedro,Super Gangas,Instituto Santo Tomás,1311,1242,976,1862,1190,2373,0.7,5.0,43,demo,9.5,9.5,6.5,6.8
https://example.invalid/demo/01091,Concepción,Escuela Óscar Castro Zúñiga,Parque Costanera,Centro de Salud Familiar Juan Soto Fernández,Tottus,Univesidad Santo Tomás Concepción,573,567,212,462,513,812,0.66,8.3,35,demo,9.5,9.5,9.5,9.5
https://example.invalid/demo/01389,Universidad Técnica Federico Santa María,Colegio Adventista,,CESFAM Talcahuano Sur,Alvi,Universidad Técnica Federico Santa María,825,289,188,1134,368,711,0.68,4.3,37,demo,9.5,5.7,4.5,4.8
https://example.invalid/demo/00093,Chiguayante,Liceo Chiguayante,,Policlínico Chiguayante,Santa Isabel,,1114,399,359,568,714,,0.77,6.5,30,demo,9.5,9.5,9.3,9.5
https://example.invalid/demo/00854,Terminal de líneas a Tomé,Colegio Alerce,,Centro de Salud Familiar Juan Soto Fernández,Tottus,Instituto Santo Tomás,1559,697,607,1166,1443,1511,0.71,7.0,31,demo,9.5,9.5,8.2,9.5
https://example.invalid/demo/03049,,Escuela República De Panamá,Plaza Arturo Prat,CESFAM/ SAPU Bellavista,Acuenta,,2049,96,1012,1010,663,,0.68,6.3,31,demo,9.5,9.3,9.0,9.3
https://example.invalid/demo/00323,Chiguayante,Escuela José Hipólito Salas y Toro,,Cruz Roja Filial Chiguayante,Santa Isabel,,740,649,385,821,693,,0.59,5.0,37,demo,9.5,8.8,5.8,7.3
https://example.invalid/demo/03114,,Escuela Básica y Adultos California,Plaza Arturo Prat,Hospital de Tomé,Acuenta,,2301,288,987,1173,669,,0.74,3.3,31,demo,9.5,3.7,3.7,3.7
https://example.invalid/demo/01147,Conquistador,Instituto Comercial,,Clínica Kenal,Super Ganga,Colegio Bautista de Concepción,490,83,106,499,74,339,0.67,5.5,36,demo,9.5,8.3,6.2,7.2
https://example.invalid/demo/02812,Hospital Las Higueras,Escuela Santa Clara,,Instituto de Seguridad del Trabajo de Talcahuano,Supermercado Ganga,Universidad Católica de la Santísima Concepción Talcahuano,648,307,484,820,687,769,0.65,5.5,37,demo,9.5,9.5,7.8,9.5
https://example.invalid/demo/00980,,Liceo Polivalente Experimental Lucila Godoy Alcayaga,Parque Ecuador,Clínica Odontológica Advance,Emporio Agrícola,Universidad de las Américas Concepcion,713,91,186,54,160,140,0.68,3.8,38,demo,9.5,6.3,5.8,6.3
https://example.invalid/demo/01335,Universidad Técnica Federico Santa María,Escuela de Lenguaje Santa Leonor,,CESFAM Hualpencillo,Alvi,CEDUC UCN Hualpén,132,307,344,1485,500,73,0.68,2.7,37,demo,9.5,9.5,9.3,9.5
https://example.invalid/demo/01395,Universidad Técnica Federico Santa María,Escuela Cuyimpalihue,,CESFAM Talcahuano Sur,Bodega Acuenta,Universidad Técnica Federico Santa María,1273,25,185,733,534,1159,0.59,3.8,44,demo,9.5,7.8,6.3,7.3
https://example.invalid/demo/03042,,Escuela Margarita Naseau,Paseo Lisa Peters T.,Hospital de Tomé,Unimarc,,3733,883,904,1466,1354,,0.69,8.5,36,demo,9.5,9.5,9.5,9.5
https://example.invalid/demo/01889,Lirquén,Escuela de Lenguaje Jardin de Palabras,,UAPO,Provisiones Eugenio,,4114,370,521,1294,758,,0.65,6.3,34,demo,9.5,9.5,9.5,9.5
https://example.invalid/demo/02097,Juan Pablo II,Colegio Santísima Trinidad,,Ex Clínica Universitaria San Pedro,Unimarc,INACAP San Pedro de la Paz,1661,186,346,893,309,3009,0.73,4.2,33,demo,9.5,6.3,4.3,5.0
https://example.invalid/demo/02284,Juan Pablo II,Escuela de Lenguaje Llacolén,Plaza Bellavista,Ex Clínica Universitaria San Pedro,Super Gangas,Univesidad Santo Tomás Concepción,1082,422,146,1058,734,2565,0.66,6.5,35,demo,9.5,9.5,9.3,9.5
https://example.invalid/demo/03020,,Escuela Margarita Naseau,Paseo Lisa Peters T.,Hospital de Tomé,Unimarc,,2979,287,224,992,551,,0.66,5.7,35,demo,9.5,8.2,7.8,8.0
https://example.invalid/demo/01522,Hualqui,Escuela D-600 Manuel Amat y Juniet,Plaza Hualqui,CESFAM Hualqui,Unimarc,,324,181,261,523,626,,0.79,5.5,33,demo,9.5,8.0,6.3,7.3
https://example.invalid/demo/02535,Juan Pablo II,Deutsche Schule Concepción,,Ex Clínica Universitaria San Pedro,Unimarc,Instituto Profesional Virginio Gómez,2558,1323,795,1791,1418,3126,0.77,7.0,35,demo,9.5,8.5,8.5,8.5
https://example.invalid/demo/02725,Mercado,Liceo Almirante Pedro Espina Ritchie,Borde Costero El Morro,Filial Cruz Roja Talcahuano,Lider,Instituto Profesional ESUCOMEX Talcahuano,2281,1675,1460,1636,1982,2107,0.79,7.5,34,demo,9.5,9.5,9.3,9.5
https://example.invalid/demo/01901,Lirquén,Escuela Penco,,CESFAM Penco,Gabito,,4333,1229,1099,1680,1491,,0.65,2.3,37,demo,9.5,9.5,9.3,9.5
https://example.invalid/demo/01982,Juan Pablo II,Colegio Santísima Trinidad,,Ex Clínica Universitaria San Pedro,Unimarc,INACAP San Pedro de la Paz,1571,626,385,1089,923,2396,0.67,6.0,36,demo,9.5,9.0,6.8,7.3
https://example.invalid/demo/01277,Estación Intermodal Coronel,Escuela: Rafael Sotomayor D-675,,Mutual de seguridad: CCHC,Unimarc,,633,206,70,237,229,773,0.81,7.5,32,demo,9.5,8.5,8.3,8.5
https://example.invalid/demo/00836,,Instituto de Humanidades Alfredo Silva Santiago,Parque Ecuador,Inmunomédica,Supermercado Versluys,Departamento de Musica UdeC,105,107,105,371,490,355,0.81,7.0,27,demo,9.5,9.0,8.3,8.7
https://example.invalid/demo/01059,Terminal de Buses Jota Ewert,Escuela Parvularia Blanca Estela,Plazoleta Jaqueline Van Rysselberghe,CESFAM Tucapel,Minimarket Xiomara,Universidad San Sebastián,1134,131,401,191,431,835,0.77,8.0,26,demo,9.5,9.0,8.5,8.8
https://example.invalid/demo/01494,Universidad Técnica Federico Santa María,Colegio Alonkura,Plaza Arturo Prat,CESFAM Talcahuano Sur,Alvi,CEDUC UCN Hualpén,1032,65,160,893,489,971,0.69,6.2,32,demo,9.5,8.2,6.3,7.7
https://example.invalid/demo/02155,Juan Pablo II,"Colegio Concepción San Pedro, campus Villa",Parque Laguna Grande,Ex Clínica Universitaria San Pedro,Pulpería Alemana,INACAP San Pedro de la Paz,1081,174,222,1112,555,2271,0.59,5.3,32,demo,9.5,9.5,9.3,9.5
https://example.invalid/demo/02088,Juan Pablo II,Saint John's School,,Ex Clínica Universitaria San Pedro,Unimarc,INACAP San Pedro de la Paz,4160,1940,1350,3313,2509,4623,0.64,6.5,33,demo,9.5,9.5,9.5,9.5
https://example.invalid/demo/02189,Juan Pablo II,Saint John's School,,Ex Clínica Universitaria San Pedro,Unimarc,INACAP San Pedro de la Paz,3080,694,120,2288,1495,3427,0.68,7.7,31,demo,9.5,8.7,8.7,8.7
https://example.invalid/demo/01339,Universidad Técnica Federico Santa María,Liceo Santa Leonor,,CESFAM Hualpencillo,"SuperMercado ""Sacarllet""",CEDUC UCN Hualpén,812,139,65,1722,915,833,0.62,6.7,34,demo,9.5,9.5,9.2,9.5
https://example.invalid/demo/00671,Chiguayante,Escuela Especial de Lenguaje Altos de Chiguayante,,Cruz Roja Filial Chiguayante,Supermercado Monika,,265,266,226,549,365,,0.74,5.7,27,demo,9.5,9.5,8.7,9.0
https://example.invalid/demo/02375,Juan Pablo II,Escuela Luis Alberto Acevedo,Plaza San Pedro Histórico,Ex Clínica Universitaria San Pedro,Santa Isabel,Univesidad Santo Tomás Concepción,722,187,221,354,140,3279,0.65,2.3,34,demo,9.5,7.8,5.0,7.7
https://example.invalid/demo/01261,Estación Intermodal Coronel,Escuela Diferencial Rayito de Sol,,Hospital San José de Coronel,Unimarc,,2731,1132,937,1606,1865,1647,0.75,7.0,40,demo,9.5,9.5,9.3,9.5
https://example.invalid/demo/00193,Pedro Medina,Colegio de Lenguaje Senderos de BioBio,,CESFAM Pinares,Lider,,1313,1215,948,1983,1473,,0.79,8.7,29,demo,9.5,9.5,9.2,9.5
https://example.invalid/demo/03144,,Liceo República del Ecuador,"Plaza Inclusiva ""Samuel Muñoz""",Hospital de Tomé,Acuenta,,3356,351,459,371,849,,0.86,7.5,35,demo,9.5,9.5,8.7,8.8
https://example.invalid/demo/01394,Lorenzo Arenas,Colegio Parque Central,,Clínica Mutual de Seguridad CCHC,Lider,Duoc UC,1411,627,636,502,437,1114,0.64,3.0,33,demo,9.5,9.5,9.3,9.5
https://example.invalid/demo/02040,El Parque,Saint John's School,,Ex Clínica Universitaria San Pedro,Unimarc,INACAP San Pedro de la Paz,3289,864,473,2701,1918,3480,0.58,5.7,33,demo,9.5,9.0,7.2,7.8
https://example.invalid/demo/00657,Estación de buses Turbus,Colegio John F. Kennedy,Plaza Manuel Rodríguez,Cruz Roja Filial Chiguayante,Supermercado Monika,,614,390,700,574,623,,0.78,1.7,32,demo,9.5,6.7,6.3,6.7
https://example.invalid/demo/00659,Chiguayante,Escuela José Hipólito Salas y Toro,,Cruz Roja Filial Chiguayante,Santa Isabel,,725,621,371,816,665,,0.56,6.8,32,demo,9.5,8.3,6.8,7.3
https://example.invalid/demo/02406,Juan Pablo II,Deutsche Schule Concepción,,Ex Clínica Universitaria San Pedro,Unimarc,INACAP San Pedro de la Paz,1401,138,292,547,269,3341,0.75,4.0,40,demo,9.5,8.2,5.8,8.2
https://example.invalid/demo/00248,Manquimávida,Colegio Licanray,,CESFAM Chiguayante,Supermercado Ganga,,750,60,72,1083,738,,0.88,7.2,34,demo,9.5,9.5,9.3,9.5
https://example.invalid/demo/02407,Juan Pablo II,,Plaza Enrique Soro,Ex Clínica Universitaria San Pedro,Super Gangas,Instituto Santo Tomás,973,819,642,1680,968,2835,0.67,6.5,39,demo,9.5,9.0,8.0,8.3
https://example.invalid/demo/00649,Pedro Medina,Colegio de Lenguaje Senderos de BioBio,,Policlínico Chiguayante,Unimarc,,473,384,641,1143,731,,0.7,5.0,33,demo,9.5,5.7,5.3,5.7
https://example.invalid/demo/01908,Lirquén,Colegio A-Lafken,,CESFAM Penco,Provisiones Eugenio,,3354,224,248,547,129,,0.81,6.7,37,demo,9.5,9.5,7.3,8.8
https://example.invalid/demo/00284,Estación de buses Turbus,Colegio Chileno Árabe,,Cruz Roja Filial Chiguayante,Supermercado Mey,,1466,889,991,1246,1358,,0.71,7.3,34,demo,9.5,9.2,8.8,9.2
https://example.invalid/demo/00493,Pedro Medina,Colegio de Lenguaje Senderos de BioBio,,Cruz Roja Filial Chiguayante,Santa Isabel,,763,598,360,997,795,,0.83,1.0,35,demo,9.5,3.3,1.0,1.2
https://example.invalid/demo/01030,Buses Delsal,Centro De Capacitación Laboral Urcae COALIVI,Huerta Comunitaria C3,Clínica Kenal,Super Ganga,Casa Central Universidad Catolica de la Santisima Concepción,207,136,285,572,52,421,0.66,1.3,32,demo,9.5,7.5,3.2,5.3
https://example.invalid/demo/01196,,Colegio España,,SAMU,Colun,Programa de Estudios sobre la Responsabilidad Social y Programa Talentos UdeC,964,423,141,385,656,103,0.76,7.3,34,demo,9.5,9.5,9.0,9.5
https://example.invalid/demo/02502,Juan Pablo II,Deutsche Schule Concepción,,Ex Clínica Universitaria San Pedro,Unimarc,Instituto Profesional Virginio Gómez,1969,1073,355,1324,1294,2765,0.66,4.2,32,demo,9.5,7.3,6.7,7.0
https://example.invalid/demo/01738,Terminal Santa Rita,Liceo Alemán,Plaza Pinto,Consultorio,Lider,Instituto Santo Tomás,1062,155,78,65,445,471,0.73,4.8,37,demo,9.5,9.5,8.3,9.2
https://example.invalid/demo/00919,,Escuela F-560 Luis Muñoz Burboa,Parque Metropolitano Cerro Caracol,Clínica de la mujer - Sanatorio Alemán,Señora Teresa,Centro Mandala,1529,964,1089,1523,1474,1200,0.77,0.0,31,demo,9.5,9.5,9.5,9.5
https://example.invalid/demo/00855,,Mozatschule Concepción,,SAMU,Colun,Universidad de Concepción,1264,637,894,1203,1502,622,0.65,4.5,31,demo,9.5,7.3,7.3,7.3
https://example.invalid/demo/01812,Terminal de Buses Islajacoop,Escuela F-929 11 de Septiembre,,CESFAM Norte,Supermercado Acuenta,Inacap Los Ángeles,1757,113,279,706,178,873,0.66,7.0,35,demo,9.5,7.7,7.5,7.7
https://example.invalid/demo/03053,,Escuela Lisa Enriqueta Peter Teubner,Parque Villa Nuevo Tomé,Hospital de Tomé,Acuenta,,2938,261,1133,1336,1332,,0.92,4.2,36,demo,9.5,9.5,9.5,9.5
https://example.invalid/demo/00260,Estación de buses Turbus,Colegio Santa Inés,Plaza Manuel Rodríguez,Cruz Roja Filial Chiguayante,Supermercado Mey,,426,122,468,186,297,,0.7,8.0,33,demo,9.5,9.5,9.0,9.5
https://example.invalid/demo/02517,Concepción,Escuela Particular Santa Catalina de Siena,,CESFAM Pedro de Valdivia (Concepción),Jumbo,Instituto Profesional Virginio Gómez,2073,1625,513,1550,1668,2017,0.63,6.2,38,demo,9.5,8.7,8.0,8.3
https://example.invalid/demo/02529,Juan Pablo II,Escuela de Lenguaje Llacolén,Plaza Bellavista,Ex Clínica Universitaria San Pedro,Santa Isabel,Univesidad Santo Tomás Concepción,1389,663,489,1178,978,2453,0.76,4.7,29,demo,9.5,9.5,6.0,9.5
https://example.invalid/demo/00187,Estación de buses Turbus,Colegio Chileno Árabe,,Cruz Roja Filial Chiguayante,Unimarc,,3312,2359,2212,3084,2630,,0.68,2.2,37,demo,9.5,9.5,9.5,9.5
https://example.invalid/demo/02506,Juan Pablo II,Escuela de Lenguaje Llacolén,,Ex Clínica Universitaria San Pedro,Santa Isabel,AIEP,1773,1031,456,1297,1252,2487,0.66,8.3,32,demo,9.5,9.5,9.5,9.5
https://example.invalid/demo/00802,Buses Delsal,Colegio Per Se,,Clínica Ernesto Silva B.,La Taquilla,Universidad del Desarrollo,1072,89,245,213,296,220,0.59,4.3,37,demo,9.5,5.2,4.5,5.0
https://example.invalid/demo/01067,Buses Delsal,Escuela de Lenguaje Girasol,Plaza Perú,Centro Médico Obstétrico y Ginecológico,Alimentos del Pedregal,Preuniversitarios Cpech,755,139,473,200,250,107,0.74,4.2,31,demo,9.5,7.8,5.5,5.8
https://example.invalid/demo/02419,Juan Pablo II,Deutsche Schule Concepción,,Ex Clínica Universitaria San Pedro,Unimarc,INACAP San Pedro de la Paz,1994,521,170,1133,432,3682,0.55,6.3,33,demo,9.5,9.5,7.8,8.5
https://example.invalid/demo/00253,Pedro Medina,Colegio de Lenguaje Senderos de BioBio,,Cruz Roja Filial Chiguayante,Supermercado Monika,,1877,1695,1627,1949,2033,,0.63,6.3,35,demo,9.5,9.5,9.2,9.5
https://example.invalid/demo/03129,,Escuela República De Panamá,Plaza Arturo Prat,CESFAM/ SAPU Bellavista,Acuenta,,2191,206,859,1148,513,,0.65,6.8,26,demo,9.5,9.2,8.5,8.5
https://example.invalid/demo/02741,Mercado,Liceo Almirante Pedro Espina Ritchie,Paseo Ventana al Mar,Filial Cruz Roja Talcahuano,,Instituto Profesional ESUCOMEX Talcahuano,1195,371,242,380,893,827,0.74,8.0,34,demo,9.5,9.5,9.5,9.5
https://example.invalid/demo/00149,Estación de buses Turbus,Colegio John F. Kennedy,,Cruz Roja Filial Chiguayante,Supermercado Monika,,2703,2364,2506,2554,2694,,0.68,7.8,31,demo,9.5,9.5,9.2,9.5
https://example.invalid/demo/02712,Mercado,Escuela Dama Blanca,Plaza de Armas de Talcahuano,Filial Cruz Roja Talcahuano,Santa Isabel,Instituto Profesional ESUCOMEX Talcahuano,399,212,400,909,366,1012,0.77,5.0,35,demo,9.5,9.5,9.2,9.5
https://example.invalid/demo/03111,,Carlos Mahns Choupay,Parque Agustín Dagnino,Hospital de Tomé,Acuenta,,2947,457,861,760,781,,0.76,4.3,34,demo,9.5,9.5,7.2,7.8
https://example.invalid/demo/01594,Terminal Rodoviario Los Ángeles,Escuela D-934 Thomas Jefferson (ex n° 10),,CESFAM NORORIENTE Los Ángeles,Super Ganga,Instituto AIEP,1443,768,195,1238,1359,1903,0.69,4.0,32,demo,9.5,6.0,4.5,5.2
https://example.invalid/demo/01008,Conquistador,Centro De Capacitación Laboral Urcae COALIVI,Huerta Comunitaria C3,Indimed,Mayorista 10,Casa Central Universidad Catolica de la Santisima Concepción,74,66,314,767,186,614,0.71,4.3,38,demo,9.5,5.7,4.3,4.5
https://example.invalid/demo/00196,Pedro Medina,Colegio San Patricio,,Policlínico Chiguayante,Super Ganga,,724,147,176,147,259,,0.69,5.8,39,demo,9.5,9.5,8.8,9.5
https://example.invalid/demo/01410,Universidad Técnica Federico Santa María,Escuela Especial de Lenguaje Semillita,,Sanatorio Alemán,Bodega Acuenta,Universidad Técnica Federico Santa María,994,355,196,1149,530,824,0.69,0.8,35,demo,9.5,8.0,7.5,8.0
https://example.invalid/demo/01861,Terminal de Buses Islajacoop,Colegio San Nicolás,,CESFAM Norte,Supermercado Acuenta,Instituto AIEP,1623,86,173,406,724,1220,0.78,5.8,32,demo,9.5,9.5,8.0,8.7
https://example.invalid/demo/02989,,Escuela Básica y Adultos California,Plaza Arturo Prat,CESFAM/ SAPU Bellavista,Acuenta,,2320,292,1440,1461,1161,,0.53,6.5,30,demo,9.5,8.7,8.7,8.7
https://example.invalid/demo/00233,Chiguayante,Escuela Especial de Lenguaje Altos de Chiguayante,,Cruz Roja Filial Chiguayante,Supermercado Monika,,613,402,105,819,659,,0.79,3.5,34,demo,9.5,9.5,9.5,9.5
https://example.invalid/demo/02403,Juan Pablo II,Deutsche Schule Concepción,,Ex Clínica Universitaria San Pedro,Unimarc,AIEP,1736,293,403,880,390,3661,0.72,1.8,36,demo,9.5,4.7,2.2,2.8
https://example.invalid/demo/00831,Buses Delsal,Colegio Metodista de Concepción,,Indimed,Alimentos del Pedregal,Casa Central Universidad Catolica de la Santisima Concepción,146,90,417,559,275,551,0.48,3.3,29,demo,9.5,9.3,6.3,7.7
https://example.invalid/demo/02972,,Escuela Básica y Adultos California,Plaza Arturo Prat,Hospital de Tomé,Acuenta,,2468,49,1117,1179,855,,0.68,7.5,38,demo,9.5,9.5,9.3,9.5
https://example.invalid/demo/00129,Estación de buses Turbus,Colegio Santa Inés,Plaza Manuel Rodríguez,Cruz Roja Filial Chiguayante,Supermercado Mey,,354,64,402,120,272,,0.7,6.5,33,demo,9.5,9.5,9.0,9.5
https://example.invalid/demo/02128,Juan Pablo II,Colegio Santísima Trinidad,,Ex Clínica Universitaria San Pedro,Unimarc,INACAP San Pedro de la Paz,1830,20,241,1077,435,2955,0.76,8.0,33,demo,9.5,9.3,8.3,8.7
https://example.invalid/demo/02069,Juan Pablo II,Deutsche Schule Concepción,,Ex Clínica Universitaria San Pedro,Unimarc,INACAP San Pedro de la Paz,1595,141,406,737,169,3448,0.81,4.5,32,demo,9.5,8.3,5.0,5.7
https://example.invalid/demo/01462,Universidad Técnica Federico Santa María,Colegio Adventista,,CESFAM Talcahuano Sur,Alvi,Universidad Técnica Federico Santa María,927,141,125,996,412,838,0.75,4.8,28,demo,9.5,8.0,6.0,7.2
https://example.invalid/demo/01613,Terminal Santa Rita,Escuela de Lenguaje Contigo Aprendo,,CESFAM/ SAPU Paillihue,,,2211,303,160,889,1215,1726,0.67,6.2,33,demo,9.5,9.5,8.5,9.5
https://example.invalid/demo/01567,Terminal de Buses Rurales Vega Techada,Escuela D-886 Colonia Árabe (ex n° 97),PLaza La Araucania,CESFAM Norte,Tottus,Instituto AIEP,846,110,261,515,457,605,0.64,6.3,36,demo,9.5,8.0,7.0,7.5
https://example.invalid/demo/00695,,Colegio Mozart Schule,,Centro Clínico Docente en Oftalmología,Santa Isabel,Departamento de Musica UdeC,304,41,212,525,683,65,0.74,7.2,34,demo,9.5,8.0,7.7,7.7
https://example.invalid/demo/01480,Universidad Técnica Federico Santa María,Colegio Parque Central,,Clínica Mutual de Seguridad CCHC,Jumbo,Universidad Técnica Federico Santa María,824,402,225,982,905,618,0.72,7.7,32,demo,9.5,9.5,9.5,9.5
https://example.invalid/demo/00139,Estación de buses Turbus,Liceo C.H. Obispo San Miguel,,Cruz Roja Filial Chiguayante,Unimarc,,1997,836,936,1829,356,,0.64,5.8,33,demo,9.5,9.5,9.3,9.5
https://example.invalid/demo/01453,Universidad Técnica Federico Santa María,Colegio Parque Central,,Clínica Mutual de Seguridad CCHC,Alvi,Universidad Técnica Federico Santa María,888,157,115,1014,849,675,0.61,8.3,36,demo,9.5,9.5,9.5,9.5
https://example.invalid/demo/02014,Juan Pablo II,Escuela Luis Alberto Acevedo,Plaza San Pedro Histórico,Ex Clínica Universitaria San Pedro,Santa Isabel,Univesidad Santo Tomás Concepción,972,377,379,403,390,3228,0.64,1.7,39,demo,9.5,8.3,6.3,7.5
https://example.invalid/demo/02157,Concepción,Escuela Particular Santa Catalina de Siena,,CESFAM Pedro de Valdivia (Concepción),Jumbo,Instituto Profesional Virginio Gómez,1995,1529,626,1437,1559,1919,0.74,5.2,31,demo,9.5,7.8,6.0,6.2
https://example.invalid/demo/00326,Estación de buses Turbus,Colegio Santa Inés,,Cruz Roja Filial Chiguayante,Supermercado Mey,,402,418,126,393,207,,0.55,9.0,33,demo,9.5,9.5,9.5,9.5
https://example.invalid/demo/01958,Lirquén,Escuela de Lenguaje San Nicolás,Plazoleta Miraflores,CESFAM Penco,Maro,,2855,224,256,47,49,,0.58,4.8,38,demo,9.5,7.2,6.5,7.2
https://example.invalid/demo/01126,,Colegio Einstein Concepcion,Plaza Perú,Centro Clínico Docente en Oftalmología,Santa Isabel,Federación de Estudiantes Universidad de Concepción,422,118,116,271,420,111,0.71,3.8,35,demo,9.5,5.8,4.8,5.3
https://example.invalid/demo/01712,Terminal de Buses Rurales Vega Techada,Escuela Especial de Lenguaje Capullos,Plaza Pedro Lagos,Clínica Los Andes,Unimarc,Hogar Universidad de Concepción,498,176,112,480,383,189,0.75,2.5,36,demo,9.5,8.5,5.3,8.2
https://example.invalid/demo/00186,Pedro Medina,Escuela José Hipólito Salas y Toro,Plaza Cochrane,Policlínico Chiguayante,Santa Isabel,,537,307,96,570,248,,0.8,5.8,30,demo,9.5,6.5,6.5,6.5
https://example.invalid/demo/02908,,Escuela Mariano Egaña,Parque Agustín Dagnino,Hospital de Tomé,Acuenta,,3804,283,46,779,1374,,0.7,1.7,30,demo,9.5,9.5,4.8,9.5
https://example.invalid/demo/00966,,Colegio La Providencia,Plaza San Juan Bosco,Clínica Ernesto Silva B.,Colun,Instituto IPG Concepción,1053,169,331,172,172,113,0.74,5.7,35,demo,9.5,7.8,7.2,7.5
https://example.invalid/demo/02633,El Arenal,Jardin Infantil Barquito de Papel,,CESFAM San Vicente,Lider,Instituto Profesional ESUCOMEX Talcahuano,556,427,159,1166,270,632,0.69,3.7,35,demo,9.5,6.7,6.5,6.7
https://example.invalid/demo/01740,Terminal Santa Rita,Escuela Especial Antu,Alameda,Centro Médico y Dental RedSalud,Jumbo,Instituto Santo Tomás,877,150,130,247,29,172,0.69,4.8,32,demo,9.5,9.0,7.5,9.0
https://example.invalid/demo/02053,Juan Pablo II,Saint John's School,,Ex Clínica Universitaria San Pedro,Unimarc,Instituto Profesional Virginio Gómez,3863,2197,1030,3002,2258,4678,0.68,7.8,37,demo,9.5,9.5,9.5,9.5
https://example.invalid/demo/03126,,Carlos Mahns Choupay,Plaza Arturo Prat,Hospital de Tomé,Acuenta,,2394,262,759,1016,425,,0.68,4.0,34,demo,9.5,8.0,5.3,6.8
https://example.invalid/demo/01745,Terminal de Buses Islajacoop,Escuela E-885 Pedro Ruiz Aldea,Parque Laguna Esmeralda,CESFAM Norte,Supermercado Acuenta,Inacap Los Ángeles,1217,142,284,414,569,504,0.73,5.0,37,demo,9.5,6.3,5.3,6.3
https://example.invalid/demo/01909,Lirquén,Escuela Marta Stowhas,Plaza Los Conquistadores,UAPO,Provisiones Eugenio,,3213,178,246,392,150,,0.87,3.0,38,demo,9.5,8.0,4.2,7.2
https://example.invalid/demo/00229,Estación de buses Turbus,Colegio Pacific School,Plaza de Armas de Chiguayante,Cruz Roja Filial Chiguayante,Supermercado Mey,,954,580,777,748,887,,0.74,7.3,31,demo,9.5,8.7,8.7,8.7
https://example.invalid/demo/00164,Pedro Medina,Colegio de Lenguaje Senderos de BioBio,,Policlínico Chiguayante,Unimarc,,926,767,851,1554,1235,,0.68,7.3,31,demo,9.5,8.5,7.8,8.5
https://example.invalid/demo/02678,Hospital Las Higueras,Escuela Básica Libertad E 492,,Hospital Las Higueras,Supermercado Ganga,Universidad Católica de la Santísima Concepción Talcahuano,1028,347,245,557,921,852,0.69,6.5,36,demo,9.5,9.5,9.5,9.5
https://example.invalid/demo/01955,Lirquén,Centro Educacional Alborada,,CESFAM Penco,Gabito,,4062,519,571,1203,865,,0.67,4.8,33,demo,9.5,6.5,5.7,6.0
https://example.invalid/demo/02687,El Arenal,Colegio Remodelación Simons,,Hospital Las Higueras,Lider,Universidad Católica de la Santísima Concepción Talcahuano,1087,704,225,1228,339,752,0.62,4.7,29,demo,9.5,8.0,7.2,7.5
https://example.invalid/demo/00088,Terminal de buses Vía Futuro,Colegio Miguel de Cervantes,,CESFAM Pinares,Santa Hilda,,1101,734,587,1866,1252,,0.5,8.0,34,demo,9.5,9.5,9.5,9.5
https://example.invalid/demo/00678,Pedro Medina,Colegio de Lenguaje Senderos de BioBio,,Cruz Roja Filial Chiguayante,Super Ganga,,1418,1238,1207,1748,1691,,0.56,7.0,34,demo,9.5,9.5,9.0,9.5
https://example.invalid/demo/02831,Hospital Las Higueras,Colegio Talcahuano,,Hospital Las Higueras,Supermercado Ganga,Universidad Católica de la Santísima Concepción Talcahuano,682,553,698,1105,493,450,0.76,7.2,29,demo,9.5,7.7,7.7,7.7
https://example.invalid/demo/00867,Terminal de Buses Collao,Escuela Básica Lagos de Chile,Plaza Lagos de Chile,Centro Clínico Militar,Il Patrone,Universidad del Bío-Bío,783,65,293,799,338,996,0.78,8.7,32,demo,9.5,9.5,9.5,9.5
https://example.invalid/demo/02956,,Liceo Ecuador,Plaza Arturo Prat,Hospital de Tomé,Acuenta,,2864,168,490,561,377,,0.68,1.7,28,demo,9.5,5.2,1.7,5.2
https://example.invalid/demo/01949,Lirquén,Centro Educacional Alborada,,CESFAM Penco,Gabito,,3592,66,392,740,337,,0.69,3.0,35,demo,9.5,4.2,3.2,3.5
https://example.invalid/demo/00624,Pedro Medina,Colegio de Lenguaje Senderos de BioBio,,Policlínico Chiguayante,Santa Isabel,,629,507,197,857,530,,0.72,6.3,32,demo,9.5,8.0,6.7,7.0
https://example.invalid/demo/01011,Conquistador,Liceo Juan Martínez de Rozas,Huerta Comunitaria C3,Clínica Kenal,Super Ganga,Colegio Bautista de Concepción,394,86,70,554,118,415,0.69,1.7,32,demo,9.5,5.8,2.2,5.0
https://example.invalid/demo/00825,Terminal de líneas a Tomé,Colegio la Inmaculada Concepción,Plaza Cruz,CITSALUD,Super Ganga,Colegio Bautista de Concepción,312,81,63,842,506,250,0.76,7.8,33,demo,9.5,9.5,9.5,9.5
https://example.invalid/demo/01701,Terminal Santa Rita,Liceo Alemán,Plaza Pinto,Consultorio,Supermercado Unico,Universidad y CFT de Los Lagos,1290,152,287,368,480,774,0.74,8.8,27,demo,9.5,9.5,9.3,9.5
https://example.invalid/demo/01811,Terminal Santa Rita,Escuela Diferencial Ángelitos,,CESFAM/ SAPU 2 de Septiembre,Lider Express,Inacap Los Ángeles,1523,107,273,380,444,552,0.52,5.2,31,demo,9.5,9.3,7.7,8.8
https://example.invalid/demo/03043,,Escuela Básica y Adultos California,Plaza de Bellavista,CESFAM/ SAPU Bellavista,Acuenta,,2081,458,1442,1253,1250,,0.74,5.2,31,demo,9.5,9.5,9.3,9.5
https://example.invalid/demo/00665,Estación de buses Turbus,Colegio John F. Kennedy,,Cruz Roja Filial Chiguayante,Supermercado Monika,,1671,1360,1489,1560,1670,,0.56,2.7,27,demo,9.5,7.0,6.2,6.7
https://example.invalid/demo/01209,,Especial España,Parque Metropolitano Cerro Caracol,Clínica dental: Radio Dent,Unimarc,Instituto Profesional Virginio Gómez,1025,479,524,559,664,826,0.74,4.7,35,demo,9.5,5.8,5.8,5.8
https://example.invalid/demo/01560,Terminal Santa Rita,Escuela de Lenguaje Millaray,,CESFAM/ SAPU 2 de Septiembre,Lider Express,Inacap Los Ángeles,1817,230,199,667,405,1048,0.77,6.7,31,demo,9.5,8.3,7.7,8.3
https://example.invalid/demo/02722,Hospital Las Higueras,Colegio Talcahuano,,Hospital Las Higueras,Supermercado Ganga,Universidad Católica de la Santísima Concepción Talcahuano,231,98,271,779,169,269,0.69,0.7,26,demo,9.5,4.3,1.3,4.3
https://example.invalid/demo/01768,Terminal de Buses Rurales Vega Techada,Colegio San Nicolás,,CESFAM Norte,Super Ganga,Instituto AIEP,1637,600,546,928,1296,1519,0.7,6.3,33,demo,9.5,7.2,6.8,6.8
https://example.invalid/demo/02174,Juan Pablo II,,Plaza Los Huertos,Ex Clínica Universitaria San Pedro,Bio Pan,INACAP San Pedro de la Paz,492,221,222,1351,439,3437,0.7,4.2,33,demo,9.5,8.0,7.2,7.5
https://example.invalid/demo/02550,Juan Pablo II,Deutsche Schule Concepción,,Ex Clínica Universitaria San Pedro,Unimarc,Instituto Profesional Virginio Gómez,2389,976,694,1549,975,3612,0.48,7.8,31,demo,9.5,9.5,9.0,9.5
https://example.invalid/demo/00824,Terminal de líneas a Tomé,Colegio la Inmaculada Concepción,Bandejón central Manuel Rodriguez,Centro Integral del Adulto Mayor Juan Soto Fernández,Supermercado Unihue,Colegio Bautista de Concepción,29,408,90,1049,474,555,0.82,6.2,34,demo,9.5,6.8,6.5,6.5
https://example.invalid/demo/00316,Pedro Medina,Escuela José Hipólito Salas y Toro,Plaza Cochrane,Policlínico Chiguayante,Santa Isabel,,646,401,127,765,416,,0.76,3.2,34,demo,9.5,6.7,3.3,5.3
https://example.invalid/demo/02307,Juan Pablo II,Escuela Miguel José Zañartu Santa María E-653,Plaza Pedro Esteban,Ex Clínica Universitaria San Pedro,Santa Isabel,INACAP San Pedro de la Paz,1031,165,199,660,908,2665,0.74,7.3,31,demo,9.5,9.2,8.3,8.8
https://example.invalid/demo/01084,Terminal de Buses Jota Ewert,Escuela Parvularia Blanca Estela,Plazoleta Jaqueline Van Rysselberghe,CESFAM Tucapel,Super Ganga,Universidad San Sebastián,857,190,241,250,342,1014,0.77,6.2,35,demo,9.5,7.7,6.7,7.3
https://example.invalid/demo/01915,Lirquén,Escuela Penco,,CESFAM Penco,Gabito,,3961,645,810,1156,896,,0.85,4.5,34,demo,9.5,9.3,5.3,9.3
https://example.invalid/demo/01169,Concepción,Escuela Óscar Castro Zúñiga,Parque Bicentenario,Diagnamet,Lider,AIEP,42,291,216,232,192,382,0.62,7.2,34,demo,9.5,9.5,9.3,9.5
https://example.invalid/demo/01770,Terminal Rodoviario Los Ángeles,Escuela D-934 Thomas Jefferson (ex n° 10),,CESFAM NORORIENTE Los Ángeles,Super Ganga,Hogar Universidad de Concepción,1328,627,83,1099,1230,1785,0.65,6.3,34,demo,9.5,8.5,8.0,8.2
https://example.invalid/demo/01726,Terminal de Buses Islajacoop,Escuela Particular Biobío de los Ángeles,,CESFAM Nuevo horizonte,Supermercado Acuenta,Centro Integral de Educación Tecnológica Curamávida,2336,473,159,848,593,1085,0.71,4.5,31,demo,9.5,9.5,9.3,9.5
https://example.invalid/demo/00303,Pedro Medina,Liceo Chiguayante,,Policlínico Chiguayante,Super Ganga,,1180,578,106,535,829,,0.65,5.2,40,demo,9.5,6.5,5.7,6.5
https://example.invalid/demo/02436,Juan Pablo II,Colegio Santísima Trinidad,,Ex Clínica Universitaria San Pedro,Unimarc,INACAP San Pedro de la Paz,2523,763,433,1700,893,3421,0.8,3.0,30,demo,9.5,4.3,3.3,3.8
https://example.invalid/demo/02735,Hospital Las Higueras,Escuela Santa Clara,,Instituto de Seguridad del Trabajo de Talcahuano,Acuenta,Universidad Católica de la Santísima Concepción Talcahuano,1455,686,311,1354,1230,1546,0.74,8.0,34,demo,9.5,9.0,9.0,9.0
https://example.invalid/demo/00556,Pedro Medina,Centro de Nivelación y de Capacitación para Adultos Madre María Nys,Plaza Pedro Medina,Policlínico Chiguayante,Unimarc,,109,145,259,601,386,,0.71,4.5,34,demo,9.5,7.5,4.8,5.7
https://example.invalid/demo/00205,Estación de buses Turbus,Colegio John F. Kennedy,Plaza Manuel Rodríguez,Cruz Roja Filial Chiguayante,Supermercado Monika,,509,223,592,419,506,,0.65,5.7,34,demo,9.5,8.0,6.5,6.8
https://example.invalid/demo/01013,Buses Delsal,Escuela de Lenguaje Girasol,,Centro Médico Obstétrico y Ginecológico,Alimentos del Pedregal,Preuniversitarios Cpech,753,47,489,293,340,199,0.85,2.8,34,demo,9.5,8.0,5.0,7.7
https://example.invalid/demo/00738,Terminal de Buses Collao,Colegio San Nicolás,Plaza Bernardino Corral,Centro Clínico Militar,Santa Isabel,Universidad del Desarrollo,347,208,260,287,148,1086,0.73,6.0,33,demo,9.5,9.5,9.5,9.5
https://example.invalid/demo/00064,Pedro Medina,Colegio de Lenguaje Senderos de BioBio,,Cruz Roja Filial Chiguayante,Super Ganga,,1436,1259,1247,1822,1731,,0.62,5.8,37,demo,9.5,9.5,8.5,9.5
https://example.invalid/demo/02488,Juan Pablo II,Deutsche Schule Concepción,,Ex Clínica Universitaria San Pedro,Unimarc,Instituto Profesional Virginio Gómez,2291,835,479,1435,787,3776,0.8,5.5,30,demo,9.5,9.5,8.2,9.0
https://example.invalid/demo/02998,,Carlos Mahns Choupay,Plaza Arturo Prat,Hospital de Tomé,Acuenta,,2830,396,904,837,751,,0.74,5.7,31,demo,9.5,8.0,7.5,8.0
https://example.invalid/demo/01993,Juan Pablo II,Escuela de Lenguaje Llacolén,Plaza San Pedro Histórico,Ex Clínica Universitaria San Pedro,Santa Isabel,Univesidad Santo Tomás Concepción,1045,400,395,542,479,3099,0.69,6.7,32,demo,9.5,9.0,7.3,8.7
https://example.invalid/demo/02760,Hospital Las Higueras,Colegio Talcahuano,,Hospital Las Higueras,Supermercado Ganga,Universidad Católica de la Santísima Concepción Talcahuano,785,663,570,1134,570,495,0.82,2.2,33,demo,9.5,6.8,4.0,4.8
https://example.invalid/demo/02843,El Arenal,Colegio Remodelación Simons,,Filial Cruz Roja Talcahuano,Lider,Instituto Profesional ESUCOMEX Talcahuano,685,196,279,924,230,503,0.74,2.3,34,demo,9.5,2.3,2.3,2.3
https://example.invalid/demo/02775,El Arenal,,,Filial Cruz Roja Talcahuano,,Instituto Profesional ESUCOMEX Talcahuano,944,181,160,517,563,542,0.61,4.7,31,demo,9.5,9.5,5.8,8.8
https://example.invalid/demo/01321,Terminal de colectivos 21,Colegio Rucalhue,,CESFAM Talcahuano Sur,Supermercado: Donde Carlos,CEDUC UCN Hualpén,740,239,153,242,489,1869,0.78,8.3,32,demo,9.5,9.5,9.5,9.5
https://example.invalid/demo/02048,Juan Pablo II,Colegio Alerce,,Centro de Salud Familiar Juan Soto Fernández,Super Gangas,Instituto Santo Tomás,1799,1137,991,1418,1624,1868,0.78,7.3,37,demo,9.5,9.5,9.5,9.5
https://example.invalid/demo/01978,Juan Pablo II,Saint John's School,,Ex Clínica Universitaria San Pedro,Unimarc,INACAP San Pedro de la Paz,3228,805,252,2431,1634,3524,0.74,6.8,34,demo,9.5,8.0,7.2,7.5
https://example.invalid/demo/00018,,,,,,,,,,,,,0.71,5.3,38,demo,9.5,9.5,9.2,9.5
https://example.invalid/demo/00961,Conquistador,Colegio Marcela Paz,Bandejón central Manuel Rodriguez,Centro Medico Universidad San Sebastián,Unimarc,Universidad San Sebastián,675,11,52,653,113,768,0.84,3.8,31,demo,9.5,7.7,6.8,7.2
https://example.invalid/demo/01698,Terminal Rodoviario Los Ángeles,Escuela D-934 Thomas Jefferson (ex n° 10),,CESFAM NORORIENTE Los Ángeles,Unimarc,Hogar Universidad de Concepción,827,170,193,485,737,1293,0.56,5.3,36,demo,9.5,8.5,7.5,7.8
https://example.invalid/demo/00085,Estación de buses Turbus,Colegio Chileno Árabe,,Cruz Roja Filial Chiguayante,Supermercado Mey,,1365,709,825,1135,1230,,0.66,8.0,29,demo,9.5,9.5,9.5,9.5
https://example.invalid/demo/00477,Pedro Medina,Colegio de Lenguaje Senderos de BioBio,,Policlínico Chiguayante,Unimarc,,684,511,580,1288,1012,,0.73,5.2,33,demo,9.5,7.7,6.0,7.3
https://example.invalid/demo/01744,Terminal Santa Rita,Escuela Especial Amanecer,,CESFAM/ SAPU 2 de Septiembre,Lider Express,Inacap Los Ángeles,1456,82,155,497,482,558,0.65,6.8,37,demo,9.5,7.7,7.2,7.7
https://example.invalid/demo/01703,Terminal de Buses Rurales Vega Techada,Liceo Don Orione,Plaza Coronel Ricardo Silva Arriagada,CESFAM NORORIENTE Los Ángeles,Super Ganga,Hogar Universidad de Concepción,923,202,145,634,485,1045,0.7,5.2,33,demo,9.5,9.2,6.3,8.8
https://example.invalid/demo/01312,,,,,,,,,,,,,0.63,3.2,27,demo,9.5,7.2,3.5,6.7
https://example.invalid/demo/00259,Pedro Medina,Colegio Aurora de Chile Sur,,CESFAM Pinares,Lider,,737,286,71,774,423,,0.81,3.8,32,demo,9.5,9.0,8.7,9.0
https://example.invalid/demo/00602,Pedro Medina,Colegio Andrés Bello,Plaza Pinares,CESFAM Pinares,Unimarc,,764,77,68,320,261,,0.78,6.3,37,demo,9.5,8.5,7.7,8.0
https://example.invalid/demo/00940,Terminal de líneas a Tomé,Escuela de Lenguaje Cicel,,Centro Integral para el Adulto Mayor Lorenzo Arenas,Supermercado Unihue,Colegio Bautista de Concepción,551,614,129,1022,717,939,0.7,5.3,33,demo,9.5,9.5,9.5,9.5
https://example.invalid/demo/02512,Juan Pablo II,Colegio Santísima Trinidad,,Ex Clínica Universitaria San Pedro,Unimarc,INACAP San Pedro de la Paz,1812,25,249,1058,422,2957,0.69,7.8,32,demo,9.5,9.3,8.2,8.7
https://example.invalid/demo/01504,Hualqui,Escuela Los Libertadores de Hualqui,,CESFAM Hualqui,Unimarc,,1521,993,74,967,880,,0.84,4.3,32,demo,9.5,9.5,6.3,9.5
https://example.invalid/demo/00820,Terminal de Buses Jota Ewert,Colegio Malvina Romero Vidal,Plazoleta Ejercito 1,CESFAM Tucapel,Supermercado Unihue,Colegio Bautista de Concepción,448,213,329,646,294,993,0.76,4.0,29,demo,9.5,9.5,7.5,9.5
https://example.invalid/demo/00148,Estación de buses Turbus,Colegio John F. Kennedy,Plaza Manuel Rodríguez,Cruz Roja Filial Chiguayante,Supermercado Monika,,250,341,328,371,283,,0.68,3.7,34,demo,9.5,5.3,5.0,5.0
https://example.invalid/demo/02320,Juan Pablo II,Escuela Luis Alberto Acevedo,Plaza Lota,Ex Clínica Universitaria San Pedro,Super Gangas,Univesidad Santo Tomás Concepción,241,483,256,841,166,3260,0.8,5.2,30,demo,9.5,7.5,6.2,7.5
https://example.invalid/demo/01207,,Liceo Enrique Molina Garmendia,,Clínica dental: Radio Dent,Emporio Agrícola,Universidad de las Américas,462,275,109,337,538,372,0.69,3.2,42,demo,9.5,5.7,5.5,5.7
https://example.invalid/demo/01953,Lirquén,Preuniversitarío Municipal,Plaza Los Conquistadores,CESFAM Penco,San Cristóbal,,3015,104,69,220,172,,0.64,2.5,36,demo,9.5,8.5,3.7,6.2
https://example.invalid/demo/00757,Lorenzo Arenas,Colegio Santa Luisa,Plaza de la Abejita,Centro Integral para el Adulto Mayor Lorenzo Arenas,Santa Isabel,Escuela de Suboficiales de Carabineros - Grupo Concepción,719,143,328,453,736,1443,0.71,7.8,24,demo,9.5,9.5,9.5,9.5
https://example.invalid/demo/00388,Pedro Medina,Kennedy School,,CESFAM Pinares,Unimarc,,1105,115,276,287,262,,0.76,8.7,29,demo,9.5,9.5,9.5,9.5
https://example.invalid/demo/01319,Lorenzo Arenas,Escuela Especial de Lenguaje Semillita,,Centro Médico Andes Salud Concepción,Alvi,Escuela de Suboficiales de Carabineros - Grupo Concepción,1255,636,399,495,614,1255,0.66,5.0,38,demo,9.5,5.5,5.5,5.5
https://example.invalid/demo/00110,Pedro Medina,Colegio de Lenguaje Senderos de BioBio,,Policlínico Chiguayante,Unimarc,,659,509,653,1302,964,,0.79,3.5,33,demo,9.5,6.0,3.8,6.0
https://example.invalid/demo/02122,Juan Pablo II,Deutsche Schule Concepción,,Ex Clínica Universitaria San Pedro,Unimarc,Instituto Profesional Virginio Gómez,2243,1300,246,1595,1495,2671,0.61,7.7,31,demo,9.5,9.5,9.3,9.5
https://example.invalid/demo/00379,Pedro Medina,Colegio de Lenguaje Senderos de BioBio,,Cruz Roja Filial Chiguayante,Unimarc,,1388,1228,1285,2011,1691,,0.67,7.8,33,demo,9.5,9.3,8.2,8.7
https://example.invalid/demo/00991,,Colegio San Agustín,,Centro Médico Obstétrico y Ginecológico,Santa Isabel,Universidad Bolivariana,576,217,264,106,37,68,0.59,0.0,37,demo,9.5,5.8,4.2,4.8
https://example.invalid/demo/01023,,Mozatschule Concepción,,Centro Clínico Docente en Oftalmología,Santa Isabel,Centro Mandala,883,334,790,1212,1370,505,0.82,1.5,38,demo,9.5,8.5,6.7,8.3
https://example.invalid/demo/01245,Estación Intermodal Coronel,Colegio Jorge Rojas,Plaza Estación intermodal Coronel,Centro kinésico Coronel,Santa Isabel,,391,96,344,599,513,1544,0.76,4.8,34,demo,9.5,8.0,5.8,7.3
https://example.invalid/demo/00480,Pedro Medina,Colegio de Lenguaje Senderos de BioBio,,Cruz Roja Filial Chiguayante,Santa Isabel,,1051,867,717,1194,1182,,0.79,8.5,33,demo,9.5,9.0,8.7,9.0
https://example.invalid/demo/00155,Estación de buses Turbus,Colegio John F. Kennedy,Plaza de Armas de Chiguayante,Cruz Roja Filial Chiguayante,Supermercado Mey,,1405,1049,1222,1219,1369,,0.73,6.0,33,demo,9.5,9.5,9.5,9.5
https://example.invalid/demo/02127,Juan Pablo II,Deutsche Schule Concepción,,Ex Clínica Universitaria San Pedro,Unimarc,Instituto Profesional Virginio Gómez,2854,1392,950,1997,1302,4000,0.78,8.0,41,demo,9.5,9.5,9.0,9.5
https://example.invalid/demo/02220,Juan Pablo II,,Parque Violeta Parra,CESFAM San Pedro de La Paz,Bio Pan,INACAP San Pedro de la Paz,1261,622,134,1522,451,3420,0.73,8.2,37,demo,9.5,9.5,9.5,9.5
https://example.invalid/demo/00975,,Colegio San Agustín,,Inmunomédica,Supermercado Versluys,Instituto Janequeo,547,289,165,223,103,104,0.87,5.2,31,demo,9.5,9.5,8.0,9.5
https://example.invalid/demo/02000,Juan Pablo II,Colegio Santísima Trinidad,,Ex Clínica Universitaria San Pedro,Unimarc,INACAP San Pedro de la Paz,2153,668,157,1297,511,3585,0.7,4.8,37,demo,9.5,8.8,6.0,7.8
https://example.invalid/demo/01007,Buses Delsal,Centro de Educación de Adultos Newentun,,Clínica Kenal,Alimentos del Pedregal,Casa Central Universidad Catolica de la Santisima Concepción,378,185,233,424,104,223,0.84,5.5,38,demo,9.5,7.2,6.0,6.5
https://example.invalid/demo/01141,Buses Delsal,República de Israel,Plaza Condell,Centro Medico Universidad San Sebastián,Andretta,Universidad del Desarrollo,995,191,186,433,171,484,0.61,0.0,38,demo,9.5,0.0,0.0,0.0
https://example.invalid/demo/00239,Pedro Medina,Centro de Nivelación y de Capacitación para Adultos Madre María Nys,Plaza Cochrane,Policlínico Chiguayante,Super Ganga,,420,342,211,530,231,,0.84,4.3,37,demo,9.5,5.7,4.5,5.2
https://example.invalid/demo/02067,Juan Pablo II,Escuela Especial de Lenguaje Campanella,,Ex Clínica Universitaria San Pedro,Supermercado Super Ganga,INACAP San Pedro de la Paz,874,286,259,929,514,2487,0.74,8.7,31,demo,9.5,9.5,9.5,9.5
https://example.invalid/demo/00488,Estación de buses Turbus,Colegio John F. Kennedy,Plaza Manuel Rodríguez,Cruz Roja Filial Chiguayante,Supermercado Monika,,644,392,729,584,649,,0.84,3.0,37,demo,9.5,4.5,3.5,3.8
https://example.invalid/demo/02742,El Arenal,Colegio Remodelación Simons,,Filial Cruz Roja Talcahuano,Lider,Instituto Profesional ESUCOMEX Talcahuano,688,395,203,1122,91,636,0.68,7.5,31,demo,9.5,8.3,7.8,8.3
https://example.invalid/demo/01138,Buses Delsal,Escuela Diferencial y Centro de Atencion Temprana Libertad,Plaza Condell,Clínica Ernesto Silva B.,Andretta,Preuniversitarios Cpech,786,94,366,446,451,352,0.9,4.0,30,demo,9.5,6.3,5.5,5.8
https://example.invalid/demo/01848,Terminal de Buses Islajacoop,Escuela D-868 General Bernardo O'Higgins (ex n° 1),Plaza Libertador Bernardo O'Higgins,Hospital Mutual de Seguridad de Los Ángeles ACHS,Tottus,Instituto AIEP,563,114,372,160,123,89,0.77,6.7,31,demo,9.5,9.5,9.2,9.5
https://example.invalid/demo/02521,Juan Pablo II,Escuela Miguel José Zañartu Santa María E-653,Plaza Las Encinas,Ex Clínica Universitaria San Pedro,Santa Isabel,INACAP San Pedro de la Paz,870,170,140,339,608,2985,0.68,2.0,31,demo,9.5,8.3,3.2,7.8
https://example.invalid/demo/02920,,Escuela República De Panamá,Plaza Arturo Prat,Hospital de Tomé,Acuenta,,2286,361,761,1190,457,,0.66,4.7,35,demo,9.5,8.3,7.3,7.8
https://example.invalid/demo/01165,Buses Delsal,Liceo Andalién,Plaza Condell,Clínica Ernesto Silva B.,Andretta,Universidad del Desarrollo,900,296,171,449,221,457,0.69,4.8,39,demo,9.5,7.7,5.5,5.7
https://example.invalid/demo/02401,Juan Pablo II,Escuela de Lenguaje Llacolén,Plaza Bellavista,Ex Clínica Universitaria San Pedro,Super Gangas,Univesidad Santo Tomás Concepción,1413,895,537,1553,1112,2106,0.68,6.0,34,demo,9.5,9.5,8.0,9.5
https://example.invalid/demo/02201,Juan Pablo II,Deutsche Schule Concepción,,Ex Clínica Universitaria San Pedro,Unimarc,Instituto Profesional Virginio Gómez,2851,1384,923,1992,1279,4064,0.71,6.3,38,demo,9.5,9.3,8.2,8.8
https://example.invalid/demo/01939,Lirquén,Preuniversitarío Municipal,Plazoleta Miraflores,CESFAM Penco,Maro,,3124,322,211,345,344,,0.73,6.7,33,demo,9.5,8.8,7.7,8.0
https://example.invalid/demo/01767,Terminal de Buses Islajacoop,Liceo Camilo Henríquez,,CESFAM Norte,Supermercado Acuenta,Inacap Los Ángeles,1787,66,176,621,17,994,0.73,6.8,37,demo,9.5,9.3,8.0,8.8
https://example.invalid/demo/00502,Pedro Medina,Colegio de Lenguaje Senderos de BioBio,,Cruz Roja Filial Chiguayante,Supermercado Monika,,1184,998,863,1279,1318,,0.79,3.3,28,demo,9.5,9.5,5.7,8.2
https://example.invalid/demo/02803,El Arenal,Escuela Básica Libertad E 492,,Hospital Las Higueras,Lider,Universidad Católica de la Santísima Concepción Talcahuano,866,174,175,925,656,868,0.64,5.7,28,demo,9.5,7.5,7.3,7.5
https://example.invalid/demo/03019,,Escuela Especial Tomé,Plaza Arturo Prat,Hospital de Tomé,Unimarc,,2845,247,204,681,91,,0.74,8.2,35,demo,9.5,9.5,8.5,9.5
https://example.invalid/demo/00925,Conquistador,Colegio Marcela Paz,Parque Las Tres Pascualas,Centro Medico Universidad San Sebastián,Lider Express,Universidad San Sebastián,827,324,94,340,100,452,0.64,4.3,28,demo,9.5,6.0,5.2,5.7
https://example.invalid/demo/02103,Juan Pablo II,Saint John's School,,Ex Clínica Universitaria San Pedro,Unimarc,INACAP San Pedro de la Paz,2516,252,81,1858,1232,2611,0.86,8.5,29,demo,9.5,9.5,9.2,9.5
https://example.invalid/demo/02559,Unihue,,,,,,6120,,,,,,0.72,2.8,32,demo,9.5,7.7,7.5,7.5
https://example.invalid/demo/00953,Terminal de líneas a Tomé,Colegio la Inmaculada Concepción,Bandejón central Manuel Rodríguez,Centro Integral del Adulto Mayor Juan Soto Fernández,Tottus,Colegio Bautista de Concepción,354,335,189,683,751,369,0.56,0.0,32,demo,9.5,9.5,8.0,9.5
https://example.invalid/demo/01895,Lirquén,Escuela Penco,Plazoleta Miraflores,CESFAM Penco,Gabito,,3882,797,1015,1213,1059,,0.72,7.0,29,demo,9.5,9.5,9.2,9.5
https://example.invalid/demo/01510,Hualqui,Escuela D-600 Manuel Amat y Juniet,,CESFAM Hualqui,Unimarc,,755,595,273,445,451,,0.75,8.3,32,demo,9.5,9.5,9.3,9.5
https://example.invalid/demo/02856,Hospital Las Higueras,Escuela de Lenguaje Santa Catalina,,Hospital Las Higueras,Supermercado Ganga,Universidad Católica de la Santísima Concepción Talcahuano,640,218,372,652,427,310,0.55,5.2,31,demo,9.5,9.5,7.8,9.5
https://example.invalid/demo/01934,Lirquén,Escuela Forjadores de Chile,,UAPO,Provisiones Eugenio,Universidad de las Américas (Campus El Boldal),4095,409,415,1449,1099,6342,0.65,4.5,31,demo,9.5,9.5,9.2,9.5
https://example.invalid/demo/00689,Terminal de buses Las Bahías,Mozatschule Concepción,,CESFAM Villa Nonguén,Supermercado: Chambe,Universidad de Concepción,1343,1214,1475,1741,1733,1256,0.68,7.8,34,demo,9.5,9.5,9.5,9.5
https://example.invalid/demo/02820,El Arenal,Colegio Remodelación Simons,Borde Costero El Morro,Filial Cruz Roja Talcahuano,Lider,Instituto Profesional ESUCOMEX Talcahuano,1591,842,528,1061,984,1249,0.68,7.8,31,demo,9.5,9.5,8.5,9.3
https://example.invalid/demo/00582,Pedro Medina,Colegio de Lenguaje Senderos de BioBio,,Policlínico Chiguayante,Super Ganga,,861,681,680,1431,1159,,0.74,8.2,34,demo,9.5,9.5,9.5,9.5
https://example.invalid/demo/02902,,Escuela de Lenguaje Amanecer,,CESFAM Alberto Reyes,Unimarc,,4533,280,569,707,1847,,0.5,7.8,36,demo,9.5,9.5,9.5,9.5
https://example.invalid/demo/00789,Buses Delsal,Colegio San Pedro Nolasco,Plaza de la Independencia,Inmunomédica,Santa Isabel,Casa Central Universidad Catolica de la Santisima Concepción,471,232,234,262,67,314,0.72,4.7,29,demo,9.5,6.2,5.3,5.5
https://example.invalid/demo/02111,Diagonal Biobío,"Colegio Concepción San Pedro, campus Villa",,CESFAM San Pedro de La Paz,Pulpería Alemana,INACAP San Pedro de la Paz,1042,96,60,1337,310,2118,0.78,8.3,37,demo,9.5,9.5,9.0,9.5
https://example.invalid/demo/03096,,Escuela Básica y Adultos California,Plaza Arturo Prat,CESFAM/ SAPU Bellavista,Acuenta,,2178,370,1055,1183,721,,0.67,0.0,33,demo,9.5,7.5,0.0,5.5
https://example.invalid/demo/02695,El Arenal,Claro de Luna College,,Filial Cruz Roja Talcahuano,,Instituto Profesional ESUCOMEX Talcahuano,593,17,210,606,222,176,0.81,6.5,32,demo,9.5,7.7,7.0,7.2
https://example.invalid/demo/01971,El Parque,Saint John's School,,Ex Clínica Universitaria San Pedro,Unimarc,INACAP San Pedro de la Paz,4047,1705,1160,3222,2412,4358,0.66,6.2,32,demo,9.5,9.5,9.5,9.5
https://example.invalid/demo/01178,Buses Delsal,Parvulario Colegio Adventista de Concepción,,Centro Médico Obstétrico y Ginecológico,Andretta,Preuniversitarios Cpech,628,251,205,578,346,507,0.74,3.8,38,demo,9.5,4.8,3.8,4.2
https://example.invalid/demo/00790,,Colegio España,,SAMU,Colun,Programa de Estudios sobre la Responsabilidad Social y Programa Talentos UdeC,1038,546,253,511,766,192,0.77,6.2,31,demo,9.5,9.5,8.3,9.5
https://example.invalid/demo/01098,,Lycée Charles de Gaulle,Parque Ecuador,Medyks,Supermercado Versluys,Universidad de las Américas,257,72,166,246,382,285,0.84,6.3,32,demo,9.5,9.5,8.3,9.3
https://example.invalid/demo/00005,,,,,,,,,,,,,0.8,8.0,25,demo,9.5,9.5,9.3,9.5
https://example.invalid/demo/02808,El Arenal,Colegio Remodelación Simons,,Filial Cruz Roja Talcahuano,Lider,Universidad Católica de la Santísima Concepción Talcahuano,1134,565,151,1230,364,975,0.53,6.3,32,demo,9.5,8.2,8.0,8.2
https://example.invalid/demo/00263,Estación de buses Turbus,Colegio Chileno Árabe,,Cruz Roja Filial Chiguayante,Unimarc,,2793,2054,1992,2582,2513,,0.72,7.7,29,demo,9.5,9.5,9.3,9.5
https://example.invalid/demo/01085,,Liceo Polivalente Experimental Lucila Godoy Alcayaga,Parque Ecuador,Clínica dental: Radio Dent,Emporio Agrícola,Universidad de las Américas Concepcion,839,385,240,262,447,543,0.71,7.2,38,demo,9.5,8.5,7.7,8.0
https://example.invalid/demo/01773,Terminal de Buses Islajacoop,Liceo Técnico B-63 Juanita Fernández Solar,,CESFAM Norte,Supermercado Acuenta,Inacap Los Ángeles,1639,140,147,555,156,822,0.7,3.5,37,demo,9.5,8.2,7.2,7.5
https://example.invalid/demo/02954,,Carlos Mahns Choupay,Plaza Arturo Prat,Hospital de Tomé,Acuenta,,2400,391,655,1013,306,,0.62,4.5,26,demo,9.5,8.0,5.5,7.3
https://example.invalid/demo/00690,Terminal de Buses 63 Rengo Lientur,Escuela Particular Santa Emilia,,Centro Medico Universidad San Sebastián,Mayorista Super Ganga,Universidad San Sebastián,996,37,45,126,312,65,0.82,6.0,33,demo,9.5,9.5,9.5,9.5
https://example.invalid/demo/02951,,Escuela República De Panamá,Plaza Arturo Prat,CESFAM/ SAPU Bellavista,Acuenta,,2202,230,865,1163,515,,0.63,5.5,30,demo,9.5,7.0,5.7,5.8
https://example.invalid/demo/00692,Concepción,Colegio Alonso de Ercilla,Áreas verdes Esmeralda,CESFAM Pedro de Valdivia (Concepción),Super Ganga,Instituto Profesional Virginio Gómez,812,78,149,571,209,364,0.69,5.2,36,demo,9.5,7.8,6.3,6.8
https://example.invalid/demo/02296,Juan Pablo II,Escuela de Lenguaje Llacolén,Plaza Bellavista,Ex Clínica Universitaria San Pedro,Santa Isabel,AIEP,1538,793,717,1169,1054,2504,0.74,7.5,31,demo,9.5,9.5,9.2,9.5
https://example.invalid/demo/01308,,,,,,,,,,,,,0.73,7.0,30,demo,9.5,7.8,7.3,7.8
https://example.invalid/demo/02915,,Escuela Especial de Lenguaje Tierra de Niños,Plaza de Bellavista,CESFAM/ SAPU Bellavista,Acuenta,,1557,1050,1165,1109,1918,,0.8,8.5,35,demo,9.5,9.5,9.3,9.5
https://example.invalid/demo/00756,,Colegio San Agustín,,Indimed,Jumbo,Universidad Bolivariana,626,235,260,98,48,150,0.53,5.3,36,demo,9.5,6.3,5.7,6.3
https://example.invalid/demo/02797,El Arenal,Colegio Remodelación Simons,,Filial Cruz Roja Talcahuano,Lider,Instituto Profesional ESUCOMEX Talcahuano,945,208,16,808,424,649,0.68,2.5,37,demo,9.5,5.0,4.3,4.5
https://example.invalid/demo/02033,Juan Pablo II,Escuela de Lenguaje Llacolén,Plaza Bellavista,Ex Clínica Universitaria San Pedro,Santa Isabel,Univesidad Santo Tomás Concepción,1240,494,484,921,762,2719,0.81,2.8,31,demo,9.5,9.2,5.7,6.8
https://example.invalid/demo/02027,Juan Pablo II,Colegio El Arrayán,Plaza Pedro Lira,Ex Clínica Universitaria San Pedro,Santa Isabel,INACAP San Pedro de la Paz,453,289,76,414,283,3228,0.62,2.7,37,demo,9.5,6.5,5.7,6.2
https://example.invalid/demo/01136,,Escuela F-560 Luis Muñoz Burboa,Parque Metropolitano Cerro Caracol,Centro Clínico Docente en Oftalmología,Santa Isabel,Centro Mandala,593,26,482,996,1145,279,0.64,4.5,39,demo,9.5,8.0,6.8,7.5
https://example.invalid/demo/00963,Conquistador,Colegio Marcela Paz,Bandejón central Manuel Rodriguez,CESFAM Tucapel,Unimarc,Colegio Bautista de Concepción,580,197,126,771,112,959,0.63,5.3,30,demo,9.5,6.8,6.2,6.3
https://example.invalid/demo/00892,Terminal de buses Pedro de Valdivia,Saint John's School,,Clínica de la mujer - Sanatorio Alemán,Señora Teresa,Centro Mandala,1875,1263,911,1427,994,1787,0.67,8.2,30,demo,9.5,9.5,9.5,9.5
https://example.invalid/demo/00483,Pedro Medina,Centro de Nivelación y de Capacitación para Adultos Madre María Nys,Plaza Pedro Medina,Policlínico Chiguayante,Unimarc,,238,63,54,443,240,,0.6,1.3,42,demo,9.5,3.5,3.3,3.3
https://example.invalid/demo/02736,Los Cóndores,Escuela de Lenguaje Mar Azul,Plaza los Cerezos,Instituto de Seguridad del Trabajo de Talcahuano,Minimercado Tatán,Universidad Católica de la Santísima Concepción Talcahuano,878,193,202,494,80,1604,0.71,6.3,34,demo,9.5,9.5,9.5,9.5
https://example.invalid/demo/00764,Buses Delsal,Escuela Diferencial y Centro de Atencion Temprana Libertad,,Centro Médico Obstétrico y Ginecológico,Jumbo,Preuniversitarios Cpech,657,100,374,358,376,285,0.78,4.0,37,demo,9.5,5.3,4.3,5.2
https://example.invalid/demo/03001,,Liceo Industrial Tomé,"Plaza Inclusiva ""Samuel Muñoz""",Hospital de Tomé,Unimarc,,3498,282,168,154,840,,0.69,7.7,32,demo,9.5,8.5,8.5,8.5
https://example.invalid/demo/00111,Chiguayante,Escuela José Hipólito Salas y Toro,,Policlínico Chiguayante,Santa Isabel,,440,163,314,689,336,,0.79,7.3,33,demo,9.5,9.5,9.0,9.5
https://example.invalid/demo/02522,Juan Pablo II,Colegio Santísima Trinidad,,Ex Clínica Universitaria San Pedro,Unimarc,INACAP San Pedro de la Paz,2592,889,563,1751,942,3596,0.74,3.3,38,demo,9.5,8.7,6.3,7.7
https://example.invalid/demo/01089,Terminal de Buses 63 Rengo Lientur,Escuela Particular Santa Emilia,Pastos Universidad San Sebastián,Centro Medico Universidad San Sebastián,Lider Express,Universidad San Sebastián,1049,68,10,81,286,110,0.74,4.3,31,demo,9.5,9.5,9.5,9.5
https://example.invalid/demo/02859,El Arenal,Colegio Remodelación Simons,,Filial Cruz Roja Talcahuano,Lider,Universidad Católica de la Santísima Concepción Talcahuano,1076,597,218,1299,297,881,0.47,4.5,32,demo,9.5,9.5,9.0,9.5
https://example.invalid/demo/02906,,Escuela República De Panamá,Paseo Lisa Peters T.,CESFAM/ SAPU Bellavista,Mayorista 10,,2187,531,916,1180,709,,0.57,6.2,40,demo,9.5,7.3,6.8,7.0
https://example.invalid/demo/00427,Manquimávida,Colegio de Lenguaje Senderos de BioBio,,Policlínico Chiguayante,Lider,,2052,1989,1713,2778,2306,,0.7,8.8,33,demo,9.5,9.5,9.5,9.5
https://example.invalid/demo/01151,Conquistador,Colegio Marcela Paz,Bandejón central Manuel Rodriguez,Centro Medico Universidad San Sebastián,Unimarc,Universidad San Sebastián,478,193,211,757,104,895,0.68,8.7,25,demo,9.5,9.5,9.5,9.5
https://example.invalid/demo/02473,Juan Pablo II,Deutsche Schule Concepción,,Ex Clínica Universitaria San Pedro,Unimarc,INACAP San Pedro de la Paz,2187,719,205,1328,565,3678,0.69,2.8,39,demo,9.5,8.8,6.8,7.2
https://example.invalid/demo/02135,Lomas Coloradas,Colegio Juan Bosco,,CESFAM Lomas Coloradas,Unimarc,INACAP San Pedro de la Paz,3151,2356,2371,2582,3065,4883,0.74,5.0,31,demo,9.5,9.5,9.5,9.5
https://example.invalid/demo/01311,,,,,,,,,,,,,0.79,4.3,33,demo,9.5,8.2,6.5,7.8
https://example.invalid/demo/01010,,Colegio Einstein Concepcion,Plaza Perú,Centro Médico Emsa,Santa Isabel,Federación de Estudiantes Universidad de Concepción,488,180,83,264,425,106,0.73,3.8,30,demo,9.5,7.0,4.3,5.2
https://example.invalid/demo/01056,Terminal de Buses Jota Ewert,Escuela Especial de Lenguaje Pequeños Amigos,Bandejón central Manuel Rodriguez,Centro Integral del Adulto Mayor Juan Soto Fernández,Supermercado Unihue,Colegio Bautista de Concepción,71,358,49,1106,461,529,0.71,7.7,31,demo,9.5,8.7,8.5,8.7
https://example.invalid/demo/00377,Pedro Medina,Liceo Chiguayante,,Policlínico Chiguayante,Super Ganga,,1115,440,114,448,718,,0.6,7.0,35,demo,9.5,9.5,9.3,9.5
https://example.invalid/demo/02635,Terminal Félix Adán,Escuela México Estado de Guerrero (D-482),,Filial Cruz Roja Talcahuano,Santa Isabel,Instituto Profesional ESUCOMEX Talcahuano,319,514,235,803,391,1348,0.73,8.7,30,demo,9.5,9.5,9.5,9.5
https://example.invalid/demo/01764,Terminal de Buses Rurales Vega Techada,Escuela Adultos Intecap,Plaza Coronel Ricardo Silva Arriagada,CESFAM NORORIENTE Los Ángeles,Super Ganga,Hogar Universidad de Concepción,826,249,225,506,380,910,0.7,8.2,27,demo,9.5,8.8,8.3,8.8
https://example.invalid/demo/00928,Estación Intermodal Concepción,Jardin infantil y Sala Cuna Tirita de Papel,,Clínica Dental San Martín,Alimentos del Pedregal,Universidad Católica de la Santísima Concepción Campus Santo Domingo,599,212,325,181,202,141,0.78,2.7,36,demo,9.5,4.7,3.2,3.5
https://example.invalid/demo/02310,Concepción,Escuela de Lenguaje Llacolén,,Centro de Salud Familiar Juan Soto Fernández,Santa Isabel,AIEP,1809,1220,814,1604,1532,1963,0.77,1.8,35,demo,9.5,9.5,9.3,9.5
https://example.invalid/demo/01356,Universidad Técnica Federico Santa María,Escuela Especial de Lenguaje Semillita,,Centro Médico Andes Salud Concepción,Alvi,Universidad Técnica Federico Santa María,1493,411,447,717,613,1281,0.74,7.7,31,demo,9.5,9.5,9.3,9.5
https://example.invalid/demo/03138,,Liceo Ecuador,Plaza Arturo Prat,Hospital de Tomé,Acuenta,,2837,188,501,588,368,,0.72,3.8,29,demo,9.5,5.7,5.2,5.5
https://example.invalid/demo/00780,,Colegio República del Brasil,Plaza San Juan Bosco,Clínica Ernesto Silva B.,Colun,Universidad del Desarrollo,1236,298,267,343,211,260,0.53,8.8,32,demo,9.5,9.5,9.5,9.5
https://example.invalid/demo/00977,Estación Intermodal Concepción,Instituto Down,Parque Ecuador,Clínica estética Concepción,Emporio Agrícola,Universidad Católica de la Santísima Concepción Campus Santo Domingo,760,113,266,75,39,146,0.76,3.8,38,demo,9.5,8.7,4.8,6.2
https://example.invalid/demo/00819,Conquistador,Escuela Parvularia Blanca Estela,Bandejón central Manuel Rodríguez,CESFAM Tucapel,Minimarket Xiomara,Universidad San Sebastián,1107,347,292,425,201,612,0.87,8.5,30,demo,9.5,9.5,9.5,9.5
https://example.invalid/demo/01704,Terminal de Buses Islajacoop,Instituto Profesional Virginio Gómez Los Angeles,Parque Laguna Esmeralda,CESFAM Norte,Tottus,Instituto AIEP,960,238,404,403,452,430,0.66,6.8,35,demo,9.5,8.8,7.0,8.2
https://example.invalid/demo/00998,,Colegio San Agustín,,Indimed,Santa Isabel,Instituto Janequeo,576,168,125,61,188,221,0.64,2.5,36,demo,9.5,5.3,4.3,4.7
https://example.invalid/demo/01111,Buses Delsal,Escuela de Lenguaje Girasol,Plaza Perú,Centro Médico Obstétrico y Ginecológico,Alimentos del Pedregal,Preuniversitarios Cpech,728,213,448,131,174,72,0.78,6.7,37,demo,9.5,9.0,7.7,8.2
https://example.invalid/demo/02816,Hospital Las Higueras,Escuela Básica Las Higueras,,Hospital Las Higueras,Supermercado Ganga,Universidad Católica de la Santísima Concepción Talcahuano,437,309,203,315,577,648,0.64,7.5,36,demo,9.5,9.2,8.0,8.5
https://example.invalid/demo/00612,Manquimávida,Colegio Madre Paulina,,CESFAM Pinares,Unimarc,,736,853,322,1540,1134,,0.74,2.8,35,demo,9.5,9.5,9.3,9.5
https://example.invalid/demo/00827,,Mozatschule Concepción,,SAMU,Il Patrone,Universidad de Concepción,1409,815,886,1180,1438,722,0.57,1.2,28,demo,9.5,9.5,7.7,9.5
https://example.invalid/demo/01516,Hualqui,Escuela D-600 Manuel Amat y Juniet,Plaza Hualqui,CESFAM Hualqui,Unimarc,,615,337,531,675,779,,0.78,5.3,32,demo,9.5,9.5,8.3,9.5
https://example.invalid/demo/00965,Buses Delsal,Colegio San Pedro Nolasco,Plaza de la Independencia,Inmunomédica,Santa Isabel,Casa Central Universidad Catolica de la Santisima Concepción,532,338,131,272,167,219,0.78,4.0,32,demo,9.5,5.8,4.8,5.2
https://example.invalid/demo/02801,Hospital Las Higueras,Colegio Talcahuano,,Hospital Las Higueras,Supermercado Ganga,Universidad Católica de la Santísima Concepción Talcahuano,1105,971,893,1565,945,910,0.56,3.5,32,demo,9.5,9.5,7.5,9.5
https://example.invalid/demo/00252,Pedro Medina,Colegio de Lenguaje Senderos de BioBio,,Cruz Roja Filial Chiguayante,Lider,,1969,1821,1796,2565,2241,,0.67,5.3,33,demo,9.5,8.7,7.0,7.7
https://example.invalid/demo/01987,Concepción,Colegio Alerce,,Centro de Salud Familiar Juan Soto Fernández,Tottus,Instituto Santo Tomás,1431,810,642,927,1214,1411,0.7,9.0,33,demo,9.5,9.5,9.5,9.5
https://example.invalid/demo/02907,,Carlos Mahns Choupay,Plaza Arturo Prat,Hospital de Tomé,Acuenta,,2663,229,824,873,605,,0.57,5.5,37,demo,9.5,7.3,6.7,6.8
https://example.invalid/demo/02195,Juan Pablo II,Deutsche Schule Concepción,,Ex Clínica Universitaria San Pedro,Unimarc,INACAP San Pedro de la Paz,2329,857,361,1469,719,3803,0.71,5.3,34,demo,9.5,6.8,6.5,6.8
https://example.invalid/demo/02676,Hospital Las Higueras,Escuela Santa Clara,Plaza Luisa Echavarria,Instituto de Seguridad del Trabajo de Talcahuano,Acuenta,Universidad Católica de la Santísima Concepción Talcahuano,953,129,117,710,599,1166,0.52,6.5,33,demo,9.5,9.5,8.5,9.5
https://example.invalid/demo/01252,Estación Intermodal Coronel,Colegio Jorge Rojas,,CESFAM Yobilo,Santa Isabel,,819,472,664,691,828,1803,0.73,2.7,37,demo,9.5,5.7,3.0,3.8
https://example.invalid/demo/02365,Juan Pablo II,Deutsche Schule Concepción,,Ex Clínica Universitaria San Pedro,Unimarc,Instituto Profesional Virginio Gómez,2004,743,771,1209,882,3279,0.7,5.5,30,demo,9.5,7.5,6.3,7.5
https://example.invalid/demo/00730,,Colegio República del Brasil,Plaza San Juan Bosco,SAMU,Colun,Universidad del Desarrollo,1115,173,308,255,155,218,0.57,6.7,35,demo,9.5,8.0,7.7,8.0
https://example.invalid/demo/02209,Juan Pablo II,Colegio Santísima Trinidad,,Ex Clínica Universitaria San Pedro,Unimarc,INACAP San Pedro de la Paz,2042,458,187,1204,393,3377,0.76,2.7,37,demo,9.5,4.2,3.3,3.8
https://example.invalid/demo/00727,Conquistador,Colegio Gran Bretaña,Huerta Comunitaria C3,Clínica Kenal,Mayorista 10,Colegio Bautista de Concepción,171,85,283,818,232,690,0.83,5.3,36,demo,9.5,6.5,5.8,6.2
https://example.invalid/demo/02387,Juan Pablo II,Escuela de Lenguaje Llacolén,Plaza San Pedro Histórico,Ex Clínica Universitaria San Pedro,Super Gangas,Univesidad Santo Tomás Concepción,655,148,193,758,300,2963,0.65,3.8,31,demo,9.5,6.7,5.8,6.0
https://example.invalid/demo/02672,Hospital Las Higueras,Colegio Remodelación Simons,,Hospital Las Higueras,Lider,Universidad Católica de la Santísima Concepción Talcahuano,1187,982,580,1538,797,909,0.63,7.5,35,demo,9.5,9.5,9.5,9.5
https://example.invalid/demo/00405,Pedro Medina,Colegio de Lenguaje Senderos de BioBio,,Cruz Roja Filial Chiguayante,Unimarc,,1301,1133,1164,1862,1617,,0.78,4.0,32,demo,9.5,8.8,4.8,6.3
https://example.invalid/demo/00691,Conquistador,Liceo Andalién,Parque Las Tres Pascualas,Centro Medico Universidad San Sebastián,Lider Express,Universidad San Sebastián,888,241,115,159,195,307,0.75,6.8,32,demo,9.5,9.5,9.0,9.5
https://example.invalid/demo/01273,Estación Intermodal Coronel,Escuela Diferencial Rayito de Sol,PLaza de Juegos Renacer,Hospital San José de Coronel,Farmacía naturista: rancho doña Graciela,,2198,666,411,1284,1366,1057,0.71,5.8,34,demo,9.5,8.7,8.0,8.3
https://example.invalid/demo/02664,Mercado,Jardín Infantil Wonderful World,,Filial Cruz Roja Talcahuano,Santa Isabel,Instituto Profesional ESUCOMEX Talcahuano,741,174,343,260,618,528,0.59,1.7,29,demo,9.5,9.0,7.0,7.3
https://example.invalid/demo/01946,Lirquén,Preuniversitarío Municipal,Plazoleta Miraflores,CESFAM Penco,Maro,,3046,313,217,290,275,,0.76,2.5,33,demo,9.5,8.3,5.8,6.7
https://example.invalid/demo/02578,El Arenal,Colegio San Vicente,,CESFAM San Vicente,Unimarc,Instituto Profesional ESUCOMEX Talcahuano,276,526,434,607,404,724,0.77,4.3,31,demo,9.5,8.8,7.8,8.3
https://example.invalid/demo/02834,El Arenal,Colegio Remodelación Simons,Plaza El Morro,Filial Cruz Roja Talcahuano,Lider,Instituto Profesional ESUCOMEX Talcahuano,1019,297,83,880,429,739,0.68,0.0,34,demo,9.5,8.3,6.5,8.0
https://example.invalid/demo/02732,Hospital Las Higueras,Escuela Santa Clara,,Instituto de Seguridad del Trabajo de Talcahuano,Supermercado Ganga,Universidad Católica de la Santísima Concepción Talcahuano,1488,1084,731,1758,1392,1392,0.62,8.8,32,demo,9.5,9.5,9.5,9.5
https://example.invalid/demo/02105,Juan Pablo II,Deutsche Schule Concepción,,Ex Clínica Universitaria San Pedro,Santa Isabel,AIEP,1692,964,541,1096,1131,2780,0.69,3.0,35,demo,9.5,5.2,3.3,4.3
https://example.invalid/demo/00038,Estación de buses Turbus,Colegio Pacific School,Plaza de Armas de Chiguayante,Cruz Roja Filial Chiguayante,Supermercado Mey,,1041,574,740,820,939,,0.76,7.8,33,demo,9.5,9.5,9.5,9.5
https://example.invalid/demo/00511,Pedro Medina,Colegio San Patricio,,Policlínico Chiguayante,Super Ganga,,642,191,184,126,204,,0.7,7.3,33,demo,9.5,9.5,9.5,9.5
https://example.invalid/demo/02733,El Arenal,Jardin Infantil Barquito de Papel,,Filial Cruz Roja Talcahuano,Lider,Instituto Profesional ESUCOMEX Talcahuano,661,497,71,1247,195,706,0.65,7.3,34,demo,9.5,8.2,7.8,8.2
https://example.invalid/demo/00537,Pedro Medina,Colegio de Lenguaje Senderos de BioBio,,Cruz Roja Filial Chiguayante,Super Ganga,,1188,1002,877,1313,1348,,0.67,6.2,30,demo,9.5,9.0,7.5,9.0
https://example.invalid/demo/02299,Juan Pablo II,Colegio El Arrayán,,Ex Clínica Universitaria San Pedro,Santa Isabel,INACAP San Pedro de la Paz,915,255,196,66,451,3294,0.81,4.3,36,demo,9.5,7.2,6.3,7.2
https://example.invalid/demo/02783,El Arenal,Jardin Infantil Barquito de Papel,,CESFAM San Vicente,Lider,Instituto Profesional ESUCOMEX Talcahuano,423,419,141,1021,425,602,0.78,8.2,32,demo,9.5,8.8,8.7,8.8
https://example.invalid/demo/01353,Universidad Técnica Federico Santa María,Centro Integral Los Aromos,,Clínica Biobío,Jumbo,INACAP Concepción / Talcahuano,955,714,808,1204,1053,85,0.65,8.0,37,demo,9.5,9.5,9.3,9.5
https://example.invalid/demo/02091,Lorenzo Arenas,Colegio Santa Luisa,,Centro Integral para el Adulto Mayor Lorenzo Arenas,Santa Isabel,Escuela de Suboficiales de Carabineros - Grupo Concepción,866,298,219,589,769,1597,0.63,8.7,30,demo,9.5,9.5,9.5,9.5
https://example.invalid/demo/00156,Pedro Medina,Colegio de Lenguaje Senderos de BioBio,,Cruz Roja Filial Chiguayante,Super Ganga,,1518,1340,1318,1851,1803,,0.59,8.2,34,demo,9.5,9.5,9.2,9.5
https://example.invalid/demo/00212,Pedro Medina,Colegio de Lenguaje Senderos de BioBio,,Cruz Roja Filial Chiguayante,Lider,,2238,2093,1991,2829,2492,,0.57,5.7,37,demo,9.5,7.8,7.8,7.8
https://example.invalid/demo/00813,,Colegio San Agustín,,Inmunomédica,Santa Isabel,Instituto Janequeo,519,120,68,9,236,161,0.69,3.3,29,demo,9.5,6.7,3.5,4.0
https://example.invalid/demo/00383,Pedro Medina,Colegio de Lenguaje Senderos de BioBio,,Policlínico Chiguayante,Super Ganga,,298,271,206,592,333,,0.81,5.5,37,demo,9.5,7.2,7.0,7.2
https://example.invalid/demo/01211,,Instituto de Humanidades Alfredo Silva Santiago,Parque Ecuador,Medyks,Supermercado Versluys,Universidad de las Américas,154,54,55,357,483,397,0.79,4.8,28,demo,9.5,8.3,5.3,6.0
https://example.invalid/demo/01666,Terminal de Buses Islajacoop,Liceo Camilo Henríquez,,CESFAM Nuevo horizonte,Supermercado Acuenta,Centro Integral de Educación Tecnológica Curamávida,2240,470,131,832,466,1374,0.73,7.0,30,demo,9.5,9.5,9.5,9.5
https://example.invalid/demo/01777,Terminal Santa Rita,Colegio Aliwen,Plaza Los Notros,ACHS Salud,Unimarc,,611,155,192,430,129,336,0.71,8.0,38,demo,9.5,8.5,8.5,8.5
https://example.invalid/demo/00625,Pedro Medina,Escuela José Hipólito Salas y Toro,Plaza Cochrane,Policlínico Chiguayante,Super Ganga,,466,400,156,610,301,,0.85,3.0,34,demo,9.5,8.7,7.7,8.3
https://example.invalid/demo/01367,Universidad Técnica Federico Santa María,Escuela Especial de Lenguaje Semillita,,CESFAM Talcahuano Sur,Alvi,Universidad Técnica Federico Santa María,730,495,314,1342,435,569,0.76,5.0,33,demo,9.5,6.2,5.8,5.8
https://example.invalid/demo/00136,Pedro Medina,Colegio de Lenguaje Senderos de BioBio,,CESFAM Pinares,Lider,,1385,1289,978,2040,1535,,0.72,6.8,29,demo,9.5,9.5,8.2,9.5
https://example.invalid/demo/00048,Estación de buses Turbus,Colegio Pacific School,Plaza de Armas de Chiguayante,Cruz Roja Filial Chiguayante,Supermercado Mey,,1153,650,789,929,1040,,0.65,8.5,31,demo,9.5,9.5,9.2,9.5
https://example.invalid/demo/02896,,Escuela República De Panamá,Plaza de Bellavista,CESFAM/ SAPU Bellavista,Acuenta,,1707,329,936,685,1023,,0.76,4.2,29,demo,9.5,5.5,5.3,5.5
https://example.invalid/demo/00177,Pedro Medina,Colegio de Lenguaje Senderos de BioBio,,Policlínico Chiguayante,Super Ganga,,248,90,222,782,548,,0.76,6.7,37,demo,9.5,9.5,9.0,9.5
https://example.invalid/demo/02263,Juan Pablo II,Deutsche Schule Concepción,,Ex Clínica Universitaria San Pedro,Unimarc,Instituto Profesional Virginio Gómez,2241,1122,532,1514,1279,2961,0.73,5.2,30,demo,9.5,9.5,6.0,9.5
https://example.invalid/demo/00943,Terminal de Buses Collao,Colegio Salesiano,,Centro de Salud Familiar Víctor Manuel Fernández,Kamadi,Universidad del Desarrollo,1221,187,202,353,163,444,0.56,5.8,36,demo,9.5,8.7,7.5,8.7
https://example.invalid/demo/01872,Estación de Buses Translota,Escuela Isidora Goyenechea Gallo,Plaza Carrera,Hospital de Lota,Unimarc,,2826,121,676,554,753,5744,0.68,5.8,40,demo,9.5,7.3,7.0,7.2
https://example.invalid/demo/02192,Juan Pablo II,,Plaza Enrique Soro,Ex Clínica Universitaria San Pedro,Bio Pan,Instituto Santo Tomás,777,535,365,1567,700,3112,0.68,5.2,38,demo,9.5,8.2,5.7,6.3
https://example.invalid/demo/02885,,Liceo Vicente Alberto Palacios Valdés,Plazoleta Calle Las Lilas,Hospital de Tomé,Unimarc,,3338,126,225,76,626,,0.71,6.2,31,demo,9.5,8.3,6.7,7.0
https://example.invalid/demo/02720,Hospital Las Higueras,Escuela Santa Clara,,Instituto de Seguridad del Trabajo de Talcahuano,Supermercado Ganga,Universidad Católica de la Santísima Concepción Talcahuano,710,388,450,941,711,775,0.67,6.5,30,demo,9.5,9.5,9.5,9.5
https://example.invalid/demo/01344,Terminal de colectivos 21,Colegio Alonkura,,CESFAM Talcahuano Sur,Alvi,CEDUC UCN Hualpén,1118,274,118,621,776,1259,0.82,6.2,34,demo,9.5,7.8,7.5,7.5
https://example.invalid/demo/02325,Juan Pablo II,Deutsche Schule Concepción,,Ex Clínica Universitaria San Pedro,Unimarc,AIEP,1314,269,335,481,556,3496,0.69,6.7,29,demo,9.5,8.8,7.8,8.2
https://example.invalid/demo/00080,Estación de buses Turbus,Colegio Chileno Árabe,,Cruz Roja Filial Chiguayante,Supermercado Mey,,1739,1162,1220,1528,1650,,0.67,7.0,36,demo,9.5,9.3,9.3,9.3
https://example.invalid/demo/02443,Juan Pablo II,Deutsche Schule Concepción,,Ex Clínica Universitaria San Pedro,Unimarc,INACAP San Pedro de la Paz,1539,84,448,679,307,3546,0.77,6.3,31,demo,9.5,9.3,7.2,8.7
https://example.invalid/demo/01279,Laguna Quiñenco,Escuela de Lenguaje Farolito Dorado,,CESFAM Yobilo,Unimarc,,1922,894,762,1232,2016,2796,0.59,5.7,32,demo,9.5,6.5,6.0,6.2
https://example.invalid/demo/01496,Universidad Técnica Federico Santa María,Escuela Especial de Lenguaje Villa Hermosa,,CESFAM Talcahuano Sur,Alvi,CEDUC UCN Hualpén,835,209,259,1129,322,768,0.66,4.7,35,demo,9.5,6.7,5.8,6.2
https://example.invalid/demo/02872,,Liceo Industrial Tomé,,Hospital de Tomé,Unimarc,,3878,311,210,505,1206,,0.72,8.0,32,demo,9.5,9.5,9.2,9.5
https://example.invalid/demo/03082,,Escuela Especial Tomé,Plaza Arturo Prat,Hospital de Tomé,Unimarc,,2883,245,162,589,113,,0.56,5.3,36,demo,9.5,8.0,6.7,6.8
https://example.invalid/demo/01399,Universidad Técnica Federico Santa María,Centro Integral Los Aromos,,Clínica Mutual de Seguridad CCHC,Alvi,Universidad Técnica Federico Santa María,298,68,440,1511,649,136,0.77,1.5,31,demo,9.5,7.8,7.0,7.3
https://example.invalid/demo/02258,Juan Pablo II,Escuela de Lenguaje Llacolén,Plaza Bellavista,Centro de Salud Familiar Juan Soto Fernández,Super Gangas,Univesidad Santo Tomás Concepción,1621,1042,701,1440,1304,1942,0.58,7.5,33,demo,9.5,9.5,9.5,9.5
https://example.invalid/demo/01372,Universidad Técnica Federico Santa María,Colegio Parque Central,,Clínica Mutual de Seguridad CCHC,Jumbo,INACAP Concepción / Talcahuano,967,620,490,884,727,621,0.82,5.8,34,demo,9.5,9.5,9.3,9.5
https://example.invalid/demo/01364,Universidad Técnica Federico Santa María,Centro Integral Los Aromos,,CESFAM Hualpencillo,Alvi,CEDUC UCN Hualpén,99,268,487,1618,463,100,0.76,7.3,37,demo,9.5,7.7,7.7,7.7
https://example.invalid/demo/01762,Terminal Santa Rita,Colegio Santo Tomas de Aquino,,CESFAM/ SAPU Paillihue,Super Pan,,1652,114,147,485,717,1134,0.76,7.3,29,demo,9.5,9.5,9.3,9.5
https://example.invalid/demo/02206,Juan Pablo II,Escuela Miguel José Zañartu Santa María E-653,Plaza Las Encinas,Ex Clínica Universitaria San Pedro,Unimarc,INACAP San Pedro de la Paz,1180,327,217,521,599,2909,0.92,5.7,36,demo,9.5,7.8,5.8,6.3
https://example.invalid/demo/01449,Universidad Técnica Federico Santa María,Escuela Especial de Lenguaje Villa Hermosa,,CESFAM Hualpencillo,Alvi,CEDUC UCN Hualpén,620,104,386,1161,243,548,0.61,3.5,33,demo,9.5,6.0,5.0,5.8
https://example.invalid/demo/02221,Juan Pablo II,Escuela Luis Alberto Acevedo,Plaza Lota,Ex Clínica Universitaria San Pedro,Super Gangas,Univesidad Santo Tomás Concepción,390,401,215,842,135,3121,0.67,2.0,27,demo,9.5,9.5,8.0,9.5
https://example.invalid/demo/02348,Juan Pablo II,Escuela de Lenguaje Llacolén,Plaza Bellavista,Centro de Salud Familiar Juan Soto Fernández,Super Gangas,Univesidad Santo Tomás Concepción,1707,1110,777,1382,1385,1880,0.67,5.3,36,demo,9.5,9.5,6.8,9.5
https://example.invalid/demo/02086,Juan Pablo II,Colegio Santísima Trinidad,,Ex Clínica Universitaria San Pedro,Unimarc,INACAP San Pedro de la Paz,2316,519,326,1518,735,3200,0.77,4.5,35,demo,9.5,9.3,8.3,9.3
https://example.invalid/demo/01788,Terminal Santa Rita,Colegio ICADE (Centro de Educación Integral de Adultos),Plaza Pinto,Consultorio,Lider,Universidad y CFT de Los Lagos,943,57,119,192,284,464,0.64,7.0,36,demo,9.5,8.7,7.3,7.8
https://example.invalid/demo/01837,Terminal Santa Rita,Escuela de Lenguaje Palabras Magicas,Parque Central Avenida Vicuña Mackenna,Consultorio,Supermercado Unico,Instituto Santo Tomás,1328,79,296,330,521,710,0.73,3.8,30,demo,9.5,9.5,8.8,9.5
https://example.invalid/demo/01437,Universidad Técnica Federico Santa María,Centro Integral Los Aromos,,Clínica Mutual de Seguridad CCHC,Alvi,Universidad Técnica Federico Santa María,421,202,309,1385,663,218,0.67,3.3,30,demo,9.5,4.2,3.5,3.7
https://example.invalid/demo/01617,Terminal Santa Rita,Escuela Diferencial Ángelitos,Alameda,CESFAM/ SAPU 2 de Septiembre,Lider Express,Inacap Los Ángeles,1521,77,327,368,500,511,0.57,5.0,30,demo,9.5,8.0,6.7,7.0
https://example.invalid/demo/00435,Pedro Medina,Escuela Básica Bélgica,,CESFAM Pinares,Unimarc,,781,0,142,370,462,,0.72,2.0,29,demo,9.5,9.5,8.3,8.8
https://example.invalid/demo/01619,Terminal Tur Bus,Colegio San Gabriel Arcángel,,CESFAM NORORIENTE Los Ángeles,MundoBike,Hogar Universidad de Concepción,2068,1197,1330,2483,1864,3446,0.73,2.5,37,demo,9.5,9.5,9.5,9.5
https://example.invalid/demo/01736,Terminal de Buses Rurales Vega Techada,Liceo Don Orione,Plaza Coronel Ricardo Silva Arriagada,CESFAM NORORIENTE Los Ángeles,Super Ganga,Hogar Universidad de Concepción,767,214,276,547,321,864,0.69,6.2,29,demo,9.5,9.5,8.5,9.5
https://example.invalid/demo/00209,Chiguayante,Escuela Especial de Lenguaje Altos de Chiguayante,,Cruz Roja Filial Chiguayante,Supermercado Mey,,1715,1514,1108,1864,1696,,0.8,7.7,35,demo,9.5,9.5,9.5,9.5
https://example.invalid/demo/02599,Hospital Las Higueras,Escuela de Lenguaje Santa Catalina,,Hospital Las Higueras,Supermercado Ganga,Universidad Católica de la Santísima Concepción Talcahuano,712,168,10,356,605,547,0.79,5.3,29,demo,9.5,7.8,7.5,7.5
https://example.invalid/demo/00575,Pedro Medina,Colegio de Lenguaje Senderos de BioBio,,Policlínico Chiguayante,Lider,,1612,1473,1437,2265,1866,,0.72,4.8,39,demo,9.5,9.5,9.2,9.5
https://example.invalid/demo/00292,Manquimávida,Colegio de Lenguaje Senderos de BioBio,,CESFAM Pinares,Lider,,1858,1873,1529,2650,2152,,0.62,8.2,34,demo,9.5,9.5,9.3,9.5
https://example.invalid/demo/01796,Terminal de Buses Islajacoop,Instituto Profesional Virginio Gómez Los Angeles,Parque Laguna Esmeralda,CESFAM Norte,Tottus,Instituto AIEP,979,239,378,404,471,437,0.66,6.0,35,demo,9.5,8.7,7.2,7.8
https://example.invalid/demo/02309,Juan Pablo II,Deutsche Schule Concepción,,Ex Clínica Universitaria San Pedro,Unimarc,INACAP San Pedro de la Paz,1644,171,390,783,251,3547,0.79,3.7,33,demo,9.5,7.0,5.0,5.8
https://example.invalid/demo/00237,Estación de buses Turbus,Colegio John F. Kennedy,Plaza de Armas de Chiguayante,Cruz Roja Filial Chiguayante,Supermercado Mey,,878,521,826,690,847,,0.77,3.2,30,demo,9.5,6.8,6.5,6.5
https://example.invalid/demo/00823,,Liceo Polivalente Experimental Lucila Godoy Alcayaga,,Clínica dental: Radio Dent,Emporio Agrícola,Universidad de las Américas,561,351,124,327,545,451,0.54,5.8,37,demo,9.5,8.2,6.7,7.0
https://example.invalid/demo/00843,Concepción,Escuela de Lenguaje Palabritas,Parque Costanera,Centro de Salud Familiar Juan Soto Fernández,Tottus,Univesidad Santo Tomás Concepción,689,559,263,363,541,824,0.83,0.0,30,demo,9.5,9.5,9.5,9.5
https://example.invalid/demo/02792,Hospital Las Higueras,Colegio Remodelación Simons,,Filial Cruz Roja Talcahuano,Lider,Universidad Católica de la Santísima Concepción Talcahuano,1765,1164,811,1460,1192,1515,0.64,6.8,33,demo,9.5,8.2,7.5,7.8
https://example.invalid/demo/00015,,,,,,,,,,,,,0.71,4.3,35,demo,9.5,5.5,4.3,4.8
https://example.invalid/demo/00536,Pedro Medina,Colegio de Lenguaje Senderos de BioBio,,Policlínico Chiguayante,Super Ganga,,643,460,470,1207,942,,0.76,1.2,33,demo,9.5,6.3,2.7,5.7
https://example.invalid/demo/00196,Pedro Medina,Colegio San Patricio,,Policlínico Chiguayante,Super Ganga,,724,147,176,147,259,,0.69,5.8,39,demo,9.5,9.5,8.8,9.5
https://example.invalid/demo/01024,,Lycée Charles de Gaulle,,Medyks,Supermercado Versluys,Instituto Janequeo,448,165,257,129,148,161,0.73,3.0,33,demo,9.5,6.3,4.0,4.3
https://example.invalid/demo/02893,,Liceo República del Ecuador,Plaza Arturo Prat,Hospital de Tomé,Acuenta,,3051,145,539,424,542,,0.77,5.2,31,demo,9.5,7.7,6.2,6.7
https://example.invalid/demo/00420,Pedro Medina,Colegio de Lenguaje Senderos de BioBio,,Cruz Roja Filial Chiguayante,Supermercado Monika,,2241,2061,2003,2281,2378,,0.7,4.3,33,demo,9.5,9.5,6.0,9.5
https://example.invalid/demo/02389,Juan Pablo II,Deutsche Schule Concepción,,Ex Clínica Universitaria San Pedro,Unimarc,AIEP,1611,438,670,813,674,3333,0.79,5.3,39,demo,9.5,9.0,6.3,7.5
https://example.invalid/demo/02621,El Arenal,Jardin Infantil Barquito de Papel,,CESFAM San Vicente,Unimarc,Instituto Profesional ESUCOMEX Talcahuano,184,258,166,797,214,356,0.69,5.7,36,demo,9.5,9.0,8.0,8.5
https://example.invalid/demo/00270,Estación de buses Turbus,Colegio Chileno Árabe,Plaza de Armas de Chiguayante,Cruz Roja Filial Chiguayante,Supermercado Mey,,1038,271,196,821,767,,0.76,4.5,33,demo,9.5,9.5,9.0,9.5
https://example.invalid/demo/02963,,Carlos Mahns Choupay,Plaza Arturo Prat,Hospital de Tomé,Acuenta,,2531,121,680,889,381,,0.79,4.2,34,demo,9.5,6.3,4.3,6.0
https://example.invalid/demo/01455,Universidad Técnica Federico Santa María,Colegio Adventista,,CESFAM Talcahuano Sur,Alvi,Universidad Técnica Federico Santa María,860,177,114,1062,352,771,0.74,5.3,31,demo,9.5,6.7,6.2,6.7
https://example.invalid/demo/02971,,Escuela Básica y Adultos California,Plaza de Bellavista,CESFAM/ SAPU Bellavista,Acuenta,,2116,1448,1818,1766,2288,,0.61,7.2,36,demo,9.5,9.5,9.3,9.5
https://example.invalid/demo/01393,Universidad Técnica Federico Santa María,Escuela Helen Keller Adams,,CESFAM Hualpencillo,Mini Market El Gato Negro,CEDUC UCN Hualpén,1181,137,131,436,183,1111,0.74,6.5,31,demo,9.5,8.7,7.3,7.5
https://example.invalid/demo/02448,Juan Pablo II,Colegio Santísima Trinidad,,Ex Clínica Universitaria San Pedro,Unimarc,INACAP San Pedro de la Paz,2960,1405,899,2100,1334,4148,0.71,5.2,38,demo,9.5,9.5,8.8,9.5
https://example.invalid/demo/02540,Juan Pablo II,Escuela Miguel José Zañartu Santa María E-653,,Ex Clínica Universitaria San Pedro,Unimarc,INACAP San Pedro de la Paz,1308,420,166,671,591,2811,0.81,4.3,36,demo,9.5,5.2,4.5,4.7
https://example.invalid/demo/02865,El Arenal,Escuela Básica Libertad E 492,,Hospital Las Higueras,Lider,Universidad Católica de la Santísima Concepción Talcahuano,804,364,198,1076,412,856,0.6,7.0,30,demo,9.5,8.8,7.8,8.5
https://example.invalid/demo/00746,Terminal de Buses Jota Ewert,Colegio Malvina Romero Vidal,Plazoleta Ejercito 1,CESFAM Tucapel,Supermercado Unihue,Colegio Bautista de Concepción,286,367,84,887,141,858,0.7,4.3,33,demo,9.5,8.7,6.7,7.5
https://example.invalid/demo/01511,Terminal de buses Las Galaxias,Christian College,Plaza Hualqui,CESFAM Hualqui,Unimarc,,661,92,422,272,323,,0.89,6.2,28,demo,9.5,9.5,7.5,9.3
https://example.invalid/demo/01278,Cristo Redentor,Escuela María Ester Breve,,CESFAM Carlos Pinto Fierro,Santa Isabel,Centro de Formación Laboral San Andres,580,52,209,521,698,1152,0.58,7.7,33,demo,9.5,9.5,9.2,9.5
https://example.invalid/demo/02412,Juan Pablo II,Escuela de Lenguaje Llacolén,Plaza Bellavista,Ex Clínica Universitaria San Pedro,Super Gangas,Univesidad Santo Tomás Concepción,994,449,94,1116,669,2561,0.56,7.3,32,demo,9.5,7.8,7.8,7.8
https://example.invalid/demo/02338,Juan Pablo II,Deutsche Schule Concepción,,Ex Clínica Universitaria San Pedro,Unimarc,INACAP San Pedro de la Paz,1299,181,224,439,441,3465,0.68,3.5,31,demo,9.5,4.5,3.8,4.0
https://example.invalid/demo/00797,Conquistador,Colegio Marcela Paz,Bandejón central Manuel Rodríguez,CESFAM Tucapel,Minimarket Xiomara,Universidad San Sebastián,912,248,162,490,315,690,0.91,2.0,32,demo,9.5,9.5,8.2,9.5
https://example.invalid/demo/00532,Estación de buses Turbus,Colegio John F. Kennedy,Plaza de Armas de Chiguayante,Cruz Roja Filial Chiguayante,Supermercado Monika,,737,380,762,553,715,,0.66,4.3,29,demo,9.5,5.0,4.7,5.0
https://example.invalid/demo/01597,Terminal Santa Rita,Colegio Santa Teresa de Los Andes - Los Ángeles,,CESFAM Nuevo horizonte,Supermercado Acuenta,Centro Integral de Educación Tecnológica Curamávida,3223,441,379,647,1588,2105,0.66,7.2,29,demo,9.5,9.5,9.5,9.5
https://example.invalid/demo/00228,Estación de buses Turbus,Colegio John F. Kennedy,Plaza Manuel Rodríguez,Cruz Roja Filial Chiguayante,Supermercado Monika,,724,443,809,642,726,,0.78,6.7,32,demo,9.5,6.7,6.7,6.7
https://example.invalid/demo/00003,,,,,,,,,,,,,0.79,0.0,33,demo,9.5,9.5,9.0,9.5
https://example.invalid/demo/01667,Terminal Santa Rita,Liceo Industrial A-65 Samuel Vivanco Parada,Plaza Los Maitenes,CESFAM/ SAPU 2 de Septiembre,Supermercado Acuenta,Inacap Los Ángeles,1527,178,86,676,559,525,0.69,6.2,35,demo,9.5,9.5,9.2,9.5
https://example.invalid/demo/00160,Estación de buses Turbus,Colegio Concepción Chiguayante,,Cruz Roja Filial Chiguayante,Unimarc,,1767,436,311,1549,328,,0.61,5.8,33,demo,9.5,7.3,7.2,7.2
https://example.invalid/demo/00474,Pedro Medina,Colegio de Lenguaje Senderos de BioBio,,Cruz Roja Filial Chiguayante,Super Ganga,,861,675,598,1323,1082,,0.71,0.5,34,demo,9.5,8.5,7.0,8.0
https://example.invalid/demo/02786,El Arenal,Colegio Remodelación Simons,,Filial Cruz Roja Talcahuano,Lider,Universidad Católica de la Santísima Concepción Talcahuano,1526,821,442,1257,812,1262,0.55,4.7,33,demo,9.5,6.2,5.2,5.7
https://example.invalid/demo/02259,Terminal de buses Pedro de Valdivia,escuela de Arquitectura UDD,Plazoleta Agua de Las Niñas,Clínica de la mujer - Sanatorio Alemán,Señora Teresa,Instituto Profesional Virginio Gómez,2197,413,390,1174,782,2439,0.68,5.2,37,demo,9.5,8.2,6.3,6.8
https://example.invalid/demo/01929,Lirquén,Colegio A-Lafken,,CESFAM Penco,Gabito,,3342,237,210,520,120,,0.84,5.5,32,demo,9.5,7.5,7.3,7.5
https://example.invalid/demo/00226,Manquimávida,Colegio Madre Paulina,,CESFAM Pinares,Santa Isabel,,963,978,780,2187,1731,,0.67,4.2,30,demo,9.5,9.5,9.2,9.5
https://example.invalid/demo/00210,Manquimávida,Colegio Aurora de Chile Sur,,CESFAM Pinares,Lider,,972,973,373,1456,1001,,0.72,5.0,36,demo,9.5,9.5,9.2,9.5
https://example.invalid/demo/02381,Juan Pablo II,Deutsche Schule Concepción,,Ex Clínica Universitaria San Pedro,Santa Isabel,AIEP,1275,465,470,523,694,3302,0.67,4.2,33,demo,9.5,6.3,4.7,5.7
https://example.invalid/demo/02457,Juan Pablo II,Escuela Miguel José Zañartu Santa María E-653,,Ex Clínica Universitaria San Pedro,Rincón del Valle - Minimarket,INACAP San Pedro de la Paz,1131,422,89,930,815,2394,0.68,6.2,34,demo,9.5,8.7,8.0,8.7
https://example.invalid/demo/01436,Lorenzo Arenas,Colegio Cristóbal Colón,,Sanatorio Alemán,Alvi,Universidad Técnica Federico Santa María,1413,333,42,510,242,1461,0.79,7.2,28,demo,9.5,9.5,8.7,9.5
https://example.invalid/demo/02232,Terminal de buses Pedro de Valdivia,Colegio Concepción,,Clínica de la mujer - Sanatorio Alemán,Señora Teresa,Instituto Profesional Virginio Gómez,2816,1607,618,2419,2094,3464,0.72,8.2,32,demo,9.5,9.5,9.5,9.5
https://example.invalid/demo/03090,,Escuela República De Panamá,Plaza de Bellavista,CESFAM/ SAPU Bellavista,Acuenta,,1722,283,934,677,983,,0.71,7.2,41,demo,9.5,8.3,8.3,8.3
https://example.invalid/demo/01127,Concepción,Colegio Alonso de Ercilla,Áreas verdes Esmeralda,CESFAM Pedro de Valdivia (Concepción),Super Ganga,Instituto Profesional Virginio Gómez,827,157,337,575,376,521,0.8,7.8,25,demo,9.5,9.5,8.7,9.2
https://example.invalid/demo/00373,Pedro Medina,Colegio de Lenguaje Senderos de BioBio,,Policlínico Chiguayante,Unimarc,,200,149,459,869,501,,0.68,5.2,28,demo,9.5,9.5,8.5,9.5
https://example.invalid/demo/02484,Juan Pablo II,Escuela Miguel José Zañartu Santa María E-653,,Ex Clínica Universitaria San Pedro,Supermercado Super Ganga,INACAP San Pedro de la Paz,1090,377,48,885,810,2440,0.66,3.7,35,demo,9.5,7.0,4.3,6.3
https://example.invalid/demo/00500,Pedro Medina,Colegio de Lenguaje Senderos de BioBio,,Policlínico Chiguayante,Unimarc,,1318,1166,1250,1956,1610,,0.64,1.8,33,demo,9.5,9.5,9.5,9.5
https://example.invalid/demo/02371,Juan Pablo II,Deutsche Schule Concepción,,Ex Clínica Universitaria San Pedro,Unimarc,AIEP,1633,242,512,784,428,3583,0.88,4.3,34,demo,9.5,5.5,5.3,5.5
https://example.invalid/demo/00391,Estación de buses Turbus,Colegio Chileno Árabe,Plaza de Armas de Chiguayante,Cruz Roja Filial Chiguayante,Supermercado Mey,,1258,655,800,1027,1122,,0.67,7.2,24,demo,9.5,9.5,9.5,9.5
https://example.invalid/demo/02612,El Arenal,Colegio San Vicente,,CESFAM San Vicente,Unimarc,Instituto Profesional ESUCOMEX Talcahuano,203,414,349,495,303,645,0.85,8.8,34,demo,9.5,9.5,9.5,9.5
https://example.invalid/demo/00026,,,,,,,,,,,,,0.75,7.5,32,demo,9.5,8.3,7.8,8.0
https://example.invalid/demo/02870,Hospital Las Higueras,Colegio Talcahuano,,Hospital Las Higueras,Supermercado Ganga,Universidad Católica de la Santísima Concepción Talcahuano,423,335,429,735,183,84,0.71,5.5,28,demo,9.5,7.3,7.3,7.3
https://example.invalid/demo/00967,Buses Delsal,Centro de Educación de Adultos Newentun,,CruzBlanca,Alimentos del Pedregal,Casa Central Universidad Catolica de la Santisima Concepción,467,215,125,333,202,126,0.81,5.0,36,demo,9.5,8.5,5.8,8.0
https://example.invalid/demo/01925,Lirquén,Colegio Italia,,UAPO,Provisiones Eugenio,,3504,175,442,715,324,,0.62,5.3,29,demo,9.5,8.8,7.5,8.3
https://example.invalid/demo/00176,Pedro Medina,Colegio Aurora de Chile Sur,,CESFAM Pinares,Lider,,829,740,292,1219,766,,0.8,7.7,40,demo,9.5,9.3,8.5,9.3
https://example.invalid/demo/02314,Juan Pablo II,Deutsche Schule Concepción,,Ex Clínica Universitaria San Pedro,Unimarc,Instituto Profesional Virginio Gómez,2060,673,558,1224,737,3514,0.71,7.3,31,demo,9.5,7.3,7.3,7.3
https://example.invalid/demo/01652,Terminal de Buses Rurales Vega Techada,Colegio Teresiano Los Ángeles,,CESFAM Nuevo Horizonte,Supermercado Acuenta,Centro Integral de Educación Tecnológica Curamávida,3489,1047,841,2385,2403,975,0.82,8.2,33,demo,9.5,9.5,9.2,9.5
https://example.invalid/demo/00265,Pedro Medina,Colegio de Lenguaje Senderos de BioBio,,Policlínico Chiguayante,Santa Isabel,,626,487,192,912,598,,0.68,4.3,31,demo,9.5,6.8,6.8,6.8
https://example.invalid/demo/01778,Terminal Santa Rita,Escuela de Lenguaje Alto Los Ángeles,,Clínica Adventista,Lider Express,Instituto Santo Tomás,1435,239,253,447,590,696,0.72,6.0,29,demo,9.5,9.5,7.2,8.2
https://example.invalid/demo/00760,Buses Delsal,Escuela de Lenguaje Girasol,,Centro Médico Obstétrico y Ginecológico,Jumbo,Preuniversitarios Cpech,640,169,452,243,250,191,0.73,4.2,37,demo,9.5,6.0,4.8,5.2
https://example.invalid/demo/00725,Conquistador,Colegio Gran Bretaña,,Indimed,Unimarc,Casa Central Universidad Catolica de la Santisima Concepción,209,137,419,873,373,803,0.79,5.2,29,demo,9.5,5.7,5.2,5.3
https://example.invalid/demo/03054,,Escuela Lisa Enriqueta Peter Teubner,Parque Villa Nuevo Tomé,Hospital de Tomé,Acuenta,,2884,316,1205,1418,1381,,0.94,6.8,33,demo,9.5,8.8,8.2,8.3
https://example.invalid/demo/00349,Pedro Medina,Escuela Básica Bélgica,,CESFAM Pinares,Unimarc,,544,288,14,442,200,,0.7,0.2,33,demo,9.5,0.8,0.8,0.8
https://example.invalid/demo/02998,,Carlos Mahns Choupay,Plaza Arturo Prat,Hospital de Tomé,Acuenta,,2830,396,904,837,751,,0.74,5.7,31,demo,9.5,8.0,7.5,8.0
https://example.invalid/demo/01950,Lirquén,Centro Educacional Alborada,,CESFAM Penco,Gabito,,3844,223,632,977,600,,0.65,5.8,34,demo,9.5,9.5,6.8,8.2
https://example.invalid/demo/02830,El Arenal,Colegio Remodelación Simons,Borde Costero El Morro,Filial Cruz Roja Talcahuano,Lider,Instituto Profesional ESUCOMEX Talcahuano,1370,620,306,902,795,1028,0.69,7.5,32,demo,9.5,9.5,8.5,9.5
https://example.invalid/demo/02503,Juan Pablo II,Escuela Miguel José Zañartu Santa María E-653,Plaza Pedro Esteban,Ex Clínica Universitaria San Pedro,Santa Isabel,INACAP San Pedro de la Paz,973,115,140,621,855,2703,0.71,6.7,34,demo,9.5,9.5,7.5,8.3
https://example.invalid/demo/01222,,Liceo de Niñas,,Clínica odontológica Andes,Supermercado Versluys,Universidad de las Américas Concepcion,672,95,298,42,225,50,0.75,1.7,40,demo,9.5,8.5,6.2,7.7
https://example.invalid/demo/01022,,Liceo Polivalente Experimental Lucila Godoy Alcayaga,Parque Ecuador,Clínica odontológica Andes,Emporio Agrícola,Universidad de las Américas Concepcion,704,127,244,74,182,93,0.74,5.0,39,demo,9.5,8.7,5.8,6.8
https://example.invalid/demo/02769,Hospital Las Higueras,Colegio Talcahuano,,Hospital Las Higueras,Supermercado Ganga,Universidad Católica de la Santísima Concepción Talcahuano,923,797,642,1289,718,649,0.74,5.0,39,demo,9.5,7.2,6.8,7.2
https://example.invalid/demo/02162,Juan Pablo II,Escuela Luis Alberto Acevedo,Plaza Lota,Ex Clínica Universitaria San Pedro,Santa Isabel,Univesidad Santo Tomás Concepción,570,191,241,390,13,3335,0.63,6.7,30,demo,9.5,9.0,8.3,8.7
https://example.invalid/demo/00549,Pedro Medina,Colegio de Lenguaje Senderos de BioBio,,Cruz Roja Filial Chiguayante,Super Ganga,,1288,1104,1027,1516,1507,,0.65,7.0,34,demo,9.5,7.8,7.7,7.8
https://example.invalid/demo/02891,,Escuela Margarita Naseau,Paseo Lisa Peters T.,Hospital de Tomé,Mayorista 10,,2732,921,860,1619,1039,,0.69,8.7,32,demo,9.5,9.5,9.5,9.5
https://example.invalid/demo/00381,Estación de buses Turbus,Colegio John F. Kennedy,Plaza Manuel Rodríguez,Cruz Roja Filial Chiguayante,Supermercado Monika,,406,330,490,448,428,,0.61,0.0,36,demo,9.5,5.0,5.0,5.0
https://example.invalid/demo/01574,Terminal de Buses Rurales Vega Techada,Escuela D-886 Colonia Árabe (ex n° 97),,CESFAM Norte,Tottus,Instituto AIEP,1097,233,228,528,774,919,0.72,8.5,39,demo,9.5,9.5,9.5,9.5
https://example.invalid/demo/00013,,,,,,,,,,,,,0.71,3.8,28,demo,9.5,6.7,5.0,5.8
https://example.invalid/demo/01579,Terminal de Buses Islajacoop,Escuela Diferencial Alen,,CESFAM Norte,Supermercado Acuenta,Centro Integral de Educación Tecnológica Curamávida,1965,143,242,717,792,1042,0.57,6.3,35,demo,9.5,9.5,8.5,9.5
https://example.invalid/demo/00553,Estación de buses Turbus,Colegio John F. Kennedy,,Cruz Roja Filial Chiguayante,Supermercado Monika,,1801,1496,1558,1697,1802,,0.58,7.2,31,demo,9.5,8.5,7.7,8.2
https://example.invalid/demo/02121,Juan Pablo II,Escuela de Lenguaje Llacolén,Plaza Bellavista,Ex Clínica Universitaria San Pedro,Super Gangas,Instituto Santo Tomás,1024,984,764,1582,900,2579,0.66,5.0,35,demo,9.5,7.5,6.8,7.0
https://example.invalid/demo/02932,,Escuela República De Panamá,Plaza Arturo Prat,Hospital de Tomé,Acuenta,,2221,259,858,1181,508,,0.65,6.5,31,demo,9.5,6.7,6.5,6.7
https://example.invalid/demo/00490,Pedro Medina,Colegio de Lenguaje Senderos de BioBio,,Cruz Roja Filial Chiguayante,Supermercado Monika,,1187,1003,848,1216,1259,,0.77,7.3,30,demo,9.5,8.5,7.7,8.0
https://example.invalid/demo/01721,Terminal Santa Rita,Escuela de Lenguaje Palabras Magicas,Parque Central Avenida Vicuña Mackenna,Consultorio,Supermercado Unico,Instituto Santo Tomás,1470,91,162,474,402,846,0.72,5.2,32,demo,9.5,7.8,7.0,7.8
https://example.invalid/demo/02215,Juan Pablo II,Escuela de Lenguaje Llacolén,Plaza San Pedro Histórico,Ex Clínica Universitaria San Pedro,Santa Isabel,Univesidad Santo Tomás Concepción,689,57,78,651,309,3023,0.58,0.3,31,demo,9.5,8.2,7.3,7.8
https://example.invalid/demo/02798,Hospital Las Higueras,Colegio Talcahuano,,Hospital Las Higueras,Supermercado Ganga,Universidad Católica de la Santísima Concepción Talcahuano,361,237,390,826,185,207,0.7,4.7,30,demo,9.5,7.2,6.2,6.8
https://example.invalid/demo/02610,Hospital Las Higueras,Escuela de Lenguaje Inalaf,,Instituto de Seguridad del Trabajo de Talcahuano,Supermercado Ganga,Universidad Católica de la Santísima Concepción Talcahuano,356,130,255,482,548,672,0.87,0.0,30,demo,9.5,9.5,9.2,9.5
https://example.invalid/demo/01914,Lirquén,Escuela de Lenguaje Jardin de Palabras,,UAPO,Provisiones Eugenio,,3746,41,574,932,394,,0.78,2.0,40,demo,9.5,7.0,2.5,3.5
https://example.invalid/demo/02681,Mercado,Liceo Almirante Pedro Espina Ritchie,Paseo Ventana al Mar,Filial Cruz Roja Talcahuano,,Instituto Profesional ESUCOMEX Talcahuano,968,49,110,184,652,546,0.76,5.0,34,demo,9.5,8.5,6.2,8.0
https://example.invalid/demo/02790,Hospital Las Higueras,Escuela de Lenguaje Inalaf,,Instituto de Seguridad del Trabajo de Talcahuano,Supermercado Ganga,Universidad Católica de la Santísima Concepción Talcahuano,511,296,566,847,523,601,0.74,6.2,35,demo,9.5,9.5,9.2,9.5
https://example.invalid/demo/01600,Terminal de Buses Islajacoop,Colegio Doctor Osvaldo Quinteros,,CESFAM Nuevo Horizonte,Supermercado Acuenta,Centro Integral de Educación Tecnológica Curamávida,3792,710,507,873,2043,1257,0.67,5.8,30,demo,9.5,9.5,9.5,9.5
https://example.invalid/demo/02923,,Internado Municipal Bellavista,Plaza de Bellavista,CESFAM/ SAPU Bellavista,Acuenta,,1401,501,677,470,1376,,0.74,3.7,34,demo,9.5,9.5,9.3,9.5
https://example.invalid/demo/01890,Lirquén,Queen Elizabeth School,plaza los lapices,Centro de diálisis Nephrocare,Acuenta,,3250,2287,2279,2226,2209,,0.65,6.0,31,demo,9.5,9.5,9.3,9.5
https://example.invalid/demo/01448,Universidad Técnica Federico Santa María,Colegio Adventista,,CESFAM Talcahuano Sur,Alvi,Universidad Técnica Federico Santa María,768,365,192,1213,355,642,0.73,3.8,41,demo,9.5,6.2,5.7,6.2
https://example.invalid/demo/01044,,Colegio Einstein Concepcion,,Centro Clínico Docente en Oftalmología,Santa Isabel,Departamento de Musica UdeC,236,117,250,332,489,132,0.84,4.2,38,demo,9.5,8.3,6.3,7.7
https://example.invalid/demo/02838,El Arenal,Escuela Santa Cecilia,,CESFAM San Vicente,Unimarc,Instituto Profesional ESUCOMEX Talcahuano,378,106,290,494,266,436,0.72,7.5,32,demo,9.5,9.5,9.3,9.5
https://example.invalid/demo/01980,Juan Pablo II,,Parque Villa Obreros Nuevo Puente Juan Pablo II,Ex Clínica Universitaria San Pedro,Bio Pan,Instituto Santo Tomás,1293,862,592,2097,911,3098,0.69,8.5,42,demo,9.5,9.5,9.5,9.5
https://example.invalid/demo/00519,Pedro Medina,Escuela José Hipólito Salas y Toro,Plaza Cochrane,Policlínico Chiguayante,Santa Isabel,,659,342,79,724,364,,0.81,5.3,32,demo,9.5,8.7,6.3,7.2
https://example.invalid/demo/02236,Juan Pablo II,Deutsche Schule Concepción,,Ex Clínica Universitaria San Pedro,Unimarc,INACAP San Pedro de la Paz,1723,371,318,888,85,3285,0.76,8.5,34,demo,9.5,9.2,8.8,9.2
https://example.invalid/demo/00466,Pedro Medina,Colegio de Lenguaje Senderos de BioBio,,Policlínico Chiguayante,Super Ganga,,323,250,137,662,392,,0.7,2.8,33,demo,9.5,8.3,6.8,7.0
https://example.invalid/demo/02038,Juan Pablo II,Escuela Miguel José Zañartu Santa María E-653,Plaza Pedro Esteban,Ex Clínica Universitaria San Pedro,Supermercado Super Ganga,INACAP San Pedro de la Paz,842,249,153,709,707,2651,0.75,0.0,32,demo,9.5,5.3,4.3,5.3
https://example.invalid/demo/00662,Pedro Medina,Centro de Nivelación y de Capacitación para Adultos Madre María Nys,Plaza Pedro Medina,Policlínico Chiguayante,Unimarc,,184,199,220,616,164,,0.61,0.0,38,demo,9.5,9.3,6.7,8.7
https://example.invalid/demo/02327,Juan Pablo II,Deutsche Schule Concepción,,Ex Clínica Universitaria San Pedro,Unimarc,Instituto Profesional Virginio Gómez,1965,534,409,1115,572,3631,0.68,6.3,34,demo,9.5,9.5,8.3,9.5
https://example.invalid/demo/01133,Conquistador,Parvulario Colegio Adventista de Concepción,,Centro Medico Universidad San Sebastián,Andretta,Universidad San Sebastián,633,152,167,440,270,604,0.69,4.0,35,demo,9.5,8.3,7.5,8.0
https://example.invalid/demo/00208,Manquimávida,Colegio Madre Paulina,,CESFAM Pinares,Santa Isabel,,734,708,605,2126,1508,,0.74,5.0,35,demo,9.5,9.5,9.5,9.5
https://example.invalid/demo/00004,,,,,,,,,,,,,0.68,8.2,28,demo,9.5,9.5,9.5,9.5
https://example.invalid/demo/01369,Terminal de colectivos 21,Colegio Villa Acero,,CESFAM Talcahuano Sur,Supermercado: Victor Hugo,Universidad Técnica Federico Santa María,1029,236,152,364,778,1497,0.78,3.0,36,demo,9.5,6.3,5.0,6.3
https://example.invalid/demo/01657,Terminal de Buses Rurales Vega Techada,Liceo Don Orione,,CESFAM Norte,Super Ganga,Instituto AIEP,1476,727,374,1017,1098,1467,0.69,6.3,39,demo,9.5,9.5,6.8,8.7
https://example.invalid/demo/02216,Juan Pablo II,Saint John's School,,Ex Clínica Universitaria San Pedro,Unimarc,INACAP San Pedro de la Paz,4088,1898,1297,3239,2436,4593,0.59,5.8,34,demo,9.5,9.5,7.5,9.5
https://example.invalid/demo/02738,Hospital Las Higueras,Colegio Remodelación Simons,,Filial Cruz Roja Talcahuano,Lider,Universidad Católica de la Santísima Concepción Talcahuano,1509,924,537,1367,882,1228,0.68,4.3,34,demo,9.5,5.2,5.2,5.2
https://example.invalid/demo/01260,Coronel,Colegio Jorge Rojas,,Centro kinésico Coronel,Santa Isabel,,617,701,232,951,855,1694,0.69,6.5,35,demo,9.5,9.5,9.5,9.5
https://example.invalid/demo/02805,El Arenal,Colegio Remodelación Simons,,Filial Cruz Roja Talcahuano,Lider,Instituto Profesional ESUCOMEX Talcahuano,1036,298,106,839,474,736,0.76,5.3,37,demo,9.5,6.5,6.0,6.5
https://example.invalid/demo/00956,Terminal de Buses Collao,Colegio Salesiano de Concepción,Plaza San Juan Bosco,Clínica Ernesto Silva B.,La Taquilla,Universidad del Desarrollo,1243,147,39,196,89,172,0.79,5.8,33,demo,9.5,9.0,6.5,7.3
https://example.invalid/demo/00291,Chiguayante,Liceo Chiguayante,,Policlínico Chiguayante,Santa Isabel,,1628,1097,677,1249,1411,,0.86,8.0,35,demo,9.5,9.5,9.5,9.5
https://example.invalid/demo/02699,Hospital Las Higueras,Colegio Talcahuano,,Instituto de Seguridad del Trabajo de Talcahuano,Supermercado Ganga,Universidad Católica de la Santísima Concepción Talcahuano,114,128,168,712,293,419,0.74,7.5,35,demo,9.5,7.8,7.8,7.8
https://example.invalid/demo/01314,Universidad Técnica Federico Santa María,Centro Integral Los Aromos,,Clínica Biobío,Jumbo,Universidad Andrés Bello Concepción,859,673,589,1465,1332,119,0.57,0.8,42,demo,9.5,9.5,9.3,9.5
https://example.invalid/demo/02301,Juan Pablo II,Colegio Santísima Trinidad,,Ex Clínica Universitaria San Pedro,Unimarc,INACAP San Pedro de la Paz,2270,537,291,1448,643,3331,0.79,7.0,33,demo,9.5,9.5,9.5,9.5
https://example.invalid/demo/01018,Buses Delsal,Colegio Per Se,Plaza San Juan Bosco,Clínica Ernesto Silva B.,La Taquilla,Universidad del Desarrollo,1255,136,165,98,106,79,0.73,4.3,30,demo,9.5,8.2,7.7,8.2
https://example.invalid/demo/01689,Terminal de Buses Rurales Vega Techada,Escuela E-927 República de Israel (ex n° 5),,CESFAM NORORIENTE Los Ángeles,Unimarc,Hogar Universidad de Concepción,836,223,232,465,212,636,0.77,6.0,30,demo,9.5,8.5,8.5,8.5
https://example.invalid/demo/01029,Buses Delsal,Parvulario Colegio Adventista de Concepción,,Centro Medico Universidad San Sebastián,Andretta,Preuniversitarios Cpech,631,201,171,528,295,587,0.69,0.0,39,demo,9.5,9.5,8.8,9.5
https://example.invalid/demo/01267,Laguna Quiñenco,Escuela Javiera Carrera,,CESFAM Yobilo,Santa Isabel,,1218,781,617,563,1231,2158,0.85,0.5,33,demo,9.5,4.2,0.8,3.7
https://example.invalid/demo/02871,,Carlos Mahns Choupay,Plaza Arturo Prat,Hospital de Tomé,Acuenta,,2490,420,551,943,213,,0.71,3.7,35,demo,9.5,5.5,3.8,4.2
https://example.invalid/demo/00818,Terminal de Buses 63 Rengo Lientur,Escuela de Lenguaje Ketrawe,,CESFAM Santa Sabina,Unimarc,Universidad Católica de la Santísima Concepción Campus San Andrés,1489,172,355,268,720,1055,0.73,8.3,30,demo,9.5,9.5,9.5,9.5
https://example.invalid/demo/02001,Juan Pablo II,Deutsche Schule Concepción,,Ex Clínica Universitaria San Pedro,Unimarc,Instituto Profesional Virginio Gómez,2116,680,446,1266,684,3659,0.78,6.0,32,demo,9.5,9.5,8.0,9.3
https://example.invalid/demo/01589,Terminal Rodoviario Los Ángeles,Escuela Particular Diego de Almagro,,CESFAM NORORIENTE Los Ángeles,Unimarc,Hogar Universidad de Concepción,528,166,352,166,413,1144,0.85,7.8,39,demo,9.5,9.5,9.2,9.5
https://example.invalid/demo/00992,Conquistador,Colegio Gran Bretaña,Bandejón central Manuel Rodriguez,CESFAM Tucapel,Unimarc,Colegio Bautista de Concepción,492,265,170,905,255,797,0.55,8.2,31,demo,9.5,9.5,9.3,9.5
https://example.invalid/demo/00144,Estación de buses Turbus,Colegio John F. Kennedy,Plaza Manuel Rodríguez,Cruz Roja Filial Chiguayante,Supermercado Monika,,625,383,711,573,632,,0.85,4.8,33,demo,9.5,8.0,5.5,5.8
https://example.invalid/demo/02898,,Escuela Margarita Naseau,Paseo Lisa Peters T.,Hospital de Tomé,Unimarc,,3019,293,240,1011,597,,0.64,6.8,33,demo,9.5,9.5,8.7,9.5
https://example.invalid/demo/02400,Juan Pablo II,Deutsche Schule Concepción,,Ex Clínica Universitaria San Pedro,Unimarc,Instituto Profesional Virginio Gómez,3011,1797,931,2263,1877,3066,0.57,6.7,30,demo,9.5,7.2,7.2,7.2
https://example.invalid/demo/00471,Estación de buses Turbus,Colegio Chileno Árabe,,Cruz Roja Filial Chiguayante,Unimarc,,1564,719,753,1329,1333,,0.59,6.8,32,demo,9.5,9.5,9.5,9.5
https://example.invalid/demo/00231,Estación de buses Turbus,Colegio John F. Kennedy,,Cruz Roja Filial Chiguayante,Supermercado Monika,,1577,1292,1293,1494,1581,,0.79,5.5,33,demo,9.5,8.0,6.0,7.5
https://example.invalid/demo/00341,Pedro Medina,Colegio de Lenguaje Senderos de BioBio,,Cruz Roja Filial Chiguayante,Supermercado Monika,,1293,1107,981,1355,1407,,0.64,4.8,36,demo,9.5,7.0,5.0,5.7
https://example.invalid/demo/02767,El Arenal,Colegio Remodelación Simons,,Filial Cruz Roja Talcahuano,Lider,Instituto Profesional ESUCOMEX Talcahuano,855,132,75,809,369,574,0.76,2.7,38,demo,9.5,2.8,2.7,2.7
https://example.invalid/demo/02787,El Arenal,Escuela Básica Libertad E 492,,Hospital Las Higueras,Lider,Universidad Católica de la Santísima Concepción Talcahuano,984,543,77,1125,325,736,0.66,8.8,29,demo,9.5,9.2,9.2,9.2
https://example.invalid/demo/02361,Juan Pablo II,Escuela Miguel José Zañartu Santa María E-653,Plaza Pedro Esteban,Ex Clínica Universitaria San Pedro,Santa Isabel,INACAP San Pedro de la Paz,883,36,72,528,747,2798,0.72,7.2,32,demo,9.5,9.5,9.3,9.5
https://example.invalid/demo/00772,,Escuela F-560 Luis Muñoz Burboa,Parque Metropolitano Cerro Caracol,Clínica dental: Radio Dent,Emporio Agrícola,Centro Mandala,889,417,361,1071,1293,667,0.76,7.0,33,demo,9.5,8.5,7.7,8.2
https://example.invalid/demo/02657,Hospital Las Higueras,Liceo La Asunción,,Hospital Las Higueras,Supermercado Ganga,Universidad Católica de la Santísima Concepción Talcahuano,692,430,75,193,773,808,0.77,5.7,35,demo,9.5,6.2,6.2,6.2
https://example.invalid/demo/01497,Universidad Técnica Federico Santa María,Escuela Particular Diego Portales,Paseo Marsella,CESFAM Hualpencillo,Mini Market El Gato Negro,CEDUC UCN Hualpén,945,105,112,721,405,872,0.67,7.0,36,demo,9.5,8.5,7.7,8.0
https://example.invalid/demo/02988,,Escuela Gabriela Mistral,,CESFAM Alberto Reyes,Unimarc,,4389,318,346,603,1650,,0.78,5.2,32,demo,9.5,9.5,9.2,9.5
https://example.invalid/demo/02354,Juan Pablo II,Colegio Santísima Trinidad,,Ex Clínica Universitaria San Pedro,Unimarc,INACAP San Pedro de la Paz,1902,113,298,1175,558,2863,0.68,8.5,38,demo,9.5,9.5,9.5,9.5
https://example.invalid/demo/01467,Universidad Técnica Federico Santa María,Colegio Adventista,,CESFAM Talcahuano Sur,Alvi,Universidad Técnica Federico Santa María,849,215,152,1085,356,751,0.66,1.3,32,demo,9.5,5.5,3.8,4.8
https://example.invalid/demo/02334,Juan Pablo II,Escuela de Lenguaje Llacolén,Plaza Bellavista,Ex Clínica Universitaria San Pedro,Santa Isabel,AIEP,1548,802,724,1180,1065,2494,0.73,7.2,30,demo,9.5,9.5,8.7,9.5
https://example.invalid/demo/01402,Lorenzo Arenas,Colegio Sagrados Corazones,,Sanatorio Alemán,Olimpia,Universidad Técnica Federico Santa María,1744,152,372,585,391,1715,0.72,4.0,32,demo,9.5,9.5,7.3,8.5
https://example.invalid/demo/02799,Hospital Las Higueras,Colegio Remodelación Simons,,Filial Cruz Roja Talcahuano,Lider,Universidad Católica de la Santísima Concepción Talcahuano,1468,937,546,1398,876,1189,0.66,3.0,29,demo,9.5,3.7,3.2,3.3
https://example.invalid/demo/03015,,Escuela República De Panamá,Paseo Lisa Peters T.,Hospital de Tomé,Mayorista 10,,2439,741,705,1333,630,,0.67,1.0,33,demo,9.5,9.2,3.0,3.2
https://example.invalid/demo/02562,Unihue,Escuela Profesora Juana Salgado Parra G-609,,,,,5545,5845,,,,,0.68,2.3,38,demo,9.5,9.5,6.3,9.5
https://example.invalid/demo/00487,Chiguayante,Escuela José Hipólito Salas y Toro,,Policlínico Chiguayante,Santa Isabel,,508,98,324,618,272,,0.73,8.8,30,demo,9.5,9.5,9.5,9.5
https://example.invalid/demo/00032,,,,,,,,,,,,,0.75,0.0,40,demo,9.5,8.5,5.7,7.2
https://example.invalid/demo/01506,Hualqui,Escuela D-600 Manuel Amat y Juniet,,CESFAM Hualqui,Unimarc,,662,765,355,776,806,,0.52,6.0,27,demo,9.5,9.3,8.3,8.7
https://example.invalid/demo/02716,Mercado,Liceo Almirante Pedro Espina Ritchie,Borde Costero El Morro,Filial Cruz Roja Talcahuano,Lider,Instituto Profesional ESUCOMEX Talcahuano,1795,1110,917,1084,1474,1537,0.7,6.2,33,demo,9.5,7.7,6.7,7.0
https://example.invalid/demo/00938,,Escuela F-560 Luis Muñoz Burboa,Parque Metropolitano Cerro Caracol,Clínica de la mujer - Sanatorio Alemán,Señora Teresa,Centro Mandala,1503,935,1115,1625,1598,1158,0.75,7.0,32,demo,9.5,9.5,9.5,9.5
https://example.invalid/demo/02093,Juan Pablo II,Escuela de Lenguaje Llacolén,Plaza Bellavista,Ex Clínica Universitaria San Pedro,Super Gangas,Univesidad Santo Tomás Concepción,733,529,385,1134,493,2761,0.74,5.3,38,demo,9.5,6.8,5.5,6.0
https://example.invalid/demo/00515,Pedro Medina,Colegio John F. Kennedy,,Cruz Roja Filial Chiguayante,Supermercado Monika,,1260,1058,924,1253,1306,,0.71,6.5,31,demo,9.5,9.0,7.7,8.2
https://example.invalid/demo/02940,,Escuela Especial Tomé,Plaza Monumento Tomé Lafkenche,Hospital de Tomé,Unimarc,,3222,144,127,413,445,,0.66,7.2,32,demo,9.5,9.3,9.2,9.2
https://example.invalid/demo/02892,,Escuela Básica y Adultos California,Plaza Arturo Prat,Hospital de Tomé,Acuenta,,2302,135,1145,1273,845,,0.7,6.5,30,demo,9.5,7.8,7.7,7.8
https://example.invalid/demo/00668,Estación de buses Turbus,Colegio John F. Kennedy,Plaza Manuel Rodríguez,Cruz Roja Filial Chiguayante,Supermercado Monika,,265,93,336,134,243,,0.55,5.0,31,demo,9.5,7.5,7.3,7.5
https://example.invalid/demo/00207,Pedro Medina,Colegio de Lenguaje Senderos de BioBio,,Policlínico Chiguayante,Lider,,984,869,909,1651,1212,,0.81,6.5,32,demo,9.5,7.2,6.8,7.2
https://example.invalid/demo/01752,Terminal Santa Rita,Escuela de Lenguaje Alto Los Ángeles,,CESFAM/ SAPU 2 de Septiembre,Lider Express,Inacap Los Ángeles,1724,147,419,399,231,834,0.73,7.2,33,demo,9.5,8.3,7.5,7.8
https://example.invalid/demo/00634,Pedro Medina,Colegio de Lenguaje Senderos de BioBio,,Policlínico Chiguayante,Super Ganga,,626,445,314,1089,798,,0.67,4.2,33,demo,9.5,8.0,4.8,6.3
https://example.invalid/demo/02358,Juan Pablo II,Deutsche Schule Concepción,,Ex Clínica Universitaria San Pedro,Unimarc,INACAP San Pedro de la Paz,1448,70,365,589,356,3527,0.79,1.7,33,demo,9.5,6.7,4.5,6.7
https://example.invalid/demo/00476,Pedro Medina,Colegio de Lenguaje Senderos de BioBio,,Cruz Roja Filial Chiguayante,Santa Isabel,,755,591,348,990,779,,0.75,0.5,36,demo,9.5,3.5,0.7,2.7
https://example.invalid/demo/03097,,Escuela de Lenguaje Campanita,Parque Agustín Dagnino,Hospital de Tomé,Acuenta,,3379,490,462,755,1115,,0.79,4.7,34,demo,9.5,9.5,9.3,9.5
https://example.invalid/demo/02995,,Escuela Básica Ignacio Serrano Montaner,,Hospital de Tomé,Unimarc,,4068,804,425,1265,1432,,0.72,7.8,29,demo,9.5,9.5,9.3,9.5
https://example.invalid/demo/02944,,Escuela Mariano Egaña,Parque Villa Nuevo Tomé,CESFAM Alberto Reyes,Acuenta,,4692,894,727,1579,2307,,0.84,5.3,31,demo,9.5,9.5,9.2,9.5
https://example.invalid/demo/02286,Juan Pablo II,Deutsche Schule Concepción,,Ex Clínica Universitaria San Pedro,Unimarc,Instituto Profesional Virginio Gómez,2066,725,660,1245,819,3413,0.68,8.7,28,demo,9.5,9.5,9.5,9.5
https://example.invalid/demo/00605,Estación de buses Turbus,Colegio John F. Kennedy,,Cruz Roja Filial Chiguayante,Supermercado Monika,,1053,769,976,970,1056,,0.76,7.2,33,demo,9.5,8.2,7.5,7.7
https://example.invalid/demo/02946,,Escuela Básica y Adultos California,Plaza Arturo Prat,Hospital de Tomé,Acuenta,,2539,220,931,1012,675,,0.57,7.7,37,demo,9.5,8.7,8.5,8.7
https://example.invalid/demo/00555,Pedro Medina,Colegio de Lenguaje Senderos de BioBio,,Cruz Roja Filial Chiguayante,Unimarc,,2195,2027,2033,2505,2507,,0.62,6.2,34,demo,9.5,9.5,9.0,9.5
https://example.invalid/demo/01818,Terminal de Buses Rurales Vega Techada,Liceo Don Orione,Plaza Coronel Ricardo Silva Arriagada,CESFAM NORORIENTE Los Ángeles,Super Ganga,Hogar Universidad de Concepción,851,212,191,559,406,953,0.73,5.5,33,demo,9.5,6.3,6.3,6.3
https://example.invalid/demo/00905,Conquistador,Colegio Gran Bretaña,Bandejón central Manuel Rodriguez,Centro Medico Universidad San Sebastián,Unimarc,Colegio Bautista de Concepción,329,173,350,852,256,877,0.75,8.7,32,demo,9.5,9.5,9.2,9.5
https://example.invalid/demo/02921,,Liceo Ecuador,Plaza Arturo Prat,Hospital de Tomé,Acuenta,,3001,48,372,406,394,,0.7,2.8,30,demo,9.5,5.5,3.5,4.2
https://example.invalid/demo/01505,Terminal de buses Las Galaxias,Colegio Alonso de Ercilla,,CESFAM Hualqui,Super Bodega Acuenta,,645,303,92,576,92,,0.61,2.7,28,demo,9.5,4.3,4.0,4.3
https://example.invalid/demo/02711,Hospital Las Higueras,Escuela Básica Las Higueras,,Hospital Las Higueras,Supermercado Ganga,Universidad Católica de la Santísima Concepción Talcahuano,179,180,65,497,374,478,0.72,5.2,36,demo,9.5,7.2,5.7,7.2
https://example.invalid/demo/01012,,Mozatschule Concepción,,SAMU,Santa Isabel,Universidad de Concepción,674,46,467,903,1081,239,0.69,0.5,32,demo,9.5,9.5,9.5,9.5
https://example.invalid/demo/02964,,Escuela Básica y Adultos California,Plaza Arturo Prat,Hospital de Tomé,Acuenta,,2586,224,1253,1240,1023,,0.63,3.2,38,demo,9.5,5.5,5.0,5.3
https://example.invalid/demo/01859,Terminal Santa Rita,Colegio Los Angeles,Plaza Libertador Bernardo O'Higgins,Centro Médico Central,Tottus,Instituto AIEP,651,61,302,23,292,55,0.71,4.8,28,demo,9.5,4.8,4.8,4.8
https://example.invalid/demo/01760,Terminal Santa Rita,Escuela Especial CADIS,Parque de Juegos Infantiles Gabriela Mistral,Clínica Alta Salud,Lider,Universidad Católica de la Santísima Concepción Los Ángeles,805,59,215,167,136,366,0.63,5.7,30,demo,9.5,7.5,6.5,6.8
https://example.invalid/demo/02099,Juan Pablo II,Colegio El Arrayán,,Ex Clínica Universitaria San Pedro,Santa Isabel,INACAP San Pedro de la Paz,969,298,143,116,499,3299,0.82,4.7,39,demo,9.5,5.7,4.7,4.8
https://example.invalid/demo/01073,,Escuela F-560 Luis Muñoz Burboa,Parque Metropolitano Cerro Caracol,Clínica dental: Radio Dent,Emporio Agrícola,Centro Mandala,646,496,62,651,873,625,0.65,6.5,40,demo,9.5,9.5,9.3,9.5
https://example.invalid/demo/00350,Pedro Medina,Colegio de Lenguaje Senderos de BioBio,,Cruz Roja Filial Chiguayante,Super Ganga,,1059,884,891,1627,1372,,0.59,7.0,32,demo,9.5,9.5,9.3,9.5
https://example.invalid/demo/01428,Terminal de colectivos 21,Colegio Villa Acero,Parque Postdam,CESFAM Talcahuano Sur,Supermercado: Donde Carlos,Universidad Técnica Federico Santa María,974,311,140,47,713,1790,0.66,5.0,38,demo,9.5,8.5,6.5,8.5
https://example.invalid/demo/00719,,Escuela F-560 Luis Muñoz Burboa,Parque Metropolitano Cerro Caracol,Clínica de la mujer - Sanatorio Alemán,Señora Teresa,Centro Mandala,1667,1101,1221,1593,1464,1334,0.76,4.5,29,demo,9.5,9.5,8.8,9.5
https://example.invalid/demo/01776,Terminal Santa Rita,Escuela Diferencial Ángelitos,,CESFAM/ SAPU 2 de Septiembre,Lider Express,Inacap Los Ángeles,1692,125,294,208,424,664,0.68,6.5,34,demo,9.5,9.5,9.2,9.5
https://example.invalid/demo/02386,Juan Pablo II,Colegio Santísima Trinidad,,Ex Clínica Universitaria San Pedro,Unimarc,INACAP San Pedro de la Paz,1777,105,236,1004,342,3024,0.67,4.7,36,demo,9.5,9.5,9.3,9.5
https://example.invalid/demo/00646,Pedro Medina,Colegio de Lenguaje Senderos de BioBio,,Policlínico Chiguayante,Super Ganga,,866,690,715,1454,1190,,0.81,3.3,32,demo,9.5,4.7,4.7,4.7
https://example.invalid/demo/01888,Lirquén,Centro Educacional Alborada,,CESFAM Penco,Gabito,,4049,615,664,1214,914,,0.76,5.3,34,demo,9.5,6.8,6.2,6.3
https://example.invalid/demo/00440,Pedro Medina,Colegio de Lenguaje Senderos de BioBio,,Policlínico Chiguayante,Unimarc,,759,625,786,1416,1043,,0.76,5.0,33,demo,9.5,8.3,5.8,6.8
https://example.invalid/demo/00137,Pedro Medina,Colegio de Lenguaje Senderos de BioBio,,Policlínico Chiguayante,Lider,,1422,1274,1365,2065,1706,,0.57,7.0,30,demo,9.5,9.5,9.3,9.5
https://example.invalid/demo/01392,Lorenzo Arenas,Escuela Diferencial Bao Bab,,Sanatorio Alemán,Jumbo,Escuela de Suboficiales de Carabineros - Grupo Concepción,1913,602,824,1118,248,2527,0.74,8.2,31,demo,9.5,9.5,9.5,9.5
https://example.invalid/demo/02671,El Arenal,Jardin Infantil Barquito de Papel,,CESFAM San Vicente,Unimarc,Instituto Profesional ESUCOMEX Talcahuano,195,235,183,800,206,327,0.68,8.2,37,demo,9.5,9.0,8.5,8.7
https://example.invalid/demo/02563,Unihue,Escuela Profesora Juana Salgado Parra G-609,,,,,5253,5552,,,,,0.86,5.0,35,demo,9.5,9.5,9.3,9.5
https://example.invalid/demo/00191,Manquimávida,Kennedy School,,CESFAM Pinares,Unimarc,,1330,502,80,593,590,,0.74,4.0,35,demo,9.5,9.5,7.5,9.5
https://example.invalid/demo/01706,Terminal de Buses Islajacoop,Escuela D-886 Colonia Árabe (ex n° 97),PLaza La Araucania,CESFAM Norte,Tottus,Instituto AIEP,1121,192,54,253,672,757,0.82,3.2,33,demo,9.5,5.0,3.3,3.8
https://example.invalid/demo/01391,Los Cóndores,Escuela Básica Puerto Montt,Parque de las Lagunas,CESFAM Hualpencillo,El Ahorro,CEDUC UCN Hualpén,1532,1004,218,1582,1157,2054,0.64,0.0,36,demo,9.5,9.5,9.0,9.5
https://example.invalid/demo/02181,Juan Pablo II,Escuela de Lenguaje Llacolén,,Ex Clínica Universitaria San Pedro,Santa Isabel,AIEP,1791,1057,713,1497,1353,2172,0.68,6.8,28,demo,9.5,9.5,8.2,9.0
https://example.invalid/demo/02894,,Escuela de Lenguaje Campanita,Parque Agustín Dagnino,Hospital de Tomé,Acuenta,,3216,316,714,971,1174,,0.76,6.8,34,demo,9.5,8.7,8.3,8.7
https://example.invalid/demo/02984,,Colegio Guillermo Velasco Barros,Paseo Lisa Peters T.,Hospital de Tomé,Mayorista 10,,2604,559,488,1087,403,,0.67,7.2,33,demo,9.5,7.8,7.5,7.5
https://example.invalid/demo/02726,El Arenal,Colegio Remodelación Simons,Borde Costero El Morro,Filial Cruz Roja Talcahuano,Lider,Instituto Profesional ESUCOMEX Talcahuano,1149,399,95,800,611,815,0.64,7.3,36,demo,9.5,9.5,8.5,9.3
https://example.invalid/demo/02935,,Carlos Mahns Choupay,Plaza Arturo Prat,Hospital de Tomé,Acuenta,,2620,46,671,819,415,,0.79,3.3,34,demo,9.5,7.5,4.8,6.5
https://example.invalid/demo/01927,Lirquén,Escuela de Lenguaje Jardin de Palabras,,UAPO,Provisiones Eugenio,,3995,248,526,1177,640,,0.74,5.3,34,demo,9.5,7.2,6.8,7.2
https://example.invalid/demo/01115,Buses Delsal,Centro de Educación de Adultos Newentun,,Clínica Kenal,Santa Isabel,Casa Central Universidad Catolica de la Santisima Concepción,432,118,302,347,121,281,0.76,3.2,33,demo,9.5,6.8,5.3,5.7
https://example.invalid/demo/00416,Estación de buses Turbus,Colegio Chileno Árabe,,Cruz Roja Filial Chiguayante,Supermercado Mey,,2172,1589,1603,1970,2101,,0.74,6.0,38,demo,9.5,9.5,9.3,9.5
https://example.invalid/demo/01684,Terminal Rodoviario Los Ángeles,Escuela Especial de Lenguaje Los Ángeles,,CESFAM NORORIENTE Los Ángeles,Unimarc,Hogar Universidad de Concepción,544,42,276,281,207,1001,0.67,8.0,33,demo,9.5,9.5,8.8,9.5
https://example.invalid/demo/01330,Universidad Técnica Federico Santa María,Escuela de Lenguaje Santa Leonor,,Clínica Biobío,Alvi,Universidad Andrés Bello Concepción,774,576,459,1726,1309,277,0.82,7.0,34,demo,9.5,9.0,8.0,8.3
https://example.invalid/demo/00533,Pedro Medina,Colegio de Lenguaje Senderos de BioBio,,Policlínico Chiguayante,Super Ganga,,743,563,579,1319,1053,,0.71,0.0,35,demo,9.5,6.5,6.2,6.2
https://example.invalid/demo/00523,Chiguayante,Escuela Especial de Lenguaje Altos de Chiguayante,,Cruz Roja Filial Chiguayante,Supermercado Monika,,281,292,253,559,379,,0.73,5.8,26,demo,9.5,8.5,7.8,8.0
https://example.invalid/demo/01648,Terminal Santa Rita,Escuela de Lenguaje Palabras Magicas,,Consultorio,Supermercado Unico,Instituto Santo Tomás,1543,313,281,610,224,1012,0.7,4.5,33,demo,9.5,7.0,5.3,7.0
https://example.invalid/demo/02184,Juan Pablo II,Saint John's School,,Ex Clínica Universitaria San Pedro,Unimarc,INACAP San Pedro de la Paz,2347,554,233,1777,1279,2308,0.69,8.0,29,demo,9.5,9.5,9.5,9.5
https://example.invalid/demo/02721,Hospital Las Higueras,Colegio Remodelación Simons,,Filial Cruz Roja Talcahuano,Lider,Universidad Católica de la Santísima Concepción Talcahuano,1348,1058,662,1555,942,1092,0.79,0.0,34,demo,9.5,9.3,6.8,9.3
https://example.invalid/demo/02169,Juan Pablo II,Escuela de Lenguaje Llacolén,Plaza Bellavista,Ex Clínica Universitaria San Pedro,Super Gangas,Univesidad Santo Tomás Concepción,1149,669,314,1337,851,2364,0.74,5.5,31,demo,9.5,7.3,6.3,7.3
https://example.invalid/demo/02552,Juan Pablo II,"Colegio Concepción San Pedro, campus Villa",Parque Laguna Grande,Ex Clínica Universitaria San Pedro,Rincón del Valle - Minimarket,INACAP San Pedro de la Paz,1248,279,184,1194,534,2145,0.46,3.3,35,demo,9.5,5.5,5.5,5.5
https://example.invalid/demo/00121,Pedro Medina,Colegio de Lenguaje Senderos de BioBio,,Cruz Roja Filial Chiguayante,Super Ganga,,1343,1160,1098,1597,1580,,0.68,7.5,37,demo,9.5,9.5,9.0,9.5
https://example.invalid/demo/01609,Terminal Santa Rita,Colegio Los Angeles,Plaza Libertador Bernardo O'Higgins,Centro Médico Central,Jumbo,Instituto AIEP,699,12,327,69,259,103,0.74,0.8,31,demo,9.5,1.5,1.3,1.3
https://example.invalid/demo/02608,El Arenal,Colegio Remodelación Simons,,Filial Cruz Roja Talcahuano,,Instituto Profesional ESUCOMEX Talcahuano,681,82,204,711,312,361,0.8,3.5,35,demo,9.5,8.0,7.0,7.2
https://example.invalid/demo/02146,Juan Pablo II,Colegio Santísima Trinidad,,Ex Clínica Universitaria San Pedro,Unimarc,INACAP San Pedro de la Paz,1996,295,45,1185,401,3202,0.65,0.0,40,demo,9.5,0.0,0.0,0.0
https://example.invalid/demo/00449,Pedro Medina,Colegio de Lenguaje Senderos de BioBio,,Policlínico Chiguayante,Super Ganga,,414,288,25,778,490,,0.69,5.5,29,demo,9.5,7.8,6.5,6.8
https://example.invalid/demo/00424,Pedro Medina,Colegio de Lenguaje Senderos de BioBio,,Policlínico Chiguayante,Unimarc,,597,419,478,1187,932,,0.71,4.7,34,demo,9.5,7.7,5.8,7.0
https://example.invalid/demo/02087,Lomas Coloradas,Colegio Juan Bosco,,CESFAM Lomas Coloradas,Unimarc,INACAP San Pedro de la Paz,2415,1616,1696,1866,2339,4342,0.74,8.2,27,demo,9.5,9.5,9.5,9.5
https://example.invalid/demo/03000,,Escuela Básica y Adultos California,Parque Villa Nuevo Tomé,CESFAM/ SAPU Bellavista,Acuenta,,2434,796,1794,1746,1672,,0.7,5.3,37,demo,9.5,6.5,6.0,6.2
https://example.invalid/demo/01028,Estación Intermodal Concepción,Colegio Carmela Romero de Espinosa,Plaza España,Dental Art,Alimentos del Pedregal,Instituto Profesional Valle Central,252,167,71,35,271,219,0.67,7.8,30,demo,9.5,9.2,8.3,8.7
https://example.invalid/demo/01873,Estación de Buses Translota,Escuela de Lenguaje Tesón Minero,Plaza Lota,Hospital de Lota,Supermercado aCuenta,,2014,143,297,379,95,,0.53,5.8,30,demo,9.5,8.5,6.7,7.7
https://example.invalid/demo/00571,Estación de buses Turbus,Colegio John F. Kennedy,Plaza Manuel Rodríguez,Cruz Roja Filial Chiguayante,Supermercado Monika,,376,68,439,178,347,,0.63,8.0,30,demo,9.5,9.5,9.0,9.5
https://example.invalid/demo/03136,,Colegio Guillermo Velasco Barros,Paseo Lisa Peters T.,Hospital de Tomé,Mayorista 10,,2780,357,304,896,290,,0.68,6.7,28,demo,9.5,9.5,8.0,9.5
https://example.invalid/demo/02421,Juan Pablo II,Deutsche Schule Concepción,,Ex Clínica Universitaria San Pedro,Unimarc,AIEP,1339,258,353,506,546,3496,0.74,5.5,23,demo,9.5,8.8,8.7,8.8
https://example.invalid/demo/03007,,Escuela República De Panamá,Plaza de Bellavista,CESFAM/ SAPU Bellavista,Acuenta,,1754,406,1006,767,1038,,0.65,8.0,26,demo,9.5,9.5,9.0,9.5
https://example.invalid/demo/00450,Estación de buses Turbus,Colegio John F. Kennedy,,Cruz Roja Filial Chiguayante,Supermercado Monika,,1434,1153,1175,1355,1439,,0.78,2.8,36,demo,9.5,9.5,4.7,9.2
https://example.invalid/demo/01109,Estación Intermodal Concepción,Liceo de Niñas,,Clínica Dental San Martín,Alimentos del Pedregal,Universidad Católica de la Santísima Concepción Campus Santo Domingo,753,150,162,78,287,163,0.7,5.5,33,demo,9.5,6.7,6.7,6.7
https://example.invalid/demo/01611,Terminal Santa Rita,Pulmahue Montessori,,ACHS Salud,Tottus,,1263,266,247,525,430,872,0.69,5.3,35,demo,9.5,9.5,9.0,9.5
https://example.invalid/demo/02730,Hospital Las Higueras,Colegio Remodelación Simons,,Filial Cruz Roja Talcahuano,Lider,Universidad Católica de la Santísima Concepción Talcahuano,1881,1371,1023,1620,1403,1658,0.69,5.8,36,demo,9.5,8.2,5.8,7.7
https://example.invalid/demo/01100,,Liceo Polivalente Experimental Lucila Godoy Alcayaga,,Medyks,Emporio Agrícola,Universidad de las Américas,556,91,229,147,317,112,0.67,6.5,33,demo,9.5,8.3,8.2,8.3
https://example.invalid/demo/02252,Diagonal Biobío,Colegio Instituto San Pedro,Parque Violeta Parra,CESFAM San Pedro de La Paz,Unimarc,INACAP San Pedro de la Paz,1024,423,322,1053,227,2973,0.73,7.7,37,demo,9.5,9.5,9.2,9.5
https://example.invalid/demo/03034,,Liceo República del Ecuador,"Plaza Inclusiva ""Samuel Muñoz""",Hospital de Tomé,Unimarc,,3370,258,258,111,723,,0.73,7.2,30,demo,9.5,9.5,8.3,9.5
https://example.invalid/demo/00077,Chiguayante,Liceo Chiguayante,,Policlínico Chiguayante,Santa Isabel,,707,159,105,461,301,,0.7,6.5,33,demo,9.5,9.5,8.8,9.5
https://example.invalid/demo/01765,Terminal Santa Rita,Escuela Especial F-905 Esperanza,Plaza Libertador Bernardo O'Higgins,Bío-Bío Salud,Lider,Universidad y CFT de Los Lagos,507,147,65,170,317,164,0.65,4.2,31,demo,9.5,8.0,4.5,5.7
https://example.invalid/demo/02367,Juan Pablo II,Deutsche Schule Concepción,,Ex Clínica Universitaria San Pedro,Santa Isabel,AIEP,1134,412,275,324,574,3468,0.65,2.0,37,demo,9.5,5.8,2.5,3.8
https://example.invalid/demo/00946,,Colegio San Agustín,,Centro Clínico Docente en Oftalmología,Santa Isabel,Universidad Bolivariana,471,191,261,71,92,73,0.66,3.0,35,demo,9.5,5.3,3.5,5.3
https://example.invalid/demo/01932,Lirquén,Centro Educacional Alborada,,CESFAM Penco,Provisiones Eugenio,,3902,256,695,1044,612,,0.73,3.5,30,demo,9.5,8.2,7.2,7.7
